# Blender 4.2.0
# www.blender.org
mtllib car2.mtl
o topaz001
v 1.565097 0.184580 -0.000000
v 1.031905 0.253415 -0.000000
v -0.431980 0.130036 -0.000000
v 1.542563 0.189046 0.433223
v -0.368328 0.335902 0.491646
v 0.583287 0.158946 0.452827
v -0.701058 0.329990 0.483797
v -0.945857 0.153698 0.394428
v -0.300781 0.200616 0.465456
v -0.322444 0.276312 0.492575
v -0.353244 0.302303 0.317959
v -0.631421 0.378133 0.491890
v -0.751864 0.187878 0.457328
v 0.757090 0.162027 0.467382
v 0.786021 0.260401 0.499504
v 0.789942 0.273831 0.505490
v 0.759478 0.278536 0.417101
v 1.081799 0.369269 0.514361
v 1.134902 0.339926 0.509922
v 1.180593 0.310075 0.514534
v 1.143885 0.303764 0.371730
v 1.208453 0.170054 0.457660
v 1.267531 0.229638 0.371498
v 1.070363 0.337669 0.354489
v 1.031905 0.253415 0.298158
v 1.183653 0.253604 0.321046
v 0.931648 0.381417 0.346615
v 0.821078 0.363155 0.404548
v 0.864651 0.301906 0.371880
v 0.888918 0.212793 0.315914
v 0.749235 0.156235 0.405497
v 0.784823 0.147903 0.376377
v -0.737827 0.308975 0.311889
v -0.650552 0.365979 0.303955
v -0.649753 0.293361 0.297966
v -0.436445 0.387395 0.297181
v -0.438463 0.311717 0.284121
v -0.324910 0.191279 0.314834
v -0.431980 0.130036 0.239022
v -0.319499 0.122712 0.318297
v -0.758260 0.157660 0.444123
v -0.665680 0.111756 0.267154
v -0.880639 0.157944 0.261269
v -0.974050 0.152445 0.195656
v -0.862094 0.114347 0.174132
v -0.858177 0.118705 0.000000
v 0.784823 0.147903 -0.000000
v -0.319499 0.122712 -0.000000
v -0.204511 0.526152 0.445781
v -0.068322 0.521779 0.416007
v -0.185748 0.549510 0.440507
v -0.093487 0.610312 0.411272
v -0.056018 0.555507 0.546235
v -0.029468 0.559515 0.540362
v -0.055168 0.581973 0.546235
v -0.032942 0.585765 0.540362
v -0.127659 0.595244 0.465223
v -0.065305 0.612163 0.438719
v -0.051940 0.531517 0.449910
v -0.159033 0.537218 0.474205
v -0.074579 0.611136 0.525515
v -0.044199 0.613121 0.513474
v -0.177323 0.552598 0.426962
v -0.083935 0.552968 0.539541
v -0.083344 0.576229 0.539163
v -0.111836 0.610878 0.459199
v -0.096235 0.595664 0.526344
v -0.883742 0.158714 -0.000000
v -0.665680 0.111756 0.000000
v 1.397951 0.186364 -0.000000
v -0.766360 0.180028 0.308515
v -0.353244 0.302303 -0.317959
v -0.318988 0.261831 -0.483213
v -0.322444 0.276312 -0.492575
v 0.759478 0.278536 -0.417101
v 0.771110 0.224311 -0.490806
v 1.143885 0.303764 -0.371730
v 1.204004 0.228657 -0.491659
v 1.267531 0.229638 -0.371498
v 1.070363 0.337669 -0.354489
v 1.031905 0.253415 -0.298157
v 1.183653 0.253604 -0.321046
v 0.931648 0.381417 -0.346615
v 0.821078 0.363155 -0.404548
v 0.864651 0.301906 -0.371880
v 0.888918 0.212793 -0.315914
v 0.789942 0.273831 -0.505490
v 0.757090 0.162027 -0.467382
v 0.749235 0.156235 -0.405497
v 0.784823 0.147903 -0.376377
v -0.709536 0.310987 -0.480786
v -0.737827 0.308975 -0.311889
v -0.650552 0.365979 -0.303955
v -0.649753 0.293360 -0.297966
v -0.436445 0.387395 -0.297181
v -0.527793 0.397539 -0.499849
v -0.433605 0.380197 -0.500972
v -0.438463 0.311717 -0.284121
v -0.324910 0.191279 -0.314833
v -0.300781 0.200616 -0.465456
v -0.431980 0.130036 -0.239022
v -0.319499 0.122712 -0.318297
v -0.766360 0.180028 -0.308515
v -0.758260 0.157660 -0.444123
v -0.665680 0.111756 -0.267154
v -0.974050 0.152445 -0.195655
v -0.880639 0.157944 -0.261269
v -0.861162 0.154234 -0.426158
v -0.862094 0.114347 -0.174132
v 0.888918 0.212793 -0.000000
v 0.749235 0.156235 -0.000000
v 1.267531 0.229638 -0.000000
v 1.183653 0.253604 -0.000000
v 1.542563 0.189046 -0.433223
v 1.488418 0.185736 -0.441260
v -0.032942 0.585766 -0.540363
v -0.055168 0.581973 -0.546235
v -0.056018 0.555507 -0.546235
v -0.029468 0.559515 -0.540362
v -0.159033 0.537218 -0.474205
v -0.204511 0.526152 -0.445781
v -0.068322 0.521779 -0.416007
v -0.051940 0.531517 -0.449910
v -0.065305 0.612163 -0.438719
v -0.093487 0.610312 -0.411272
v -0.111836 0.610878 -0.459199
v -0.177323 0.552598 -0.426962
v -0.127659 0.595244 -0.465223
v -0.185748 0.549510 -0.440507
v -0.083935 0.552968 -0.539541
v -0.044199 0.613121 -0.513474
v -0.074579 0.611136 -0.525516
v -0.083344 0.576229 -0.539164
v -0.096235 0.595664 -0.526344
v -0.288114 0.579467 -0.000000
v 1.139563 0.644879 -0.000000
v -0.537058 0.555179 -0.000000
v -0.951571 0.457439 -0.000000
v -0.988664 0.353339 -0.000000
v 1.551735 0.341790 -0.000000
v 1.619156 0.272206 -0.000000
v -1.049135 0.295586 -0.000000
v 0.743325 0.829135 -0.000000
v 0.738575 0.826088 0.173662
v 0.597530 0.829795 0.178302
v 0.412012 0.829156 0.184386
v 0.245375 0.820285 0.197037
v -0.153402 0.633307 0.311578
v -0.164086 0.639405 0.203155
v -0.046261 0.708634 0.186794
v 0.096514 0.796807 0.207936
v 0.063820 0.770649 0.205891
v 0.744452 0.809200 0.305255
v 0.620979 0.815355 0.302362
v 0.428294 0.812651 0.305941
v 0.242357 0.806701 0.305350
v 0.074385 0.760055 0.318066
v -0.010017 0.705849 0.339414
v -0.113280 0.637831 0.377941
v -0.238197 0.588378 0.201231
v -0.253342 0.598760 -0.000000
v -0.275439 0.593904 0.107985
v -0.290161 0.580125 0.167493
v -0.284385 0.589966 0.169267
v -0.259785 0.574421 0.246062
v -0.309611 0.577630 0.306948
v -0.242932 0.568786 0.337351
v -0.224182 0.565793 0.402398
v 0.107269 0.780696 0.323033
v 0.882698 0.793722 0.303066
v 0.877956 0.808843 0.149612
v 0.879104 0.808112 -0.000000
v 1.524795 0.574417 0.125848
v 1.459635 0.582011 0.151530
v 1.457643 0.575183 0.325349
v 1.455846 0.577519 0.391790
v 1.303426 0.590138 0.393491
v 1.214775 0.597252 0.394696
v 1.219824 0.600310 0.325131
v 1.232897 0.603133 0.178935
v 0.908853 0.785056 0.155386
v 0.972788 0.748394 0.172199
v 0.906471 0.773680 0.302386
v 0.887106 0.781145 0.334800
v 0.922334 0.760478 0.331051
v 0.952567 0.751399 0.278652
v 1.138908 0.604213 0.397825
v 1.180788 0.604513 0.319976
v 1.097296 0.616765 0.405720
v 1.126159 0.635975 0.315836
v 1.196258 0.608477 0.197481
v 1.053789 0.684932 0.303321
v 1.022397 0.677207 0.385987
v 1.072576 0.685518 0.182320
v 1.137149 0.643978 0.213821
v -0.227564 0.564597 0.427971
v -0.099882 0.642221 0.401563
v 0.005610 0.713447 0.368935
v 0.095482 0.767962 0.344292
v 0.247824 0.794924 0.330192
v -0.355371 0.566979 0.220233
v -0.405230 0.562063 0.224451
v -0.674119 0.530356 0.215150
v -0.810008 0.508364 0.219782
v -0.541645 0.547886 0.218920
v -0.396059 0.560215 0.243284
v -0.328238 0.563964 0.365852
v -0.914477 0.479783 0.219850
v -0.922616 0.480285 -0.000000
v -0.814076 0.508666 0.240699
v -0.912055 0.480104 0.237581
v -0.678607 0.533855 0.239833
v -0.542231 0.550250 0.238143
v -0.902796 0.476133 0.369587
v -0.825388 0.499695 0.375742
v -0.883659 0.473982 0.402172
v -0.826537 0.490650 0.409500
v -0.680480 0.519938 0.383064
v -0.679764 0.483086 0.444417
v -0.829299 0.466845 0.427446
v -0.675639 0.510054 0.424520
v -0.543068 0.538664 0.380638
v -0.511181 0.534966 0.429883
v -0.482500 0.496937 0.458620
v -0.284419 0.559505 0.408370
v -0.358345 0.556668 0.395714
v -0.283238 0.555888 0.441912
v -0.221726 0.558471 0.444945
v -0.084834 0.641472 0.415267
v 0.023472 0.713212 0.379143
v 0.105581 0.758707 0.357258
v 0.257536 0.785590 0.341806
v -0.246619 0.510609 0.462167
v -0.184779 0.555973 0.448408
v -0.181365 0.528174 0.458622
v 0.421639 0.798919 0.332890
v 0.421367 0.787065 0.343869
v 0.621066 0.801571 0.329607
v 1.458102 0.553213 0.428431
v 1.305369 0.573600 0.431389
v 1.086883 0.593143 0.441745
v 1.154498 0.586389 0.436673
v 0.991029 0.536576 0.466982
v 1.276180 0.536263 0.458543
v 1.429378 0.535553 0.448932
v 0.997320 0.663118 0.414413
v 0.910374 0.570576 0.456439
v 0.903365 0.758349 0.362123
v 0.840914 0.674699 0.413963
v -0.086402 0.622519 0.424219
v 1.506950 0.530885 0.439824
v 1.508311 0.550135 0.415809
v 1.525419 0.559326 0.316750
v 1.538381 0.518277 0.393636
v 1.541787 0.528643 0.311705
v 1.534764 0.561146 0.118730
v 1.550183 0.532872 0.124253
v 1.529970 0.520487 0.423630
v 1.537443 0.483483 0.433895
v 1.546895 0.479589 0.390873
v 1.542020 0.393940 0.444663
v 1.549631 0.391501 0.393267
v 1.557513 0.479198 0.263967
v 1.560216 0.392424 0.253736
v 1.562957 0.480346 0.106432
v 1.565377 0.391167 0.108185
v 1.529366 0.470068 0.099343
v -0.940325 0.459471 0.233013
v -0.948575 0.459065 0.125961
v -0.976272 0.393203 0.088703
v -0.947978 0.381449 0.170984
v -0.956458 0.362237 0.163806
v -0.966727 0.360295 0.090909
v -0.976692 0.394120 -0.000000
v -0.920289 0.461520 0.367555
v -0.967799 0.393725 0.216605
v -0.940176 0.439627 0.247727
v -0.966642 0.391772 0.225408
v -0.831478 0.454956 0.432775
v -0.876356 0.451891 0.422138
v -0.913139 0.457057 0.399101
v -0.922734 0.440389 0.369810
v -0.951486 0.356513 0.362405
v -0.966665 0.356060 0.225586
v -0.987548 0.353449 0.085069
v -0.982875 0.350606 0.199147
v -0.979416 0.352771 0.216433
v -0.963982 0.348044 0.357460
v -0.947523 0.350301 0.414347
v -0.891429 0.359253 0.440685
v -0.839920 0.368408 0.452233
v -0.678450 0.470709 0.451510
v -0.480679 0.483954 0.465097
v -0.239870 0.498449 0.470530
v -0.253913 0.436360 0.484924
v 0.355146 0.532540 0.469999
v 0.356155 0.517679 0.477784
v 0.146159 0.515513 0.475815
v 0.139690 0.524950 0.468809
v -0.081167 0.506214 0.474364
v -0.084781 0.519023 0.465652
v -0.099829 0.431542 0.492341
v 0.339655 0.436250 0.498709
v 0.140016 0.435777 0.496956
v 0.599397 0.533365 0.470427
v 0.603489 0.521676 0.477198
v 0.808985 0.533364 0.471300
v 0.823121 0.523207 0.477452
v 0.593180 0.416615 0.500973
v 0.906243 0.418589 0.510625
v 1.527453 0.396477 0.462763
v 1.519114 0.486142 0.451845
v 1.513663 0.519242 0.442028
v 1.475856 0.409787 0.473868
v 1.494337 0.508468 0.452202
v 1.435810 0.529601 0.452226
v 1.281299 0.528806 0.463115
v 1.375863 0.412121 0.486426
v 1.139563 0.414568 0.503815
v 0.993462 0.525668 0.473334
v 1.005188 0.421926 0.511488
v 1.391540 0.346907 0.486367
v 1.204101 0.346445 0.501602
v 1.550017 0.365980 0.094533
v 1.562067 0.348654 0.111358
v 1.555391 0.348835 0.255488
v 1.546545 0.347491 0.395846
v 1.538819 0.347485 0.445933
v 1.526533 0.347535 0.462999
v 1.470155 0.347474 0.477650
v 1.520912 0.325921 0.474921
v 1.522987 0.335259 0.461817
v 1.537803 0.335639 0.438924
v 1.587321 0.322273 0.457118
v 1.598944 0.319490 0.409559
v 1.545663 0.336433 0.380548
v 1.607842 0.318835 0.253398
v 1.551351 0.337420 0.240799
v 1.610381 0.318130 0.112887
v 1.554346 0.336351 0.100325
v 1.610506 0.318844 -0.000000
v 1.619120 0.299599 0.110341
v 1.616466 0.300222 0.249777
v 1.607600 0.303191 0.406330
v 1.600510 0.302039 0.457835
v 1.574911 0.305654 0.479867
v 1.491581 0.306740 0.490756
v 1.396721 0.308445 0.498819
v 1.405682 0.274812 0.497402
v 1.497260 0.273820 0.488517
v 1.426875 0.229556 0.479203
v 1.521743 0.230870 0.469858
v 1.577455 0.275245 0.479388
v 1.576453 0.231280 0.462399
v 1.603822 0.274439 0.447748
v 1.608225 0.274189 0.387424
v 1.599760 0.235665 0.375103
v 1.618307 0.273533 0.234514
v 1.609237 0.232235 0.167444
v 1.609648 0.232715 -0.000000
v 1.620104 0.272155 0.101426
v -0.255237 0.332960 0.489876
v -0.090692 0.338324 0.499219
v 0.168578 0.337234 0.504673
v 0.330470 0.337353 0.504118
v 0.573925 0.334513 0.504368
v 0.796372 0.340345 0.508265
v 0.788502 0.315325 0.508582
v 0.585212 0.311901 0.508576
v 0.352511 0.280113 0.507713
v 0.182337 0.278216 0.506184
v 0.185552 0.312841 0.507484
v 0.352412 0.312935 0.508216
v 0.582161 0.274408 0.506444
v -0.072000 0.307548 0.503563
v -0.078910 0.276464 0.500463
v -0.230518 0.307816 0.496539
v -0.228636 0.277206 0.495551
v 0.747921 0.275106 0.507149
v -0.215895 0.261367 0.487259
v -0.072197 0.263271 0.492532
v 0.198729 0.262603 0.498044
v -0.058594 0.211421 0.477915
v 0.302594 0.219666 0.486005
v 0.366126 0.263550 0.498536
v 0.587269 0.260571 0.500324
v 0.592923 0.220911 0.489431
v -0.955294 0.329484 0.413272
v -0.901154 0.328779 0.446148
v -0.940512 0.320276 0.438417
v -1.000534 0.312962 0.420075
v -0.987082 0.332479 0.062811
v -1.034697 0.313982 0.107916
v -1.036083 0.314029 -0.000000
v -0.984779 0.333680 0.191431
v -0.970264 0.330560 0.327555
v -1.025995 0.313472 0.262761
v -0.854012 0.327476 0.458084
v -0.859815 0.306966 0.461058
v -0.916900 0.303039 0.453003
v -0.861177 0.266168 0.462079
v -0.925163 0.266800 0.452649
v -0.853220 0.234640 0.457471
v -1.000495 0.297971 0.431148
v -0.996063 0.265086 0.433953
v -0.973800 0.233767 0.434993
v -1.018934 0.298601 0.401088
v -1.015327 0.261912 0.405706
v -1.006137 0.234466 0.415066
v -1.038064 0.296976 0.240904
v -1.036216 0.263903 0.236515
v -1.047997 0.296215 0.084502
v -1.047396 0.263736 0.071566
v -1.016309 0.235219 0.361842
v -0.991847 0.199729 0.403234
v -1.005398 0.209452 0.356498
v -1.031610 0.236748 0.249926
v -1.043078 0.236108 0.081400
v -0.993247 0.227846 0.354208
v -1.015399 0.229061 0.235752
v -0.991495 0.212057 0.350043
v -1.010101 0.214179 0.240265
v -1.019028 0.208299 0.240802
v -1.000863 0.200222 0.358585
v -1.015283 0.198996 0.240817
v -0.971356 0.187678 0.216541
v -0.845181 0.189125 0.443101
v -0.960790 0.195714 0.422649
v -0.953422 0.185530 0.378641
v -0.939959 0.181419 0.408814
v 0.748979 0.789897 0.337752
v 0.762222 0.766533 0.358148
v 0.141946 0.540834 0.463947
v 0.310019 0.546265 0.464551
v 0.323660 0.558451 0.460119
v 0.311627 0.552633 0.443409
v 0.381531 0.775898 0.349145
v 0.380832 0.764283 0.358541
v 0.362234 0.761526 0.350800
v 0.264763 0.773813 0.351150
v 0.189651 0.766093 0.351900
v 0.045385 0.708711 0.382886
v 0.127802 0.754308 0.361294
v -0.058669 0.540287 0.457163
v 0.341144 0.669599 0.402043
v 0.351263 0.668585 0.414044
v 0.261337 0.757862 0.349104
v 0.185466 0.755062 0.349125
v 0.131064 0.746058 0.354730
v 0.038316 0.696494 0.381450
v -0.085115 0.611770 0.417931
v -0.060927 0.541738 0.441359
v 0.070083 0.659855 0.400759
v 0.165978 0.547006 0.444860
v 0.254430 0.667731 0.400536
v 0.867151 0.548318 0.462887
v 0.877150 0.561561 0.459593
v 0.815188 0.657582 0.421543
v 0.829758 0.612583 0.437302
v 0.803171 0.653345 0.420567
v 0.725709 0.775054 0.356914
v 0.704232 0.786123 0.345319
v 0.709930 0.771686 0.354596
v 0.622867 0.788546 0.343078
v 0.620654 0.778198 0.348432
v 0.435231 0.774824 0.353792
v 0.455041 0.788735 0.342240
v 0.460880 0.776750 0.347859
v 0.444964 0.767618 0.355725
v 0.413596 0.668020 0.413803
v 0.433188 0.667425 0.403150
v 0.403016 0.553825 0.461129
v 0.421625 0.565742 0.441520
v 0.423647 0.542214 0.465025
v 0.432891 0.551811 0.448082
v 0.591935 0.543597 0.465000
v 0.592251 0.553802 0.446371
v 0.794531 0.547985 0.462771
v 0.826290 0.556441 0.453303
v 0.600913 0.661042 0.411045
v 0.454049 0.666631 0.404132
v 0.593357 0.834459 -0.000000
v 0.413617 0.833519 -0.000000
v -0.077626 0.704157 -0.000000
v 0.092445 0.804735 -0.000000
v -0.267922 0.591762 -0.000000
v 1.465073 0.582115 -0.000000
v 1.197851 0.610834 -0.000000
v -0.364404 0.571912 -0.000000
v 1.563452 0.479690 -0.000000
v -0.979745 0.148468 -0.000000
v -0.433605 0.380197 0.500972
v 1.488418 0.185736 0.441260
v 1.397951 0.186364 0.450577
v 1.557155 0.186616 0.352019
v 1.563337 0.186274 0.164271
v -0.055895 0.163730 0.455555
v 0.300503 0.156660 0.448252
v -0.291542 0.158078 0.441819
v -0.318988 0.261831 0.483213
v -0.346684 0.305735 0.492728
v -0.527793 0.397539 0.499849
v -0.709536 0.310987 0.480786
v -0.736868 0.266640 0.478942
v -0.743424 0.235649 0.471080
v 0.771110 0.224311 0.490806
v 0.819230 0.315606 0.508941
v 0.856172 0.339713 0.512181
v 0.915140 0.370158 0.516289
v 1.002894 0.380804 0.517330
v 1.197401 0.276469 0.512517
v 1.204004 0.228657 0.491659
v -0.861162 0.154234 0.426158
v 0.738575 0.826088 -0.173662
v 0.597530 0.829795 -0.178302
v 0.412012 0.829156 -0.184386
v 0.238820 0.825747 -0.000000
v 0.245375 0.820285 -0.197037
v -0.153402 0.633307 -0.311578
v -0.046261 0.708634 -0.186794
v -0.164086 0.639405 -0.203155
v -0.171951 0.643579 -0.000000
v 0.096514 0.796807 -0.207936
v 0.063820 0.770649 -0.205891
v 0.050534 0.769395 -0.000000
v 0.620979 0.815355 -0.302362
v 0.744452 0.809200 -0.305255
v 0.428294 0.812651 -0.305941
v 0.242357 0.806701 -0.305350
v -0.010017 0.705849 -0.339414
v 0.074385 0.760055 -0.318066
v -0.113280 0.637831 -0.377941
v -0.238197 0.588378 -0.201231
v -0.275439 0.593904 -0.107985
v -0.290161 0.580125 -0.167494
v -0.284385 0.589966 -0.169267
v -0.259785 0.574421 -0.246062
v -0.309611 0.577630 -0.306948
v -0.242932 0.568786 -0.337351
v -0.224182 0.565793 -0.402399
v 0.107269 0.780696 -0.323033
v 0.882698 0.793722 -0.303066
v 0.877956 0.808843 -0.149612
v 1.524795 0.574417 -0.125848
v 1.525413 0.570827 -0.000000
v 1.459635 0.582011 -0.151530
v 1.457643 0.575183 -0.325349
v 1.303426 0.590138 -0.393491
v 1.455846 0.577519 -0.391790
v 1.214775 0.597252 -0.394696
v 1.219824 0.600310 -0.325131
v 1.232897 0.603133 -0.178935
v 1.226021 0.602353 -0.000000
v 0.908853 0.785056 -0.155386
v 0.907896 0.787764 -0.000000
v 0.979435 0.750325 -0.000000
v 0.972788 0.748394 -0.172199
v 0.906471 0.773680 -0.302386
v 0.887106 0.781145 -0.334800
v 0.922334 0.760478 -0.331051
v 0.952567 0.751399 -0.278652
v 1.180788 0.604513 -0.319976
v 1.138908 0.604213 -0.397825
v 1.126159 0.635975 -0.315836
v 1.097296 0.616765 -0.405720
v 1.196258 0.608477 -0.197481
v 1.053789 0.684932 -0.303321
v 1.022397 0.677207 -0.385987
v 1.072576 0.685518 -0.182320
v 1.137149 0.643978 -0.213821
v 1.074523 0.691012 -0.000000
v -0.227564 0.564597 -0.427971
v -0.099882 0.642221 -0.401563
v 0.005610 0.713447 -0.368935
v 0.095482 0.767962 -0.344292
v 0.247824 0.794924 -0.330192
v -0.355371 0.566979 -0.220233
v -0.405843 0.569017 -0.000000
v -0.405230 0.562063 -0.224451
v -0.809240 0.512487 -0.000000
v -0.810008 0.508364 -0.219782
v -0.674119 0.530356 -0.215150
v -0.670776 0.538053 -0.000000
v -0.541645 0.547886 -0.218920
v -0.396059 0.560215 -0.243284
v -0.328238 0.563964 -0.365852
v -0.914477 0.479783 -0.219850
v -0.912055 0.480104 -0.237581
v -0.814076 0.508666 -0.240699
v -0.678607 0.533855 -0.239833
v -0.542231 0.550250 -0.238143
v -0.902796 0.476133 -0.369587
v -0.825388 0.499695 -0.375742
v -0.883659 0.473982 -0.402172
v -0.826537 0.490650 -0.409500
v -0.680480 0.519938 -0.383064
v -0.829299 0.466845 -0.427446
v -0.679764 0.483086 -0.444417
v -0.675639 0.510054 -0.424520
v -0.543068 0.538664 -0.380638
v -0.511181 0.534966 -0.429883
v -0.482500 0.496937 -0.458620
v -0.284419 0.559505 -0.408370
v -0.358345 0.556668 -0.395714
v -0.283238 0.555888 -0.441912
v -0.221726 0.558471 -0.444945
v -0.084834 0.641472 -0.415268
v 0.023472 0.713212 -0.379143
v 0.105581 0.758707 -0.357258
v 0.257536 0.785590 -0.341806
v -0.246619 0.510609 -0.462167
v -0.181365 0.528174 -0.458622
v -0.184779 0.555973 -0.448408
v 0.421639 0.798919 -0.332890
v 0.421367 0.787065 -0.343869
v 0.621066 0.801571 -0.329607
v 1.305369 0.573600 -0.431389
v 1.458102 0.553213 -0.428431
v 1.086883 0.593143 -0.441745
v 1.154498 0.586389 -0.436673
v 0.991029 0.536576 -0.466982
v 1.276180 0.536263 -0.458543
v 1.429378 0.535553 -0.448932
v 0.997320 0.663119 -0.414413
v 0.910374 0.570576 -0.456440
v 0.903365 0.758349 -0.362123
v 0.840914 0.674699 -0.413964
v -0.086402 0.622519 -0.424219
v 1.506950 0.530885 -0.439824
v 1.508311 0.550135 -0.415809
v 1.525419 0.559326 -0.316750
v 1.538381 0.518277 -0.393636
v 1.541787 0.528642 -0.311705
v 1.534764 0.561146 -0.118730
v 1.550183 0.532872 -0.124253
v 1.537467 0.558962 -0.000000
v 1.550670 0.533780 -0.000000
v 1.529970 0.520487 -0.423630
v 1.537443 0.483483 -0.433895
v 1.546895 0.479589 -0.390873
v 1.542020 0.393939 -0.444663
v 1.549631 0.391501 -0.393267
v 1.557513 0.479198 -0.263967
v 1.560216 0.392424 -0.253736
v 1.562957 0.480346 -0.106432
v 1.565377 0.391167 -0.108185
v 1.529366 0.470068 -0.099343
v 1.528659 0.469758 -0.000000
v -0.948575 0.459065 -0.125961
v -0.940325 0.459471 -0.233013
v -0.956458 0.362237 -0.163806
v -0.947978 0.381449 -0.170984
v -0.976272 0.393203 -0.088703
v -0.966727 0.360295 -0.090909
v -0.970456 0.360148 -0.000000
v -0.920289 0.461520 -0.367555
v -0.967799 0.393725 -0.216605
v -0.940176 0.439627 -0.247727
v -0.966642 0.391772 -0.225408
v -0.876356 0.451891 -0.422138
v -0.831478 0.454956 -0.432775
v -0.913139 0.457057 -0.399102
v -0.922734 0.440389 -0.369810
v -0.966665 0.356060 -0.225586
v -0.951486 0.356513 -0.362406
v -0.987548 0.353449 -0.085069
v -0.982875 0.350606 -0.199147
v -0.979416 0.352771 -0.216433
v -0.963982 0.348043 -0.357461
v -0.947523 0.350301 -0.414348
v -0.891429 0.359253 -0.440685
v -0.839920 0.368408 -0.452233
v -0.678450 0.470708 -0.451510
v -0.480679 0.483954 -0.465097
v -0.239870 0.498449 -0.470530
v -0.253913 0.436360 -0.484924
v 0.146159 0.515513 -0.475815
v 0.356155 0.517679 -0.477784
v 0.355146 0.532540 -0.469999
v 0.139690 0.524950 -0.468809
v -0.081167 0.506214 -0.474364
v -0.084781 0.519023 -0.465652
v -0.099829 0.431542 -0.492341
v 0.339655 0.436250 -0.498709
v 0.140016 0.435777 -0.496956
v 0.599397 0.533365 -0.470427
v 0.603489 0.521676 -0.477198
v 0.808985 0.533364 -0.471300
v 0.823121 0.523207 -0.477453
v 0.593180 0.416615 -0.500973
v 0.906243 0.418589 -0.510625
v 1.527453 0.396477 -0.462763
v 1.519114 0.486142 -0.451845
v 1.513663 0.519242 -0.442028
v 1.475856 0.409787 -0.473868
v 1.494337 0.508468 -0.452202
v 1.435810 0.529601 -0.452226
v 1.281299 0.528805 -0.463115
v 1.375863 0.412121 -0.486426
v 1.139563 0.414568 -0.503815
v 0.993462 0.525668 -0.473334
v 1.005188 0.421926 -0.511488
v 1.204101 0.346445 -0.501602
v 1.391540 0.346907 -0.486367
v 1.550017 0.365980 -0.094533
v 1.548574 0.367498 -0.000000
v 1.562067 0.348654 -0.111358
v 1.555391 0.348835 -0.255488
v 1.546545 0.347491 -0.395846
v 1.538819 0.347485 -0.445933
v 1.526533 0.347535 -0.462999
v 1.470155 0.347474 -0.477650
v 1.520912 0.325920 -0.474921
v 1.522987 0.335259 -0.461817
v 1.537803 0.335638 -0.438924
v 1.587321 0.322273 -0.457118
v 1.598944 0.319490 -0.409559
v 1.545663 0.336433 -0.380548
v 1.607842 0.318835 -0.253398
v 1.551351 0.337420 -0.240799
v 1.610381 0.318130 -0.112887
v 1.554346 0.336351 -0.100325
v 1.619120 0.299599 -0.110341
v 1.619524 0.298513 -0.000000
v 1.616466 0.300222 -0.249777
v 1.607600 0.303191 -0.406330
v 1.600510 0.302039 -0.457835
v 1.574911 0.305654 -0.479867
v 1.491581 0.306740 -0.490756
v 1.396721 0.308445 -0.498819
v 1.405682 0.274812 -0.497402
v 1.497260 0.273820 -0.488517
v 1.426875 0.229556 -0.479203
v 1.521743 0.230870 -0.469858
v 1.397951 0.186364 -0.450577
v 1.577455 0.275245 -0.479388
v 1.576453 0.231280 -0.462399
v 1.603822 0.274439 -0.447748
v 1.608225 0.274189 -0.387424
v 1.599760 0.235665 -0.375103
v 1.557155 0.186616 -0.352019
v 1.618307 0.273533 -0.234514
v 1.609237 0.232235 -0.167444
v 1.563337 0.186274 -0.164271
v 1.620104 0.272155 -0.101426
v -0.255237 0.332960 -0.489876
v -0.368328 0.335902 -0.491646
v -0.090692 0.338324 -0.499219
v 0.168578 0.337233 -0.504673
v 0.330470 0.337353 -0.504118
v 0.573925 0.334513 -0.504368
v 0.796372 0.340345 -0.508265
v 0.585212 0.311901 -0.508576
v 0.788502 0.315325 -0.508582
v 0.185552 0.312841 -0.507484
v 0.182337 0.278216 -0.506184
v 0.352511 0.280113 -0.507713
v 0.352412 0.312935 -0.508216
v 0.582161 0.274408 -0.506444
v -0.072000 0.307548 -0.503563
v -0.078910 0.276464 -0.500463
v -0.230518 0.307816 -0.496539
v -0.228636 0.277206 -0.495551
v 0.747921 0.275105 -0.507149
v -0.215895 0.261367 -0.487259
v -0.072197 0.263271 -0.492532
v 0.198729 0.262603 -0.498044
v 0.302594 0.219666 -0.486005
v -0.058594 0.211421 -0.477915
v -0.055895 0.163730 -0.455555
v 0.300503 0.156660 -0.448252
v 0.366126 0.263550 -0.498536
v 0.587269 0.260571 -0.500324
v 0.592923 0.220911 -0.489431
v 0.583287 0.158946 -0.452827
v -0.955294 0.329484 -0.413272
v -0.940512 0.320276 -0.438417
v -0.901154 0.328779 -0.446148
v -1.000534 0.312962 -0.420075
v -0.987082 0.332479 -0.062811
v -0.988955 0.330202 -0.000000
v -1.034697 0.313982 -0.107916
v -0.984779 0.333680 -0.191431
v -0.970264 0.330560 -0.327555
v -1.025995 0.313472 -0.262761
v -0.854012 0.327476 -0.458084
v -0.701058 0.329990 -0.483797
v -0.859815 0.306965 -0.461058
v -0.916900 0.303039 -0.453003
v -0.861177 0.266167 -0.462079
v -0.925163 0.266800 -0.452649
v -0.853220 0.234640 -0.457471
v -1.000495 0.297971 -0.431148
v -0.996063 0.265086 -0.433953
v -0.973800 0.233767 -0.434993
v -1.018934 0.298601 -0.401088
v -1.015327 0.261912 -0.405706
v -1.006137 0.234466 -0.415066
v -1.038064 0.296976 -0.240904
v -1.036216 0.263903 -0.236515
v -1.047997 0.296215 -0.084502
v -1.047396 0.263736 -0.071566
v -1.046298 0.261307 -0.000000
v -1.016309 0.235219 -0.361842
v -0.991847 0.199729 -0.403234
v -1.005398 0.209452 -0.356498
v -1.031610 0.236748 -0.249926
v -1.042797 0.235562 -0.000000
v -1.043078 0.236108 -0.081400
v -0.993247 0.227846 -0.354208
v -1.015399 0.229061 -0.235752
v -0.991495 0.212057 -0.350043
v -1.010101 0.214179 -0.240265
v -1.020603 0.216480 -0.000000
v -1.029248 0.208333 -0.000000
v -1.019028 0.208299 -0.240802
v -1.024488 0.228734 -0.000000
v -1.000863 0.200222 -0.358585
v -1.015283 0.198996 -0.240817
v -1.024136 0.198828 -0.000000
v -0.975938 0.184491 -0.000000
v -0.971356 0.187678 -0.216541
v -0.960790 0.195714 -0.422649
v -0.845181 0.189125 -0.443101
v -0.953422 0.185530 -0.378641
v -0.945857 0.153698 -0.394428
v -0.939959 0.181419 -0.408814
v 0.748979 0.789897 -0.337752
v 0.762222 0.766533 -0.358148
v -0.291542 0.158078 -0.441819
v -0.346684 0.305735 -0.492728
v -0.631421 0.378133 -0.491890
v -0.736868 0.266640 -0.478942
v -0.743424 0.235649 -0.471080
v -0.751864 0.187878 -0.457328
v 0.786021 0.260401 -0.499504
v 0.819230 0.315606 -0.508941
v 0.856172 0.339713 -0.512181
v 0.915140 0.370158 -0.516289
v 1.002894 0.380804 -0.517330
v 1.081799 0.369269 -0.514361
v 1.134902 0.339926 -0.509922
v 1.180593 0.310075 -0.514534
v 1.197401 0.276469 -0.512517
v 1.208453 0.170054 -0.457660
v 0.310019 0.546265 -0.464551
v 0.141946 0.540834 -0.463947
v 0.323660 0.558451 -0.460119
v 0.311627 0.552633 -0.443409
v 0.381531 0.775898 -0.349145
v 0.362234 0.761526 -0.350800
v 0.380832 0.764283 -0.358541
v 0.264763 0.773813 -0.351150
v 0.189651 0.766093 -0.351900
v 0.045385 0.708711 -0.382886
v 0.127802 0.754308 -0.361294
v -0.058669 0.540287 -0.457163
v 0.341144 0.669599 -0.402043
v 0.351263 0.668585 -0.414045
v 0.261337 0.757862 -0.349104
v 0.185466 0.755062 -0.349125
v 0.131064 0.746058 -0.354730
v 0.038316 0.696494 -0.381450
v -0.085115 0.611770 -0.417931
v -0.060927 0.541738 -0.441360
v 0.070083 0.659855 -0.400759
v 0.165978 0.547006 -0.444860
v 0.254430 0.667731 -0.400536
v 0.867151 0.548318 -0.462887
v 0.877150 0.561561 -0.459593
v 0.815188 0.657582 -0.421543
v 0.829758 0.612583 -0.437302
v 0.803171 0.653345 -0.420567
v 0.725709 0.775054 -0.356914
v 0.704232 0.786123 -0.345318
v 0.709930 0.771686 -0.354596
v 0.622867 0.788546 -0.343078
v 0.620654 0.778199 -0.348432
v 0.435231 0.774824 -0.353792
v 0.455041 0.788735 -0.342240
v 0.460880 0.776750 -0.347859
v 0.444964 0.767618 -0.355725
v 0.413596 0.668020 -0.413803
v 0.433188 0.667425 -0.403150
v 0.403016 0.553825 -0.461129
v 0.421625 0.565742 -0.441520
v 0.423647 0.542214 -0.465025
v 0.432891 0.551811 -0.448082
v 0.591935 0.543597 -0.465000
v 0.592251 0.553801 -0.446371
v 0.794531 0.547985 -0.462771
v 0.826290 0.556441 -0.453303
v 0.600913 0.661042 -0.411046
v 0.454049 0.666631 -0.404132
v -0.352033 0.163150 0.383610
v -0.357879 0.225629 0.383145
v -0.384742 0.282340 0.382579
v -0.429381 0.326443 0.381982
v -0.486414 0.352617 0.381426
v -0.548959 0.357706 0.380976
v -0.609475 0.341097 0.380689
v -0.660661 0.304792 0.380598
v -0.696344 0.253170 0.380714
v -0.712220 0.192458 0.381023
v -0.706374 0.129978 0.381489
v -0.679511 0.073267 0.382054
v -0.634871 0.029165 0.382651
v -0.577839 0.002990 0.383207
v -0.515293 -0.002099 0.383657
v -0.454777 0.014511 0.383944
v -0.403591 0.050816 0.384035
v -0.367908 0.102437 0.383919
v -0.352651 0.163787 0.477001
v -0.358498 0.226267 0.476535
v -0.385360 0.282978 0.475970
v -0.430000 0.327080 0.475373
v -0.487032 0.353255 0.474817
v -0.549578 0.358344 0.474367
v -0.610094 0.341735 0.474080
v -0.661280 0.305429 0.473989
v -0.696963 0.253808 0.474105
v -0.712839 0.193096 0.474414
v -0.706992 0.130616 0.474880
v -0.680129 0.073905 0.475445
v -0.635490 0.029803 0.476042
v -0.578458 0.003628 0.476599
v -0.515912 -0.001461 0.477048
v -0.455396 0.015148 0.477335
v -0.404210 0.051454 0.477426
v -0.368527 0.103075 0.477310
v -0.375853 0.165771 0.492052
v -0.380950 0.220236 0.491646
v -0.404367 0.269673 0.491153
v -0.443280 0.308118 0.490633
v -0.492997 0.330935 0.490148
v -0.547520 0.335371 0.489756
v -0.600273 0.320892 0.489505
v -0.644893 0.289244 0.489426
v -0.675999 0.244244 0.489527
v -0.689838 0.191320 0.489797
v -0.684742 0.136855 0.490203
v -0.661325 0.087418 0.490695
v -0.622411 0.048973 0.491216
v -0.572695 0.026156 0.491701
v -0.518172 0.021719 0.492092
v -0.465419 0.036198 0.492343
v -0.420798 0.067847 0.492423
v -0.389693 0.112847 0.492321
v -0.425881 0.169818 0.487888
v -0.429352 0.206918 0.487612
v -0.445303 0.240593 0.487276
v -0.471811 0.266782 0.486922
v -0.505676 0.282324 0.486591
v -0.542816 0.285346 0.486324
v -0.578750 0.275483 0.486154
v -0.609145 0.253925 0.486100
v -0.630333 0.223272 0.486169
v -0.639760 0.187221 0.486352
v -0.636289 0.150121 0.486629
v -0.620338 0.116446 0.486964
v -0.593831 0.090257 0.487319
v -0.559965 0.074715 0.487649
v -0.522825 0.071693 0.487916
v -0.486891 0.081556 0.488087
v -0.456496 0.103114 0.488141
v -0.435308 0.133767 0.488072
v -0.487534 0.174882 0.495054
v -0.489006 0.190611 0.494937
v -0.495768 0.204888 0.494795
v -0.507006 0.215990 0.494644
v -0.521363 0.222579 0.494504
v -0.537109 0.223860 0.494391
v -0.552343 0.219679 0.494319
v -0.565228 0.210539 0.494296
v -0.574211 0.197544 0.494325
v -0.578208 0.182261 0.494403
v -0.576736 0.166532 0.494520
v -0.569974 0.152255 0.494662
v -0.558736 0.141153 0.494813
v -0.544379 0.134564 0.494953
v -0.528633 0.133283 0.495066
v -0.513399 0.137464 0.495138
v -0.500514 0.146603 0.495161
v -0.491531 0.159599 0.495132
v -0.495058 0.175327 0.468370
v -0.496280 0.188384 0.468272
v -0.501894 0.200236 0.468154
v -0.511223 0.209453 0.468029
v -0.523141 0.214923 0.467913
v -0.536212 0.215986 0.467819
v -0.548859 0.212515 0.467759
v -0.559556 0.204928 0.467740
v -0.567013 0.194140 0.467764
v -0.570331 0.181452 0.467829
v -0.569109 0.168395 0.467926
v -0.563495 0.156543 0.468044
v -0.554166 0.147327 0.468169
v -0.542248 0.141857 0.468286
v -0.529177 0.140793 0.468379
v -0.516530 0.144264 0.468439
v -0.505833 0.151851 0.468458
v -0.498376 0.162639 0.468434
v 1.066764 0.338927 0.380316
v 1.006235 0.355487 0.380042
v 0.943692 0.350346 0.380007
v 0.886678 0.324126 0.380214
v 0.842071 0.279989 0.380638
v 0.815250 0.223258 0.381229
v 0.809451 0.160776 0.381914
v 0.825374 0.100079 0.382612
v 0.861096 0.048489 0.383238
v 0.912311 0.012227 0.383716
v 0.972841 -0.004332 0.383989
v 1.035384 0.000808 0.384025
v 1.092397 0.027028 0.383818
v 1.137004 0.071166 0.383393
v 1.163825 0.127897 0.382803
v 1.169624 0.190378 0.382118
v 1.153702 0.251075 0.381420
v 1.117979 0.302666 0.380794
v 0.815112 0.224295 0.474618
v 0.809313 0.161813 0.475304
v 0.841933 0.281026 0.474028
v 0.886540 0.325164 0.473604
v 0.943554 0.351384 0.473396
v 1.006097 0.356524 0.473432
v 1.066626 0.339965 0.473705
v 1.117841 0.303703 0.474184
v 1.153564 0.252113 0.474809
v 1.169486 0.191416 0.475507
v 1.163687 0.128934 0.476192
v 1.136866 0.072203 0.476783
v 1.092259 0.028066 0.477207
v 1.035246 0.001845 0.477414
v 0.972703 -0.003295 0.477379
v 0.912173 0.013264 0.477106
v 0.860958 0.049526 0.476627
v 0.825236 0.101117 0.476001
v 1.025834 0.166566 0.467962
v 1.020229 0.154710 0.468085
v 1.010907 0.145486 0.468174
v 0.998992 0.140006 0.468217
v 0.985921 0.138932 0.468210
v 0.973272 0.142393 0.468153
v 0.962569 0.149971 0.468053
v 0.955104 0.160752 0.467922
v 0.951776 0.173437 0.467776
v 0.952988 0.186494 0.467633
v 0.958593 0.198350 0.467509
v 0.967915 0.207574 0.467421
v 0.979830 0.213054 0.467377
v 0.992900 0.214128 0.467385
v 1.005550 0.210667 0.467442
v 1.016253 0.203089 0.467542
v 1.023718 0.192308 0.467673
v 1.027046 0.179623 0.467819
v 0.837446 0.218348 0.489936
v 0.832391 0.163881 0.490533
v 0.860827 0.267802 0.489421
v 0.899712 0.306278 0.489051
v 0.949412 0.329134 0.488871
v 1.003933 0.333616 0.488901
v 1.056698 0.319180 0.489140
v 1.101343 0.287570 0.489557
v 1.132483 0.242597 0.490102
v 1.146363 0.189686 0.490710
v 1.141308 0.135219 0.491308
v 1.117928 0.085765 0.491823
v 1.079043 0.047289 0.492192
v 1.029343 0.024433 0.492373
v 0.974822 0.019952 0.492342
v 0.922057 0.034387 0.492104
v 0.877412 0.065997 0.491687
v 0.846271 0.110970 0.491141
v 0.885891 0.205054 0.486350
v 0.882447 0.167952 0.486757
v 0.901817 0.238741 0.486000
v 0.928305 0.264950 0.485748
v 0.962160 0.280519 0.485625
v 0.999298 0.283572 0.485646
v 1.035240 0.273739 0.485808
v 1.065651 0.252207 0.486092
v 1.086864 0.221572 0.486464
v 1.096318 0.185530 0.486878
v 1.092875 0.148428 0.487285
v 1.076949 0.114742 0.487636
v 1.050461 0.088533 0.487888
v 1.016606 0.072963 0.488011
v 0.979468 0.069911 0.487990
v 0.943526 0.079744 0.487827
v 0.913114 0.101276 0.487543
v 0.891902 0.131910 0.487172
v 0.945497 0.188829 0.494228
v 0.944037 0.173100 0.494400
v 0.952248 0.203110 0.494079
v 0.963478 0.214222 0.493972
v 0.977830 0.220822 0.493920
v 0.993575 0.222116 0.493929
v 1.008813 0.217948 0.493998
v 1.021706 0.208819 0.494118
v 1.030698 0.195832 0.494276
v 1.034706 0.180552 0.494451
v 1.033247 0.164823 0.494624
v 1.026495 0.150541 0.494773
v 1.015265 0.139430 0.494879
v 1.000913 0.132829 0.494932
v 0.985168 0.131535 0.494923
v 0.969931 0.135704 0.494854
v 0.957038 0.144833 0.494734
v 0.948045 0.157820 0.494576
v -0.609475 0.341097 -0.380689
v -0.548959 0.357706 -0.380976
v -0.486414 0.352617 -0.381426
v -0.429381 0.326443 -0.381982
v -0.384742 0.282340 -0.382579
v -0.357879 0.225629 -0.383145
v -0.352033 0.163150 -0.383610
v -0.367908 0.102437 -0.383919
v -0.403591 0.050816 -0.384035
v -0.454777 0.014511 -0.383944
v -0.515293 -0.002099 -0.383657
v -0.577839 0.002990 -0.383207
v -0.634871 0.029165 -0.382651
v -0.679511 0.073267 -0.382054
v -0.706374 0.129978 -0.381489
v -0.712220 0.192458 -0.381023
v -0.696344 0.253170 -0.380714
v -0.660661 0.304792 -0.380598
v -0.358498 0.226267 -0.476535
v -0.352651 0.163787 -0.477001
v -0.385360 0.282978 -0.475970
v -0.430000 0.327080 -0.475373
v -0.487032 0.353255 -0.474817
v -0.549578 0.358344 -0.474367
v -0.610094 0.341735 -0.474080
v -0.661280 0.305429 -0.473989
v -0.696963 0.253808 -0.474105
v -0.712839 0.193096 -0.474414
v -0.706992 0.130616 -0.474880
v -0.680129 0.073905 -0.475445
v -0.635490 0.029803 -0.476042
v -0.578458 0.003628 -0.476599
v -0.515912 -0.001461 -0.477048
v -0.455396 0.015148 -0.477335
v -0.404210 0.051453 -0.477426
v -0.368527 0.103075 -0.477310
v -0.569109 0.168395 -0.467926
v -0.563495 0.156543 -0.468044
v -0.554166 0.147327 -0.468169
v -0.542248 0.141857 -0.468286
v -0.529177 0.140793 -0.468379
v -0.516530 0.144264 -0.468439
v -0.505833 0.151851 -0.468458
v -0.498376 0.162639 -0.468434
v -0.495058 0.175327 -0.468370
v -0.496280 0.188384 -0.468272
v -0.501894 0.200236 -0.468154
v -0.511223 0.209453 -0.468029
v -0.523141 0.214922 -0.467913
v -0.536212 0.215986 -0.467819
v -0.548859 0.212515 -0.467759
v -0.559556 0.204928 -0.467740
v -0.567013 0.194140 -0.467764
v -0.570331 0.181452 -0.467829
v -0.380950 0.220236 -0.491646
v -0.375853 0.165771 -0.492052
v -0.404367 0.269673 -0.491153
v -0.443280 0.308118 -0.490633
v -0.492997 0.330935 -0.490148
v -0.547520 0.335371 -0.489756
v -0.600273 0.320892 -0.489505
v -0.644893 0.289244 -0.489426
v -0.675999 0.244244 -0.489527
v -0.689838 0.191320 -0.489797
v -0.684742 0.136855 -0.490203
v -0.661325 0.087418 -0.490695
v -0.622411 0.048973 -0.491216
v -0.572695 0.026156 -0.491701
v -0.518172 0.021719 -0.492092
v -0.465419 0.036198 -0.492343
v -0.420798 0.067847 -0.492423
v -0.389693 0.112847 -0.492321
v -0.429352 0.206918 -0.487612
v -0.425881 0.169818 -0.487888
v -0.445303 0.240593 -0.487276
v -0.471811 0.266782 -0.486922
v -0.505676 0.282324 -0.486591
v -0.542816 0.285346 -0.486324
v -0.578750 0.275483 -0.486154
v -0.609145 0.253925 -0.486100
v -0.630333 0.223272 -0.486169
v -0.639760 0.187221 -0.486352
v -0.636289 0.150121 -0.486629
v -0.620338 0.116446 -0.486964
v -0.593831 0.090257 -0.487319
v -0.559965 0.074715 -0.487649
v -0.522825 0.071693 -0.487916
v -0.486891 0.081556 -0.488087
v -0.456496 0.103114 -0.488141
v -0.435308 0.133767 -0.488072
v -0.489006 0.190611 -0.494937
v -0.487534 0.174882 -0.495054
v -0.495768 0.204887 -0.494795
v -0.507006 0.215990 -0.494644
v -0.521363 0.222579 -0.494504
v -0.537109 0.223860 -0.494391
v -0.552343 0.219679 -0.494319
v -0.565228 0.210539 -0.494296
v -0.574211 0.197544 -0.494325
v -0.578208 0.182260 -0.494403
v -0.576736 0.166532 -0.494520
v -0.569974 0.152255 -0.494662
v -0.558736 0.141153 -0.494813
v -0.544379 0.134564 -0.494953
v -0.528633 0.133283 -0.495066
v -0.513399 0.137464 -0.495138
v -0.500514 0.146603 -0.495161
v -0.491531 0.159599 -0.495132
v 1.066764 0.338927 -0.380316
v 1.117979 0.302666 -0.380794
v 1.153702 0.251075 -0.381420
v 1.169624 0.190378 -0.382118
v 1.163825 0.127897 -0.382803
v 1.137004 0.071166 -0.383393
v 1.092397 0.027028 -0.383818
v 1.035384 0.000808 -0.384025
v 0.972841 -0.004332 -0.383989
v 0.912311 0.012227 -0.383716
v 0.861096 0.048489 -0.383238
v 0.825374 0.100079 -0.382612
v 0.809451 0.160776 -0.381914
v 0.815250 0.223258 -0.381229
v 0.842071 0.279989 -0.380638
v 0.886678 0.324126 -0.380214
v 0.943692 0.350346 -0.380007
v 1.006235 0.355487 -0.380042
v 0.815112 0.224295 -0.474618
v 0.809313 0.161813 -0.475304
v 0.841933 0.281026 -0.474028
v 0.886540 0.325164 -0.473604
v 0.943554 0.351384 -0.473397
v 1.006097 0.356524 -0.473432
v 1.066626 0.339965 -0.473705
v 1.117841 0.303703 -0.474184
v 1.153564 0.252112 -0.474809
v 1.169486 0.191416 -0.475507
v 1.163687 0.128934 -0.476192
v 1.136866 0.072203 -0.476783
v 1.092259 0.028066 -0.477207
v 1.035246 0.001845 -0.477414
v 0.972703 -0.003295 -0.477379
v 0.912173 0.013264 -0.477106
v 0.860958 0.049526 -0.476627
v 0.825236 0.101116 -0.476001
v 1.025834 0.166566 -0.467962
v 1.027046 0.179623 -0.467819
v 1.023718 0.192308 -0.467673
v 1.016253 0.203089 -0.467542
v 1.005550 0.210667 -0.467442
v 0.992900 0.214128 -0.467385
v 0.979830 0.213054 -0.467377
v 0.967915 0.207574 -0.467421
v 0.958593 0.198350 -0.467509
v 0.952988 0.186494 -0.467633
v 0.951776 0.173437 -0.467776
v 0.955104 0.160752 -0.467922
v 0.962569 0.149971 -0.468053
v 0.973272 0.142393 -0.468153
v 0.985921 0.138932 -0.468210
v 0.998992 0.140006 -0.468217
v 1.010907 0.145486 -0.468174
v 1.020229 0.154710 -0.468085
v 0.837446 0.218348 -0.489936
v 0.832391 0.163881 -0.490533
v 0.860827 0.267802 -0.489421
v 0.899712 0.306278 -0.489051
v 0.949412 0.329134 -0.488871
v 1.003933 0.333615 -0.488901
v 1.056698 0.319180 -0.489140
v 1.101343 0.287570 -0.489557
v 1.132483 0.242597 -0.490102
v 1.146363 0.189686 -0.490710
v 1.141308 0.135219 -0.491308
v 1.117928 0.085765 -0.491823
v 1.079043 0.047289 -0.492192
v 1.029343 0.024433 -0.492373
v 0.974822 0.019951 -0.492342
v 0.922057 0.034387 -0.492104
v 0.877412 0.065997 -0.491687
v 0.846271 0.110970 -0.491141
v 0.885891 0.205054 -0.486350
v 0.882447 0.167952 -0.486757
v 0.901817 0.238741 -0.486000
v 0.928305 0.264950 -0.485748
v 0.962160 0.280519 -0.485625
v 0.999298 0.283572 -0.485646
v 1.035240 0.273739 -0.485808
v 1.065651 0.252207 -0.486092
v 1.086864 0.221572 -0.486464
v 1.096318 0.185530 -0.486878
v 1.092875 0.148428 -0.487285
v 1.076949 0.114741 -0.487636
v 1.050461 0.088533 -0.487888
v 1.016606 0.072963 -0.488011
v 0.979468 0.069911 -0.487990
v 0.943526 0.079744 -0.487827
v 0.913114 0.101276 -0.487543
v 0.891902 0.131910 -0.487172
v 0.945497 0.188829 -0.494228
v 0.944037 0.173100 -0.494400
v 0.952248 0.203110 -0.494079
v 0.963478 0.214221 -0.493972
v 0.977830 0.220822 -0.493920
v 0.993575 0.222116 -0.493929
v 1.008813 0.217948 -0.493998
v 1.021706 0.208819 -0.494118
v 1.030698 0.195832 -0.494276
v 1.034706 0.180552 -0.494451
v 1.033247 0.164823 -0.494624
v 1.026495 0.150541 -0.494773
v 1.015265 0.139430 -0.494879
v 1.000913 0.132829 -0.494932
v 0.985168 0.131535 -0.494923
v 0.969931 0.135704 -0.494854
v 0.957038 0.144832 -0.494734
v 0.948045 0.157820 -0.494576
vn -0.8253 -0.5620 0.0546
vn -0.7423 -0.4468 0.4994
vn -0.8995 -0.4239 0.1058
vn -0.8373 -0.5427 0.0669
vn 0.8770 -0.3565 0.3221
vn 0.9198 -0.1966 -0.3395
vn 0.9527 -0.1745 -0.2489
vn -0.5232 -0.7650 0.3754
vn -0.8963 -0.3496 0.2729
vn -0.7442 -0.6309 0.2192
vn -0.8772 -0.4744 -0.0743
vn -0.6949 -0.7005 -0.1626
vn -0.7124 -0.5891 -0.3814
vn -0.4978 -0.8460 0.1909
vn -0.3492 -0.9203 0.1766
vn -0.2998 -0.7899 0.5350
vn -0.0237 -0.4647 0.8851
vn -0.3838 -0.7337 0.5607
vn -0.1102 -0.9910 0.0755
vn 0.1371 -0.7806 0.6098
vn 0.2211 -0.9662 -0.1324
vn 0.5985 -0.7274 0.3357
vn 0.4369 -0.2092 0.8749
vn 0.4876 -0.8064 -0.3346
vn 0.6787 -0.6680 -0.3052
vn 0.4740 -0.2756 0.8363
vn 0.8604 -0.4107 -0.3019
vn 0.9799 -0.0956 -0.1750
vn 0.8987 -0.1304 0.4186
vn 0.5591 -0.1915 0.8067
vn 0.8848 -0.4435 -0.1429
vn 0.7152 -0.4676 0.5194
vn 0.7267 -0.6836 -0.0671
vn 0.9316 -0.3509 -0.0943
vn 0.9786 -0.1958 -0.0633
vn 0.3056 -0.7142 0.6298
vn 0.3227 -0.9456 0.0419
vn 0.1348 -0.1419 0.9806
vn -0.2779 -0.7452 0.6061
vn 0.0106 -0.9992 0.0379
vn -0.4306 -0.9025 -0.0011
vn -0.7289 -0.6837 0.0361
vn -0.1659 -0.1742 0.9706
vn -0.8038 -0.1869 0.5648
vn -0.9567 -0.2354 0.1712
vn -0.1936 -0.1804 0.9644
vn -0.9636 -0.1652 0.2100
vn -0.8240 -0.0893 0.5595
vn 0.9793 -0.1876 -0.0763
vn 0.7486 -0.2140 0.6275
vn 0.9816 -0.1699 -0.0867
vn 0.1565 -0.1778 0.9716
vn 0.0404 -0.9991 -0.0121
vn 0.0700 -0.9975 0.0007
vn -0.0769 -0.9874 0.1380
vn 0.1067 -0.9920 -0.0668
vn -0.0298 -0.9689 0.2457
vn -0.5159 -0.8457 0.1362
vn -0.0278 -0.9886 0.1479
vn 0.1453 -0.9844 -0.0988
vn 0.0810 -0.9967 -0.0000
vn -0.4804 -0.8771 -0.0000
vn -0.5266 -0.8500 -0.0100
vn 0.1630 -0.9866 -0.0000
vn 0.4051 -0.9143 -0.0000
vn 0.4264 -0.9045 -0.0000
vn 0.0247 -0.9997 -0.0000
vn -0.0992 -0.9951 -0.0000
vn -0.0343 -0.9981 0.0504
vn -0.0168 -0.9999 -0.0000
vn -0.0006 -0.9965 0.0842
vn -0.0026 -1.0000 -0.0000
vn 0.0065 -1.0000 -0.0000
vn -0.1978 -0.9629 -0.1833
vn -0.0962 -0.9882 -0.1193
vn 0.0518 -0.8376 -0.5438
vn 0.0054 -0.9764 0.2159
vn 0.0056 -0.9745 0.2242
vn 0.0059 -0.9794 0.2020
vn 0.0071 -0.9618 0.2738
vn 0.0100 -0.9957 0.0919
vn 0.0280 -0.9996 -0.0000
vn -0.2949 -0.9555 -0.0000
vn -0.1647 -0.9863 -0.0000
vn -0.1381 -0.9904 -0.0000
vn 0.1373 -0.9905 -0.0000
vn 0.1386 -0.9904 -0.0000
vn -0.1596 -0.9872 -0.0000
vn -0.0002 -1.0000 -0.0000
vn -0.0002 -1.0000 0.0027
vn 0.2131 0.3803 0.9000
vn 0.0118 0.3114 0.9502
vn 0.0073 -0.5770 0.8167
vn 0.1787 -0.5941 0.7843
vn -0.4995 -0.4575 0.7356
vn -0.5161 -0.2931 0.8048
vn 0.0257 -0.9556 0.2935
vn 0.0349 -0.9640 0.2638
vn 0.8789 0.1254 -0.4603
vn 0.8829 0.1253 -0.4525
vn 0.7916 0.1239 -0.5984
vn -0.4211 0.9068 0.0205
vn -0.2302 0.9698 -0.0802
vn -0.4468 0.8761 -0.1814
vn -0.5931 0.8017 -0.0745
vn -0.6956 0.6532 0.2990
vn -0.6493 0.6197 0.4409
vn -0.3801 -0.5188 0.7657
vn 0.9542 0.1225 -0.2730
vn -0.1901 0.8273 0.5286
vn 0.0644 0.9250 0.3746
vn -0.4765 0.2531 0.8420
vn -0.6026 0.5020 0.6204
vn -0.8253 -0.5620 -0.0546
vn -0.8373 -0.5427 -0.0669
vn -0.8995 -0.4239 -0.1058
vn -0.7423 -0.4468 -0.4994
vn 0.8770 -0.3565 -0.3221
vn 0.9527 -0.1745 0.2489
vn 0.9198 -0.1966 0.3395
vn -0.5232 -0.7650 -0.3754
vn -0.7442 -0.6309 -0.2192
vn -0.8963 -0.3496 -0.2729
vn -0.8772 -0.4744 0.0743
vn -0.7124 -0.5891 0.3814
vn -0.6949 -0.7005 0.1626
vn -0.4978 -0.8460 -0.1909
vn -0.2998 -0.7899 -0.5350
vn -0.3492 -0.9203 -0.1766
vn -0.0237 -0.4647 -0.8851
vn -0.3838 -0.7337 -0.5607
vn -0.1102 -0.9910 -0.0755
vn 0.1371 -0.7806 -0.6098
vn 0.2211 -0.9662 0.1324
vn 0.5985 -0.7274 -0.3357
vn 0.4369 -0.2092 -0.8749
vn 0.6787 -0.6680 0.3052
vn 0.4876 -0.8064 0.3346
vn 0.4740 -0.2756 -0.8363
vn 0.8604 -0.4107 0.3019
vn 0.8987 -0.1304 -0.4186
vn 0.9799 -0.0956 0.1750
vn 0.5591 -0.1915 -0.8067
vn 0.8848 -0.4435 0.1429
vn 0.7267 -0.6836 0.0671
vn 0.7152 -0.4676 -0.5194
vn 0.9316 -0.3509 0.0943
vn 0.9786 -0.1958 0.0633
vn 0.3056 -0.7142 -0.6298
vn 0.3227 -0.9456 -0.0419
vn 0.1348 -0.1419 -0.9806
vn 0.0106 -0.9992 -0.0379
vn -0.2779 -0.7452 -0.6061
vn -0.4306 -0.9025 0.0011
vn -0.7289 -0.6837 -0.0361
vn -0.1659 -0.1742 -0.9706
vn -0.8038 -0.1869 -0.5648
vn -0.9567 -0.2354 -0.1712
vn -0.1936 -0.1804 -0.9644
vn -0.9636 -0.1652 -0.2100
vn -0.8240 -0.0893 -0.5595
vn 0.7486 -0.2140 -0.6275
vn 0.9793 -0.1876 0.0763
vn 0.9816 -0.1699 0.0867
vn 0.1565 -0.1778 -0.9716
vn 0.0404 -0.9991 0.0121
vn 0.1067 -0.9920 0.0668
vn -0.0769 -0.9874 -0.1380
vn 0.0700 -0.9975 -0.0007
vn -0.0298 -0.9689 -0.2457
vn -0.0278 -0.9886 -0.1479
vn -0.5159 -0.8457 -0.1362
vn 0.1453 -0.9844 0.0988
vn -0.5266 -0.8500 0.0100
vn -0.0343 -0.9981 -0.0504
vn -0.0006 -0.9965 -0.0842
vn -0.1978 -0.9629 0.1833
vn 0.0518 -0.8376 0.5438
vn -0.0962 -0.9882 0.1193
vn 0.0054 -0.9764 -0.2159
vn 0.0059 -0.9794 -0.2020
vn 0.0056 -0.9745 -0.2242
vn 0.0071 -0.9618 -0.2738
vn 0.0100 -0.9957 -0.0919
vn -0.0002 -1.0000 -0.0027
vn 0.2131 0.3803 -0.9000
vn 0.1787 -0.5941 -0.7843
vn 0.0073 -0.5770 -0.8167
vn 0.0118 0.3114 -0.9502
vn -0.4995 -0.4575 -0.7356
vn 0.0349 -0.9640 -0.2638
vn 0.0257 -0.9556 -0.2935
vn -0.5161 -0.2931 -0.8048
vn 0.8789 0.1254 0.4603
vn 0.7916 0.1239 0.5984
vn 0.8829 0.1253 0.4525
vn -0.4211 0.9068 -0.0205
vn -0.5931 0.8017 0.0745
vn -0.4468 0.8761 0.1814
vn -0.2302 0.9698 0.0802
vn -0.6956 0.6532 -0.2990
vn -0.6493 0.6197 -0.4409
vn -0.3801 -0.5188 -0.7657
vn 0.9542 0.1225 0.2730
vn 0.0644 0.9250 -0.3746
vn -0.1901 0.8273 -0.5286
vn -0.6026 0.5020 -0.6204
vn -0.4765 0.2531 -0.8420
vn 0.0135 0.9999 -0.0000
vn 0.0138 0.9973 0.0728
vn 0.0821 0.9944 0.0660
vn 0.0860 0.9963 -0.0000
vn -0.0257 0.9997 -0.0000
vn -0.0245 0.9968 0.0767
vn -0.0988 0.9951 -0.0000
vn -0.0961 0.9919 0.0827
vn -0.5065 0.8486 0.1527
vn -0.4932 0.8657 0.0858
vn -0.5188 0.8519 0.0709
vn -0.4988 0.8667 -0.0000
vn -0.5222 0.8528 -0.0000
vn -0.1477 0.9890 -0.0000
vn -0.1525 0.9845 0.0871
vn -0.6367 0.7711 -0.0000
vn -0.5550 0.8319 -0.0000
vn -0.5551 0.8266 0.0922
vn -0.6111 0.7858 0.0953
vn 0.0187 0.9551 0.2958
vn 0.0738 0.9536 0.2918
vn -0.0177 0.9560 0.2930
vn -0.0891 0.9538 0.2868
vn -0.5039 0.8550 0.1224
vn -0.5339 0.8352 0.1323
vn -0.5081 0.8521 0.1251
vn -0.3032 0.9480 0.0965
vn -0.3047 0.9525 -0.0000
vn -0.3623 0.9321 -0.0000
vn -0.3667 0.9303 0.0013
vn -0.4013 0.9159 -0.0000
vn -0.4217 0.9063 -0.0294
vn -0.3038 0.9524 0.0234
vn -0.1700 0.9769 0.1297
vn -0.1493 0.9842 0.0952
vn -0.2622 0.9526 0.1543
vn -0.3429 0.9342 0.0983
vn -0.1323 0.9347 0.3298
vn -0.5674 0.8066 0.1658
vn 0.1070 0.9532 0.2828
vn 0.1332 0.9897 0.0533
vn 0.1386 0.9904 -0.0000
vn 0.1183 0.9930 -0.0000
vn 0.1325 0.9909 0.0254
vn 0.5049 0.8629 0.0227
vn 0.4818 0.8763 -0.0000
vn 0.1813 0.9826 0.0395
vn 0.0967 0.9950 0.0235
vn 0.2181 0.9756 0.0268
vn 0.0806 0.9955 0.0496
vn 0.0975 0.9947 0.0330
vn 0.0958 0.9953 0.0160
vn 0.0883 0.9961 -0.0000
vn 0.5379 0.8430 -0.0000
vn 0.5942 0.8043 -0.0000
vn 0.6061 0.7948 0.0313
vn 0.5448 0.8376 0.0402
vn 0.5044 0.8618 0.0525
vn 0.5047 0.8633 -0.0000
vn 0.6281 0.7678 0.1265
vn 0.5485 0.8250 0.1364
vn 0.5515 0.8021 0.2291
vn 0.4888 0.8234 0.2883
vn 0.5049 0.8537 0.1276
vn 0.0979 0.9849 0.1425
vn 0.1132 0.9925 0.0463
vn 0.2765 0.9550 0.1077
vn 0.2436 0.9156 0.3200
vn 0.4938 0.8461 0.2009
vn 0.3759 0.8131 0.4444
vn 0.1830 0.9830 0.0140
vn 0.3355 0.9412 0.0386
vn 0.5271 0.8297 0.1837
vn 0.4612 0.7754 0.4313
vn 0.5376 0.8414 0.0546
vn 0.5251 0.8482 0.0687
vn 0.5436 0.8394 -0.0000
vn 0.2089 0.9779 -0.0000
vn 0.3645 0.9312 -0.0000
vn 0.5341 0.8455 -0.0000
vn -0.3102 0.9497 0.0429
vn -0.5265 0.8464 0.0797
vn -0.5167 0.8506 0.0976
vn -0.5278 0.8364 0.1480
vn -0.0678 0.8916 0.4477
vn -0.1126 0.8837 0.4544
vn -0.1399 0.9902 -0.0000
vn -0.2763 0.9611 -0.0025
vn -0.1109 0.9924 0.0531
vn -0.0839 0.9965 -0.0000
vn -0.0943 0.9955 -0.0000
vn -0.0899 0.9950 0.0430
vn -0.1482 0.9877 -0.0500
vn -0.1497 0.9887 -0.0000
vn -0.2196 0.9756 -0.0000
vn -0.2185 0.9754 -0.0287
vn -0.1170 0.9931 -0.0000
vn -0.1110 0.9936 -0.0195
vn -0.1066 0.9919 0.0686
vn -0.0777 0.9840 0.1601
vn -0.4366 0.8997 -0.0000
vn -0.4467 0.8943 0.0236
vn -0.2248 0.9744 -0.0023
vn -0.4464 0.8940 0.0380
vn -0.1474 0.9888 -0.0237
vn -0.1058 0.9944 0.0011
vn -0.4624 0.8699 0.1717
vn -0.2253 0.9624 0.1518
vn -0.3870 0.8839 0.2627
vn -0.2232 0.9439 0.2436
vn -0.1445 0.9772 0.1554
vn -0.1285 0.5250 0.8413
vn -0.1271 0.5852 0.8009
vn -0.2069 0.6017 0.7714
vn -0.2049 0.5302 0.8227
vn -0.1444 0.9640 0.2233
vn -0.1182 0.9844 0.1306
vn -0.1153 0.9779 0.1745
vn -0.0746 0.4903 0.8684
vn -0.0912 0.5354 0.8396
vn -0.0483 0.9919 0.1174
vn -0.1005 0.9873 0.1229
vn -0.1180 0.9874 0.1050
vn -0.0595 0.9903 0.1253
vn -0.0726 0.9892 0.1270
vn -0.0846 0.6870 0.7217
vn -0.1583 0.6468 0.7461
vn -0.2322 0.9204 0.3146
vn -0.1018 0.9741 0.2020
vn -0.2051 0.6471 0.7343
vn -0.3792 0.7951 0.4733
vn -0.1673 0.6357 0.7536
vn -0.3272 0.7684 0.5500
vn -0.1061 0.6537 0.7493
vn -0.1833 0.7542 0.6305
vn -0.0371 0.6668 0.7443
vn -0.0561 0.7527 0.6559
vn -0.0520 0.4568 0.8881
vn -0.0347 0.3610 0.9319
vn -0.0448 0.3824 0.9229
vn -0.0183 0.8949 0.4459
vn -0.0224 0.6573 0.7533
vn -0.0098 0.7049 0.7093
vn 0.0189 0.8838 0.4675
vn 0.1321 0.8578 0.4967
vn 0.0941 0.9002 0.4251
vn 0.0876 0.7680 0.6345
vn 0.1426 0.7676 0.6249
vn 0.2912 0.7892 0.5407
vn 0.1529 0.8934 0.4224
vn 0.0227 0.4503 0.8926
vn 0.0532 0.5374 0.8416
vn 0.0555 0.5289 0.8469
vn 0.0380 0.4022 0.9148
vn 0.0868 0.9211 0.3794
vn 0.0848 0.5923 0.8013
vn 0.3946 0.7263 0.5627
vn 0.0294 0.4176 0.9081
vn 0.0121 0.3552 0.9347
vn 0.4583 0.7934 0.4007
vn 0.0269 0.5679 0.8227
vn 0.0161 0.4616 0.8869
vn 0.2806 0.2389 0.9296
vn 0.3552 0.5737 0.7380
vn 0.4160 0.7183 0.5576
vn 0.6057 0.7902 0.0929
vn 0.5816 0.8051 0.1167
vn 0.9053 0.4074 0.1199
vn 0.9222 0.3776 0.0834
vn 0.8307 0.5563 0.0196
vn 0.9328 0.3592 0.0292
vn 0.8228 0.5683 -0.0000
vn 0.9345 0.3559 -0.0000
vn 0.7206 0.5998 0.3478
vn 0.7733 0.6103 0.1719
vn 0.8759 0.1852 0.4455
vn 0.9835 0.0952 0.1541
vn 0.9512 0.2221 0.2141
vn 0.8613 0.2733 0.4283
vn 0.9094 0.0245 0.4153
vn 0.9929 -0.0181 0.1177
vn 0.9717 0.2237 0.0759
vn 0.9698 0.2384 0.0512
vn 0.9980 -0.0306 0.0550
vn 0.9979 0.0274 0.0588
vn 0.9863 -0.1639 0.0193
vn 0.8642 -0.0057 -0.5032
vn 0.8630 0.0503 -0.5027
vn 0.8648 -0.5020 -0.0000
vn 0.2830 -0.9591 0.0042
vn 0.2830 -0.9591 -0.0000
vn -0.7907 0.6112 0.0348
vn -0.7257 0.6851 0.0634
vn -0.9941 0.0773 0.0761
vn -0.8405 0.5324 0.1007
vn -0.8132 0.5801 -0.0465
vn -0.9461 -0.3015 -0.1181
vn -0.7893 0.6140 -0.0000
vn -0.9969 0.0786 -0.0000
vn -0.8725 0.4886 -0.0000
vn -0.5922 0.7860 0.1774
vn -0.9604 0.2484 -0.1261
vn -0.9259 0.2880 0.2445
vn -0.8317 0.1673 0.5293
vn -0.9473 0.2287 0.2243
vn -0.9469 0.2129 0.2408
vn -0.3377 0.3974 0.8532
vn -0.1966 0.3393 0.9199
vn -0.3320 0.5710 0.7508
vn -0.5533 0.7745 0.3067
vn -0.9618 0.2316 0.1457
vn -0.9747 0.1244 0.1855
vn -0.7264 0.3419 0.5962
vn -0.7962 0.5927 0.1213
vn -0.7561 0.5064 0.4144
vn -0.8145 0.5795 0.0272
vn -0.8218 0.5698 -0.0000
vn -0.8629 0.4646 -0.1991
vn -0.9317 0.2695 0.2436
vn -0.9772 0.1031 0.1857
vn -0.8171 0.5544 0.1579
vn -0.7601 0.2976 0.5776
vn -0.3528 0.2410 0.9041
vn -0.1970 0.2244 0.9544
vn -0.1413 0.3800 0.9141
vn -0.0497 0.4096 0.9109
vn -0.0395 0.3992 0.9160
vn 0.0306 0.2206 0.9749
vn -0.0200 0.1664 0.9859
vn -0.0032 0.4307 0.9025
vn -0.0232 0.4466 0.8944
vn -0.0184 0.3988 0.9168
vn -0.0067 0.3728 0.9279
vn -0.0353 0.4633 0.8855
vn -0.0319 0.4088 0.9121
vn -0.0339 0.1528 0.9877
vn -0.0145 0.1613 0.9868
vn -0.0035 0.1538 0.9881
vn -0.0063 0.3723 0.9281
vn -0.0034 0.4855 0.8742
vn -0.0013 0.5039 0.8638
vn -0.0000 0.3980 0.9174
vn -0.0117 0.1384 0.9903
vn -0.0245 0.1973 0.9800
vn 0.4969 0.2191 0.8397
vn 0.5283 0.0712 0.8461
vn 0.4285 0.5085 0.7469
vn 0.5504 0.3233 0.7698
vn 0.2627 0.2447 0.9333
vn 0.2257 0.0920 0.9698
vn 0.1073 0.4141 0.9039
vn 0.1445 0.3195 0.9365
vn 0.0558 0.4031 0.9135
vn 0.0894 0.1356 0.9867
vn 0.1135 0.1324 0.9847
vn 0.0734 0.1901 0.9790
vn 0.0203 0.4230 0.9059
vn 0.0182 0.2357 0.9716
vn 0.0868 0.0419 0.9953
vn 0.1008 0.0344 0.9943
vn 0.9217 0.0732 -0.3810
vn 0.9866 0.1632 -0.0000
vn 0.9812 0.1931 -0.0000
vn 0.7887 0.1472 -0.5970
vn 0.9494 -0.2235 -0.2205
vn 0.9775 -0.2050 0.0501
vn 0.9818 -0.1505 0.1155
vn 0.8997 -0.1681 0.4028
vn 0.5674 -0.1339 0.8125
vn 0.1186 0.0382 0.9922
vn 0.2647 0.1109 0.9579
vn 0.2868 0.8295 0.4793
vn 0.4792 0.4667 0.7434
vn 0.2542 0.9587 0.1275
vn 0.7867 0.5224 0.3288
vn 0.2822 0.9590 0.0254
vn 0.8679 0.4930 0.0612
vn 0.3062 0.9519 0.0089
vn 0.9171 0.3974 0.0324
vn 0.3215 0.9469 0.0102
vn 0.8188 0.5625 -0.1149
vn 0.3353 0.9421 -0.0000
vn 0.7892 0.6142 -0.0000
vn 0.9732 0.2297 0.0082
vn 0.9762 0.2171 -0.0000
vn 0.9096 0.4155 -0.0000
vn 0.9081 0.4187 0.0087
vn 0.9024 0.4296 0.0323
vn 0.9731 0.2272 0.0382
vn 0.8739 0.4738 0.1084
vn 0.9645 0.2471 0.0934
vn 0.8645 0.2161 0.4538
vn 0.6406 0.5525 0.5333
vn 0.3776 0.2830 0.8817
vn 0.1820 0.5663 0.8038
vn 0.1378 0.2021 0.9696
vn 0.1275 0.3531 0.9269
vn 0.0828 0.3182 0.9444
vn 0.0831 0.1488 0.9854
vn 0.0777 -0.1982 0.9771
vn 0.1056 -0.1914 0.9758
vn 0.0786 -0.4626 0.8831
vn 0.1139 -0.4800 0.8698
vn 0.0998 -0.5939 0.7983
vn 0.0696 -0.5509 0.8316
vn 0.4469 -0.1805 0.8762
vn 0.4560 -0.7177 0.5263
vn 0.5666 -0.5384 0.6238
vn 0.9203 -0.1818 0.3464
vn 0.9809 -0.1687 0.0972
vn 0.7220 -0.6868 0.0837
vn 0.8560 -0.5065 0.1036
vn 0.9924 -0.1164 0.0393
vn 0.8734 -0.4867 0.0196
vn 0.7236 -0.6899 0.0210
vn 0.7208 -0.6931 -0.0000
vn 0.8764 -0.4816 -0.0000
vn 0.9936 -0.1132 0.0053
vn 0.9937 -0.1120 -0.0000
vn -0.0187 0.0959 0.9952
vn 0.0568 0.0170 0.9982
vn -0.0386 0.1030 0.9939
vn -0.0119 0.0961 0.9953
vn -0.0018 0.1033 0.9946
vn -0.0082 0.0933 0.9956
vn -0.0353 0.0321 0.9989
vn -0.0036 0.0400 0.9992
vn -0.0067 -0.0083 0.9999
vn -0.0032 -0.2544 0.9671
vn -0.0013 0.0669 0.9978
vn -0.0091 0.0450 0.9989
vn -0.0131 -0.2767 0.9609
vn -0.0028 -0.2510 0.9680
vn -0.0284 0.0320 0.9991
vn -0.0276 -0.2900 0.9566
vn -0.0383 0.0512 0.9980
vn -0.0332 -0.2871 0.9573
vn 0.0035 -0.2437 0.9698
vn -0.0322 -0.3992 0.9163
vn -0.0244 -0.3974 0.9173
vn -0.0103 -0.3866 0.9222
vn -0.0162 -0.4676 0.8838
vn -0.0045 -0.4938 0.8696
vn -0.0050 -0.3860 0.9225
vn -0.0208 -0.3792 0.9251
vn -0.0081 -0.3653 0.9309
vn -0.0044 -0.3509 0.9364
vn -0.0134 -0.3643 0.9312
vn -0.0196 -0.4751 0.8797
vn -0.2955 0.9038 0.3095
vn -0.2792 0.6642 0.6934
vn -0.2238 0.3959 0.8906
vn -0.8195 0.2231 0.5279
vn -0.3755 0.2343 0.8967
vn -0.5541 0.6923 0.4623
vn -0.9999 -0.0143 -0.0000
vn -0.9997 -0.0073 0.0224
vn -0.3570 0.9341 -0.0005
vn -0.3460 0.9382 -0.0000
vn -0.6065 0.7951 -0.0000
vn -0.6310 0.7754 0.0250
vn -0.9995 0.0151 0.0288
vn -0.9848 0.0947 0.1459
vn -0.9799 0.1534 0.1275
vn -0.3495 0.9348 0.0631
vn -0.6014 0.7953 0.0755
vn -0.3792 0.9250 0.0223
vn -0.2115 0.2162 0.9532
vn -0.1960 0.2408 0.9506
vn -0.2179 0.2070 0.9538
vn -0.1562 0.1133 0.9812
vn -0.1667 0.1541 0.9739
vn -0.2031 -0.0834 0.9756
vn -0.1383 -0.0788 0.9873
vn -0.1488 -0.2545 0.9555
vn -0.5728 0.2138 0.7913
vn -0.5475 -0.1059 0.8301
vn -0.3627 -0.3114 0.8783
vn -0.9249 0.2684 0.2693
vn -0.9138 -0.1476 0.3783
vn -0.7784 -0.3459 0.5239
vn -0.9611 0.2633 0.0833
vn -0.9910 -0.0993 0.0892
vn -0.9606 0.2760 0.0316
vn -0.9951 -0.0963 0.0243
vn -0.9599 0.2803 -0.0000
vn -0.9950 -0.1000 -0.0000
vn -0.9069 -0.4212 -0.0062
vn -0.9773 -0.0744 -0.1984
vn -0.5993 -0.7128 0.3644
vn -0.7856 -0.6129 0.0844
vn -0.7674 -0.6411 -0.0000
vn -0.7772 -0.6286 0.0301
vn -0.7228 -0.6877 0.0686
vn -0.7555 -0.4594 -0.4670
vn -0.8010 0.5210 -0.2949
vn -0.9745 0.2243 -0.0000
vn -0.9620 0.2575 0.0905
vn -0.9389 0.3240 0.1161
vn -0.9584 0.2854 -0.0000
vn -0.7054 -0.7088 -0.0000
vn -0.6590 -0.7434 0.1145
vn -0.6560 -0.7527 0.0550
vn -0.6494 -0.7605 -0.0000
vn -0.7754 -0.6276 0.0691
vn -0.8201 -0.5723 -0.0000
vn -0.3466 -0.6876 0.6380
vn -0.1757 -0.3537 0.9187
vn -0.7481 -0.6403 0.1744
vn -0.8123 -0.1755 0.5561
vn -0.4797 -0.6273 0.6134
vn 0.0665 0.8880 0.4549
vn 0.0867 0.8971 0.4332
vn 0.0356 0.6218 0.7824
vn 0.0418 0.7309 0.6812
vn 0.0538 0.7045 0.7076
vn -0.0356 -0.3655 0.9301
vn -0.0330 -0.4574 0.8887
vn -0.0337 -0.4217 0.9061
vn -0.0319 -0.2243 0.9740
vn -0.0152 0.0839 0.9964
vn -0.0482 0.3723 0.9269
vn -0.1924 0.3269 0.9253
vn -0.1437 0.0471 0.9885
vn -0.1491 0.0530 0.9874
vn -0.1306 -0.0546 0.9899
vn -0.1277 -0.2351 0.9635
vn -0.1373 -0.3240 0.9360
vn -0.0329 -0.4297 0.9024
vn -0.0130 -0.3245 0.9458
vn 0.0115 -0.3529 0.9356
vn 0.0197 -0.2079 0.9780
vn -0.0299 -0.0319 0.9990
vn -0.0788 0.0577 0.9952
vn -0.0548 0.0984 0.9936
vn 0.0202 0.1350 0.9906
vn 0.0825 0.1207 0.9893
vn 0.1171 0.0737 0.9904
vn 0.0780 0.2978 0.9514
vn 0.0803 0.1987 0.9768
vn 0.0882 0.2826 0.9552
vn 0.0677 -0.1678 0.9835
vn 0.0605 -0.4485 0.8917
vn 0.0622 -0.5338 0.8433
vn -0.2562 -0.3500 0.9011
vn -0.1461 -0.3739 0.9159
vn -0.9979 0.0303 0.0571
vn -0.9965 0.0841 -0.0000
vn -0.1366 0.6393 0.7567
vn -0.0240 0.7423 0.6697
vn -0.3432 0.5043 0.7924
vn -0.3575 0.6850 0.6348
vn -0.0816 0.5319 0.8429
vn -0.1970 0.3313 0.9227
vn -0.2234 0.5656 0.7939
vn -0.0091 0.2649 0.9642
vn 0.0460 0.1365 0.9896
vn 0.2309 0.0665 0.9707
vn 0.1707 0.0874 0.9814
vn 0.1558 0.6324 0.7588
vn -0.3489 0.4759 0.8073
vn -0.3484 0.4808 0.8046
vn -0.0045 0.2040 0.9790
vn 0.0699 0.0700 0.9951
vn 0.1825 -0.0056 0.9832
vn 0.2771 0.0231 0.9606
vn 0.7407 0.1986 0.6418
vn 0.5195 0.7047 0.4832
vn -0.0166 0.4097 0.9121
vn -0.0256 0.7412 0.6707
vn -0.0164 0.4227 0.9061
vn -0.0403 0.3946 0.9180
vn -0.0455 0.3119 0.9490
vn -0.0793 0.3793 0.9219
vn -0.1098 0.3475 0.9312
vn -0.1022 0.2925 0.9508
vn -0.0124 0.6446 0.7644
vn -0.0047 0.6632 0.7485
vn -0.1114 0.4575 0.8822
vn 0.0087 0.7294 0.6840
vn -0.0004 0.6157 0.7880
vn -0.0151 0.4701 0.8825
vn 0.0912 0.5331 0.8411
vn 0.0332 0.6062 0.7946
vn 0.0509 0.4571 0.8880
vn 0.1954 0.4338 0.8796
vn 0.2374 0.3930 0.8884
vn 0.2301 0.3759 0.8976
vn 0.1546 0.4316 0.8887
vn 0.2798 0.4203 0.8632
vn 0.0852 0.6045 0.7921
vn 0.0974 0.6638 0.7416
vn -0.0082 0.6918 0.7220
vn -0.0198 0.6298 0.7765
vn -0.0105 0.6823 0.7310
vn -0.0548 0.5276 0.8477
vn -0.0227 0.4017 0.9155
vn -0.0020 0.4007 0.9162
vn 0.0821 0.9944 -0.0660
vn 0.0138 0.9973 -0.0728
vn -0.0245 0.9968 -0.0767
vn -0.0961 0.9919 -0.0827
vn -0.5065 0.8486 -0.1527
vn -0.5188 0.8519 -0.0709
vn -0.4932 0.8657 -0.0858
vn -0.1525 0.9845 -0.0871
vn -0.6111 0.7858 -0.0953
vn -0.5551 0.8266 -0.0922
vn 0.0738 0.9536 -0.2918
vn 0.0187 0.9551 -0.2958
vn -0.0177 0.9560 -0.2930
vn -0.0891 0.9538 -0.2868
vn -0.5339 0.8352 -0.1323
vn -0.5039 0.8550 -0.1224
vn -0.5081 0.8521 -0.1251
vn -0.3032 0.9480 -0.0965
vn -0.3667 0.9303 -0.0013
vn -0.4217 0.9063 0.0294
vn -0.3038 0.9524 -0.0234
vn -0.1700 0.9769 -0.1297
vn -0.1493 0.9842 -0.0952
vn -0.2622 0.9526 -0.1543
vn -0.3429 0.9342 -0.0983
vn -0.1323 0.9347 -0.3298
vn -0.5674 0.8066 -0.1658
vn 0.1070 0.9532 -0.2828
vn 0.1332 0.9897 -0.0533
vn 0.5049 0.8629 -0.0227
vn 0.1325 0.9909 -0.0254
vn 0.1813 0.9826 -0.0395
vn 0.2181 0.9756 -0.0268
vn 0.0967 0.9950 -0.0235
vn 0.0806 0.9955 -0.0496
vn 0.0975 0.9947 -0.0330
vn 0.0958 0.9953 -0.0160
vn 0.5448 0.8376 -0.0402
vn 0.6061 0.7948 -0.0313
vn 0.5044 0.8618 -0.0525
vn 0.6281 0.7678 -0.1265
vn 0.5485 0.8250 -0.1364
vn 0.5515 0.8021 -0.2291
vn 0.4888 0.8234 -0.2883
vn 0.5049 0.8537 -0.1276
vn 0.0979 0.9849 -0.1425
vn 0.2436 0.9156 -0.3200
vn 0.2765 0.9550 -0.1077
vn 0.1132 0.9925 -0.0463
vn 0.3759 0.8131 -0.4444
vn 0.4938 0.8461 -0.2009
vn 0.3355 0.9412 -0.0386
vn 0.1830 0.9830 -0.0140
vn 0.5271 0.8297 -0.1837
vn 0.4612 0.7754 -0.4313
vn 0.5376 0.8414 -0.0546
vn 0.5251 0.8482 -0.0687
vn -0.3102 0.9497 -0.0429
vn -0.5265 0.8464 -0.0797
vn -0.5167 0.8506 -0.0976
vn -0.5278 0.8364 -0.1480
vn -0.0678 0.8916 -0.4477
vn -0.1126 0.8837 -0.4544
vn -0.2763 0.9611 0.0025
vn -0.1109 0.9924 -0.0531
vn -0.0899 0.9950 -0.0430
vn -0.1482 0.9877 0.0500
vn -0.2185 0.9754 0.0287
vn -0.1110 0.9936 0.0195
vn -0.1066 0.9919 -0.0686
vn -0.0777 0.9840 -0.1601
vn -0.4468 0.8943 -0.0236
vn -0.2248 0.9744 0.0023
vn -0.4464 0.8940 -0.0380
vn -0.1474 0.9888 0.0237
vn -0.1058 0.9944 -0.0011
vn -0.4624 0.8699 -0.1717
vn -0.2253 0.9624 -0.1518
vn -0.3870 0.8839 -0.2627
vn -0.2232 0.9439 -0.2436
vn -0.1445 0.9772 -0.1554
vn -0.1285 0.5250 -0.8413
vn -0.2049 0.5302 -0.8227
vn -0.2069 0.6017 -0.7714
vn -0.1271 0.5852 -0.8009
vn -0.1444 0.9640 -0.2233
vn -0.1182 0.9844 -0.1306
vn -0.1153 0.9779 -0.1745
vn -0.0912 0.5354 -0.8396
vn -0.0746 0.4903 -0.8684
vn -0.0483 0.9919 -0.1174
vn -0.1005 0.9873 -0.1229
vn -0.1180 0.9874 -0.1050
vn -0.0595 0.9903 -0.1253
vn -0.0726 0.9892 -0.1270
vn -0.0846 0.6870 -0.7217
vn -0.1018 0.9741 -0.2020
vn -0.2322 0.9204 -0.3146
vn -0.1583 0.6468 -0.7461
vn -0.3792 0.7951 -0.4733
vn -0.2051 0.6471 -0.7343
vn -0.3272 0.7684 -0.5500
vn -0.1673 0.6357 -0.7536
vn -0.1833 0.7542 -0.6305
vn -0.1061 0.6537 -0.7493
vn -0.0561 0.7527 -0.6559
vn -0.0371 0.6668 -0.7443
vn -0.0520 0.4568 -0.8881
vn -0.0448 0.3824 -0.9229
vn -0.0347 0.3610 -0.9319
vn -0.0183 0.8949 -0.4459
vn -0.0098 0.7049 -0.7093
vn -0.0224 0.6573 -0.7533
vn 0.0189 0.8838 -0.4675
vn 0.1321 0.8578 -0.4967
vn 0.1426 0.7676 -0.6249
vn 0.0876 0.7680 -0.6345
vn 0.0941 0.9002 -0.4251
vn 0.2912 0.7892 -0.5407
vn 0.1529 0.8934 -0.4224
vn 0.0227 0.4503 -0.8926
vn 0.0380 0.4022 -0.9148
vn 0.0555 0.5289 -0.8469
vn 0.0532 0.5374 -0.8416
vn 0.0868 0.9211 -0.3794
vn 0.0848 0.5923 -0.8013
vn 0.3946 0.7263 -0.5627
vn 0.0294 0.4176 -0.9081
vn 0.0121 0.3552 -0.9347
vn 0.4583 0.7934 -0.4007
vn 0.0161 0.4616 -0.8869
vn 0.0269 0.5679 -0.8227
vn 0.2806 0.2389 -0.9296
vn 0.3552 0.5737 -0.7380
vn 0.4160 0.7183 -0.5576
vn 0.6057 0.7902 -0.0929
vn 0.5816 0.8051 -0.1167
vn 0.9053 0.4074 -0.1199
vn 0.9222 0.3776 -0.0834
vn 0.8307 0.5563 -0.0196
vn 0.9328 0.3592 -0.0292
vn 0.7733 0.6103 -0.1719
vn 0.7206 0.5998 -0.3478
vn 0.8759 0.1852 -0.4455
vn 0.8613 0.2733 -0.4283
vn 0.9512 0.2221 -0.2141
vn 0.9835 0.0952 -0.1540
vn 0.9094 0.0245 -0.4153
vn 0.9929 -0.0181 -0.1177
vn 0.9717 0.2237 -0.0759
vn 0.9698 0.2384 -0.0512
vn 0.9979 0.0274 -0.0588
vn 0.9980 -0.0306 -0.0550
vn 0.9863 -0.1639 -0.0193
vn 0.8630 0.0503 0.5027
vn 0.8642 -0.0057 0.5032
vn 0.2830 -0.9591 -0.0042
vn -0.7257 0.6850 -0.0634
vn -0.7907 0.6112 -0.0348
vn -0.9941 0.0773 -0.0761
vn -0.9461 -0.3015 0.1181
vn -0.8132 0.5801 0.0465
vn -0.8405 0.5324 -0.1007
vn -0.5922 0.7860 -0.1774
vn -0.9604 0.2484 0.1261
vn -0.9259 0.2880 -0.2445
vn -0.9469 0.2129 -0.2408
vn -0.9473 0.2287 -0.2243
vn -0.8317 0.1673 -0.5293
vn -0.1966 0.3393 -0.9199
vn -0.3377 0.3974 -0.8532
vn -0.3320 0.5710 -0.7508
vn -0.5533 0.7745 -0.3067
vn -0.9747 0.1244 -0.1855
vn -0.9618 0.2316 -0.1457
vn -0.7264 0.3419 -0.5962
vn -0.7962 0.5927 -0.1213
vn -0.7561 0.5064 -0.4144
vn -0.8145 0.5795 -0.0272
vn -0.8629 0.4646 0.1991
vn -0.9317 0.2695 -0.2436
vn -0.9772 0.1031 -0.1857
vn -0.8171 0.5544 -0.1579
vn -0.7601 0.2976 -0.5776
vn -0.3528 0.2410 -0.9041
vn -0.1970 0.2244 -0.9544
vn -0.1413 0.3800 -0.9141
vn -0.0497 0.4096 -0.9109
vn -0.0395 0.3992 -0.9160
vn 0.0306 0.2206 -0.9749
vn -0.0200 0.1664 -0.9859
vn -0.0032 0.4307 -0.9025
vn -0.0067 0.3728 -0.9279
vn -0.0184 0.3988 -0.9168
vn -0.0232 0.4466 -0.8944
vn -0.0319 0.4088 -0.9121
vn -0.0353 0.4633 -0.8855
vn -0.0339 0.1528 -0.9877
vn -0.0035 0.1538 -0.9881
vn -0.0145 0.1613 -0.9868
vn -0.0034 0.4855 -0.8742
vn -0.0063 0.3723 -0.9281
vn -0.0013 0.5039 -0.8638
vn -0.0000 0.3980 -0.9174
vn -0.0117 0.1384 -0.9903
vn -0.0245 0.1973 -0.9800
vn 0.5283 0.0712 -0.8461
vn 0.4969 0.2191 -0.8397
vn 0.4285 0.5085 -0.7469
vn 0.5504 0.3233 -0.7698
vn 0.2257 0.0920 -0.9698
vn 0.2627 0.2447 -0.9333
vn 0.1073 0.4141 -0.9039
vn 0.1445 0.3195 -0.9365
vn 0.0558 0.4031 -0.9135
vn 0.1135 0.1324 -0.9847
vn 0.0894 0.1356 -0.9867
vn 0.0734 0.1901 -0.9790
vn 0.0203 0.4230 -0.9059
vn 0.0182 0.2357 -0.9716
vn 0.1008 0.0344 -0.9943
vn 0.0868 0.0419 -0.9953
vn 0.9217 0.0732 0.3810
vn 0.7887 0.1472 0.5970
vn 0.9494 -0.2235 0.2205
vn 0.9775 -0.2050 -0.0501
vn 0.9818 -0.1505 -0.1155
vn 0.8997 -0.1681 -0.4028
vn 0.5674 -0.1339 -0.8125
vn 0.1186 0.0382 -0.9922
vn 0.2647 0.1109 -0.9579
vn 0.2868 0.8295 -0.4793
vn 0.4792 0.4667 -0.7434
vn 0.7867 0.5224 -0.3288
vn 0.2542 0.9587 -0.1275
vn 0.2822 0.9590 -0.0254
vn 0.8679 0.4930 -0.0612
vn 0.3062 0.9519 -0.0089
vn 0.9171 0.3974 -0.0324
vn 0.3215 0.9469 -0.0102
vn 0.8188 0.5625 0.1149
vn 0.9732 0.2297 -0.0082
vn 0.9081 0.4187 -0.0087
vn 0.9731 0.2272 -0.0382
vn 0.9024 0.4296 -0.0323
vn 0.9645 0.2471 -0.0934
vn 0.8739 0.4738 -0.1084
vn 0.8645 0.2161 -0.4538
vn 0.3776 0.2830 -0.8817
vn 0.6406 0.5525 -0.5333
vn 0.1820 0.5663 -0.8038
vn 0.1378 0.2021 -0.9696
vn 0.1275 0.3531 -0.9269
vn 0.0831 0.1488 -0.9854
vn 0.0828 0.3182 -0.9444
vn 0.0777 -0.1982 -0.9771
vn 0.1056 -0.1914 -0.9758
vn 0.0786 -0.4626 -0.8831
vn 0.1139 -0.4800 -0.8698
vn 0.0998 -0.5939 -0.7983
vn 0.0696 -0.5509 -0.8316
vn 0.4469 -0.1805 -0.8762
vn 0.4560 -0.7177 -0.5263
vn 0.5666 -0.5384 -0.6238
vn 0.9203 -0.1818 -0.3464
vn 0.9809 -0.1687 -0.0972
vn 0.8560 -0.5065 -0.1036
vn 0.7220 -0.6868 -0.0837
vn 0.9924 -0.1164 -0.0393
vn 0.8734 -0.4867 -0.0196
vn 0.7236 -0.6899 -0.0210
vn 0.9936 -0.1132 -0.0053
vn -0.0187 0.0959 -0.9952
vn 0.0568 0.0170 -0.9982
vn -0.0386 0.1030 -0.9939
vn -0.0119 0.0961 -0.9953
vn -0.0018 0.1033 -0.9946
vn -0.0082 0.0933 -0.9956
vn -0.0353 0.0321 -0.9989
vn -0.0067 -0.0083 -0.9999
vn -0.0036 0.0400 -0.9992
vn -0.0032 -0.2544 -0.9671
vn -0.0131 -0.2767 -0.9609
vn -0.0091 0.0450 -0.9989
vn -0.0013 0.0669 -0.9978
vn -0.0028 -0.2510 -0.9680
vn -0.0284 0.0320 -0.9991
vn -0.0276 -0.2900 -0.9566
vn -0.0383 0.0512 -0.9980
vn -0.0332 -0.2871 -0.9573
vn 0.0035 -0.2437 -0.9698
vn -0.0322 -0.3992 -0.9163
vn -0.0244 -0.3974 -0.9173
vn -0.0103 -0.3866 -0.9222
vn -0.0162 -0.4676 -0.8838
vn -0.0208 -0.3792 -0.9251
vn -0.0050 -0.3860 -0.9225
vn -0.0045 -0.4938 -0.8696
vn -0.0081 -0.3653 -0.9309
vn -0.0044 -0.3509 -0.9364
vn -0.0134 -0.3643 -0.9312
vn -0.0196 -0.4751 -0.8797
vn -0.2955 0.9038 -0.3095
vn -0.2238 0.3959 -0.8906
vn -0.2792 0.6642 -0.6934
vn -0.3755 0.2343 -0.8967
vn -0.8195 0.2231 -0.5279
vn -0.5541 0.6923 -0.4623
vn -0.9997 -0.0073 -0.0224
vn -0.3570 0.9341 0.0005
vn -0.6310 0.7754 -0.0250
vn -0.9995 0.0151 -0.0288
vn -0.9848 0.0947 -0.1459
vn -0.9799 0.1534 -0.1275
vn -0.3495 0.9348 -0.0631
vn -0.6014 0.7953 -0.0755
vn -0.3792 0.9250 -0.0223
vn -0.2115 0.2162 -0.9532
vn -0.1960 0.2408 -0.9506
vn -0.1667 0.1541 -0.9739
vn -0.1562 0.1133 -0.9812
vn -0.2179 0.2070 -0.9538
vn -0.1383 -0.0788 -0.9873
vn -0.2031 -0.0834 -0.9756
vn -0.1488 -0.2545 -0.9555
vn -0.5728 0.2138 -0.7913
vn -0.5475 -0.1059 -0.8301
vn -0.3627 -0.3114 -0.8783
vn -0.9249 0.2684 -0.2693
vn -0.9139 -0.1476 -0.3783
vn -0.7784 -0.3459 -0.5239
vn -0.9611 0.2633 -0.0833
vn -0.9910 -0.0993 -0.0892
vn -0.9606 0.2760 -0.0316
vn -0.9951 -0.0963 -0.0243
vn -0.9069 -0.4212 0.0062
vn -0.5993 -0.7128 -0.3644
vn -0.9773 -0.0744 0.1984
vn -0.7856 -0.6129 -0.0844
vn -0.7772 -0.6286 -0.0301
vn -0.7555 -0.4594 0.4670
vn -0.7228 -0.6877 -0.0686
vn -0.8010 0.5210 0.2949
vn -0.9389 0.3240 -0.1161
vn -0.9620 0.2575 -0.0905
vn -0.6590 -0.7434 -0.1145
vn -0.6560 -0.7527 -0.0550
vn -0.7754 -0.6276 -0.0691
vn -0.1757 -0.3537 -0.9187
vn -0.3466 -0.6876 -0.6380
vn -0.7481 -0.6403 -0.1744
vn -0.8123 -0.1755 -0.5561
vn -0.4797 -0.6273 -0.6134
vn 0.0867 0.8971 -0.4332
vn 0.0665 0.8880 -0.4549
vn 0.0356 0.6218 -0.7824
vn 0.0418 0.7309 -0.6812
vn 0.0538 0.7045 -0.7076
vn -0.0356 -0.3655 -0.9301
vn -0.0330 -0.4574 -0.8887
vn -0.0337 -0.4217 -0.9061
vn -0.0319 -0.2243 -0.9740
vn -0.0152 0.0839 -0.9964
vn -0.0482 0.3723 -0.9269
vn -0.1924 0.3269 -0.9253
vn -0.1437 0.0471 -0.9885
vn -0.1491 0.0530 -0.9874
vn -0.1306 -0.0546 -0.9899
vn -0.1277 -0.2351 -0.9635
vn -0.1373 -0.3240 -0.9360
vn -0.0329 -0.4297 -0.9024
vn -0.0130 -0.3245 -0.9458
vn 0.0115 -0.3529 -0.9356
vn 0.0197 -0.2079 -0.9780
vn -0.0299 -0.0319 -0.9990
vn -0.0788 0.0577 -0.9952
vn -0.0548 0.0984 -0.9936
vn 0.0202 0.1350 -0.9906
vn 0.0825 0.1207 -0.9893
vn 0.1171 0.0737 -0.9904
vn 0.0780 0.2978 -0.9514
vn 0.0803 0.1987 -0.9768
vn 0.0882 0.2826 -0.9552
vn 0.0677 -0.1678 -0.9835
vn 0.0605 -0.4485 -0.8917
vn 0.0622 -0.5338 -0.8433
vn -0.1461 -0.3739 -0.9159
vn -0.2562 -0.3500 -0.9011
vn -0.9979 0.0303 -0.0571
vn -0.0240 0.7423 -0.6697
vn -0.1366 0.6393 -0.7567
vn -0.3432 0.5043 -0.7924
vn -0.3575 0.6850 -0.6348
vn -0.0816 0.5319 -0.8429
vn -0.2234 0.5656 -0.7939
vn -0.1970 0.3313 -0.9227
vn -0.0091 0.2649 -0.9642
vn 0.0460 0.1365 -0.9896
vn 0.2309 0.0665 -0.9707
vn 0.1707 0.0874 -0.9814
vn 0.1558 0.6324 -0.7588
vn -0.3484 0.4808 -0.8046
vn -0.3489 0.4759 -0.8073
vn -0.0045 0.2040 -0.9790
vn 0.0699 0.0700 -0.9951
vn 0.1825 -0.0056 -0.9832
vn 0.2771 0.0231 -0.9606
vn 0.7407 0.1986 -0.6418
vn 0.5195 0.7047 -0.4832
vn -0.0166 0.4097 -0.9121
vn -0.0256 0.7412 -0.6707
vn -0.0164 0.4227 -0.9061
vn -0.0403 0.3946 -0.9180
vn -0.0455 0.3119 -0.9490
vn -0.0793 0.3793 -0.9219
vn -0.1022 0.2925 -0.9508
vn -0.1098 0.3475 -0.9312
vn -0.0124 0.6446 -0.7644
vn -0.0047 0.6632 -0.7485
vn -0.1114 0.4575 -0.8822
vn 0.0087 0.7294 -0.6840
vn -0.0004 0.6157 -0.7880
vn -0.0151 0.4701 -0.8825
vn 0.0912 0.5331 -0.8411
vn 0.0332 0.6062 -0.7946
vn 0.0509 0.4571 -0.8880
vn 0.1954 0.4338 -0.8796
vn 0.2374 0.3930 -0.8884
vn 0.2301 0.3759 -0.8976
vn 0.1546 0.4316 -0.8887
vn 0.2798 0.4203 -0.8632
vn 0.0852 0.6045 -0.7921
vn 0.0974 0.6638 -0.7416
vn -0.0082 0.6918 -0.7220
vn -0.0198 0.6298 -0.7765
vn -0.0105 0.6823 -0.7310
vn -0.0548 0.5276 -0.8477
vn -0.0227 0.4017 -0.9155
vn -0.0020 0.4007 -0.9162
vn 0.0066 -0.0068 -1.0000
vn 0.9643 0.2647 0.0046
vn 0.9967 -0.0811 0.0072
vn 0.8157 0.5785 0.0015
vn 0.5686 0.8226 -0.0019
vn 0.2530 0.9675 -0.0049
vn -0.0932 0.9956 -0.0074
vn -0.4281 0.9037 -0.0090
vn -0.7113 0.7028 -0.0095
vn -0.9088 0.4171 -0.0089
vn -0.9967 0.0811 -0.0072
vn -0.9643 -0.2647 -0.0046
vn -0.8157 -0.5785 -0.0015
vn -0.5686 -0.8226 0.0019
vn -0.2530 -0.9675 0.0049
vn 0.0932 -0.9956 0.0074
vn 0.4281 -0.9037 0.0090
vn 0.7113 -0.7028 0.0095
vn 0.9088 -0.4171 0.0089
vn 0.6120 0.1746 0.7713
vn 0.5169 0.3755 0.7693
vn 0.3588 0.5317 0.7672
vn 0.1568 0.6244 0.7652
vn -0.0647 0.6424 0.7637
vn -0.2790 0.5836 0.7626
vn -0.4603 0.4550 0.7623
vn -0.5867 0.2722 0.7627
vn -0.6429 0.0571 0.7638
vn -0.6222 -0.1641 0.7655
vn -0.5271 -0.3650 0.7675
vn -0.3690 -0.5212 0.7696
vn -0.1670 -0.6139 0.7716
vn 0.0545 -0.6319 0.7731
vn 0.2688 -0.5731 0.7742
vn 0.4501 -0.4445 0.7745
vn 0.5765 -0.2617 0.7741
vn 0.6327 -0.0467 0.7730
vn 0.2665 0.0814 0.9604
vn 0.2757 -0.0164 0.9611
vn 0.5415 -0.0388 0.8398
vn 0.5237 0.1510 0.8384
vn 0.2244 0.1702 0.9595
vn 0.4421 0.3232 0.8367
vn 0.1545 0.2393 0.9586
vn 0.3065 0.4572 0.8349
vn 0.0652 0.2803 0.9577
vn 0.1333 0.5367 0.8332
vn -0.0327 0.2883 0.9570
vn -0.0567 0.5521 0.8318
vn -0.1275 0.2622 0.9565
vn -0.2405 0.5017 0.8310
vn -0.2076 0.2054 0.9564
vn -0.3959 0.3914 0.8307
vn -0.2635 0.1246 0.9566
vn -0.5043 0.2346 0.8310
vn -0.2884 0.0295 0.9571
vn -0.5525 0.0502 0.8320
vn -0.2792 -0.0683 0.9578
vn -0.5348 -0.1396 0.8334
vn -0.2371 -0.1571 0.9587
vn -0.4532 -0.3118 0.8351
vn -0.1672 -0.2262 0.9596
vn -0.3176 -0.4458 0.8369
vn -0.0779 -0.2672 0.9605
vn -0.1444 -0.5253 0.8386
vn 0.0200 -0.2752 0.9612
vn 0.0456 -0.5407 0.8400
vn 0.1148 -0.2491 0.9616
vn 0.2294 -0.4903 0.8408
vn 0.1949 -0.1923 0.9618
vn 0.3849 -0.3800 0.8411
vn 0.2508 -0.1115 0.9616
vn 0.4932 -0.2232 0.8408
vn 0.0054 0.0101 0.9999
vn 0.0058 0.0058 1.0000
vn 0.0035 0.0140 0.9999
vn 0.0005 0.0171 0.9999
vn -0.0035 0.0189 0.9998
vn -0.0078 0.0192 0.9998
vn -0.0120 0.0181 0.9998
vn -0.0155 0.0156 0.9998
vn -0.0179 0.0120 0.9998
vn -0.0190 0.0078 0.9998
vn -0.0186 0.0035 0.9998
vn -0.0168 -0.0004 0.9999
vn -0.0137 -0.0034 0.9999
vn -0.0098 -0.0052 0.9999
vn -0.0055 -0.0056 1.0000
vn -0.0013 -0.0044 1.0000
vn 0.0022 -0.0019 1.0000
vn 0.0047 0.0016 1.0000
vn -0.4844 -0.1254 0.8658
vn -0.5005 0.0462 0.8645
vn -0.4106 -0.2812 0.8674
vn -0.2880 -0.4024 0.8690
vn -0.1313 -0.4743 0.8705
vn 0.0405 -0.4883 0.8718
vn 0.2067 -0.4426 0.8725
vn 0.3473 -0.3429 0.8728
vn 0.4454 -0.2011 0.8725
vn 0.4890 -0.0343 0.8716
vn 0.4729 0.1373 0.8704
vn 0.3991 0.2931 0.8688
vn 0.2765 0.4142 0.8672
vn 0.1198 0.4861 0.8656
vn -0.0520 0.5001 0.8644
vn -0.2182 0.4545 0.8636
vn -0.3588 0.3548 0.8634
vn -0.4569 0.2130 0.8637
vn 0.0015 -0.0111 -0.9999
vn -0.9645 0.2639 -0.0044
vn -0.9966 -0.0819 -0.0006
vn -0.8161 0.5778 -0.0076
vn -0.5692 0.8221 -0.0100
vn -0.2537 0.9672 -0.0111
vn 0.0924 0.9957 -0.0109
vn 0.4274 0.9040 -0.0094
vn 0.7108 0.7033 -0.0068
vn 0.9085 0.4178 -0.0033
vn 0.9966 0.0819 0.0006
vn 0.9645 -0.2639 0.0044
vn 0.8161 -0.5778 0.0076
vn 0.5693 -0.8221 0.0100
vn 0.2537 -0.9672 0.0111
vn -0.0924 -0.9957 0.0109
vn -0.4274 -0.9040 0.0094
vn -0.7108 -0.7033 0.0068
vn -0.9085 -0.4178 0.0033
vn -0.6184 0.1774 0.7656
vn -0.6389 -0.0439 0.7680
vn -0.5825 -0.2588 0.7705
vn -0.4560 -0.4416 0.7727
vn -0.2746 -0.5700 0.7744
vn -0.0603 -0.6286 0.7754
vn 0.1612 -0.6104 0.7755
vn 0.3631 -0.5176 0.7748
vn 0.5211 -0.3612 0.7733
vn 0.6161 -0.1603 0.7712
vn 0.6366 0.0610 0.7687
vn 0.5802 0.2759 0.7663
vn 0.4537 0.4586 0.7641
vn 0.2724 0.5870 0.7624
vn 0.0580 0.6457 0.7614
vn -0.1635 0.6275 0.7613
vn -0.3654 0.5346 0.7620
vn -0.5234 0.3783 0.7635
vn -0.2743 0.0853 0.9578
vn -0.5306 0.1541 0.8335
vn -0.5482 -0.0357 0.8356
vn -0.2834 -0.0125 0.9589
vn -0.2323 0.1741 0.9569
vn -0.4491 0.3264 0.8317
vn -0.1625 0.2433 0.9563
vn -0.3137 0.4605 0.8304
vn -0.0732 0.2843 0.9559
vn -0.1405 0.5401 0.8298
vn 0.0247 0.2924 0.9560
vn 0.0495 0.5557 0.8299
vn 0.1195 0.2664 0.9564
vn 0.2333 0.5054 0.8307
vn 0.1997 0.2097 0.9572
vn 0.3889 0.3953 0.8322
vn 0.2556 0.1289 0.9581
vn 0.4974 0.2386 0.8341
vn 0.2806 0.0338 0.9592
vn 0.5457 0.0542 0.8362
vn 0.2715 -0.0640 0.9603
vn 0.5281 -0.1355 0.8383
vn 0.2295 -0.1528 0.9612
vn 0.4467 -0.3078 0.8401
vn 0.1597 -0.2220 0.9619
vn 0.3112 -0.4419 0.8414
vn 0.0704 -0.2630 0.9622
vn 0.1380 -0.5215 0.8420
vn -0.0276 -0.2711 0.9622
vn -0.0519 -0.5372 0.8419
vn -0.1223 -0.2451 0.9617
vn -0.2358 -0.4869 0.8410
vn -0.2025 -0.1884 0.9610
vn -0.3914 -0.3767 0.8396
vn -0.2585 -0.1076 0.9600
vn -0.4999 -0.2200 0.8377
vn -0.0135 0.0144 0.9998
vn -0.0139 0.0101 0.9999
vn -0.0116 0.0183 0.9998
vn -0.0086 0.0213 0.9997
vn -0.0046 0.0231 0.9997
vn -0.0003 0.0235 0.9997
vn 0.0038 0.0224 0.9997
vn 0.0074 0.0199 0.9998
vn 0.0098 0.0163 0.9998
vn 0.0109 0.0121 0.9999
vn 0.0105 0.0078 0.9999
vn 0.0087 0.0039 1.0000
vn 0.0056 0.0009 1.0000
vn 0.0017 -0.0009 1.0000
vn -0.0026 -0.0013 1.0000
vn -0.0068 -0.0002 1.0000
vn -0.0103 0.0023 0.9999
vn -0.0128 0.0059 0.9999
vn 0.4775 -0.1213 0.8702
vn 0.4934 0.0503 0.8683
vn 0.4038 -0.2772 0.8718
vn 0.2813 -0.3984 0.8730
vn 0.1247 -0.4704 0.8736
vn -0.0471 -0.4846 0.8735
vn -0.2134 -0.4391 0.8727
vn -0.3541 -0.3395 0.8714
vn -0.4522 -0.1977 0.8697
vn -0.4960 -0.0310 0.8678
vn -0.4800 0.1406 0.8659
vn -0.4064 0.2965 0.8643
vn -0.2838 0.4177 0.8631
vn -0.1272 0.4897 0.8625
vn 0.0446 0.5038 0.8626
vn 0.2109 0.4584 0.8634
vn 0.3515 0.3587 0.8647
vn 0.4497 0.2170 0.8664
vn 0.0066 -0.0068 1.0000
vn 0.9643 0.2647 -0.0046
vn 0.9967 -0.0811 -0.0072
vn 0.8157 0.5785 -0.0015
vn 0.5686 0.8226 0.0019
vn 0.2530 0.9675 0.0049
vn -0.0932 0.9956 0.0074
vn -0.4281 0.9037 0.0090
vn -0.7113 0.7028 0.0095
vn -0.9088 0.4171 0.0089
vn -0.9967 0.0811 0.0072
vn -0.9643 -0.2647 0.0046
vn -0.8157 -0.5785 0.0015
vn -0.5686 -0.8226 -0.0019
vn -0.2530 -0.9675 -0.0049
vn 0.0932 -0.9956 -0.0074
vn 0.4281 -0.9037 -0.0090
vn 0.7113 -0.7028 -0.0095
vn 0.9088 -0.4171 -0.0089
vn 0.6120 0.1746 -0.7713
vn 0.6327 -0.0467 -0.7730
vn 0.5765 -0.2617 -0.7741
vn 0.4501 -0.4445 -0.7745
vn 0.2688 -0.5731 -0.7742
vn 0.0545 -0.6319 -0.7731
vn -0.1670 -0.6139 -0.7716
vn -0.3690 -0.5212 -0.7696
vn -0.5271 -0.3650 -0.7675
vn -0.6222 -0.1641 -0.7655
vn -0.6429 0.0571 -0.7638
vn -0.5867 0.2722 -0.7627
vn -0.4603 0.4550 -0.7623
vn -0.2790 0.5836 -0.7626
vn -0.0647 0.6424 -0.7637
vn 0.1568 0.6244 -0.7652
vn 0.3588 0.5317 -0.7672
vn 0.5169 0.3755 -0.7693
vn 0.2665 0.0814 -0.9604
vn 0.5237 0.1510 -0.8384
vn 0.5415 -0.0388 -0.8398
vn 0.2757 -0.0164 -0.9611
vn 0.2244 0.1702 -0.9595
vn 0.4421 0.3232 -0.8367
vn 0.1545 0.2393 -0.9586
vn 0.3065 0.4572 -0.8349
vn 0.0652 0.2803 -0.9577
vn 0.1333 0.5367 -0.8332
vn -0.0327 0.2883 -0.9570
vn -0.0567 0.5521 -0.8318
vn -0.1275 0.2622 -0.9565
vn -0.2405 0.5017 -0.8310
vn -0.2076 0.2054 -0.9564
vn -0.3959 0.3914 -0.8307
vn -0.2635 0.1246 -0.9566
vn -0.5043 0.2346 -0.8310
vn -0.2884 0.0295 -0.9571
vn -0.5525 0.0502 -0.8320
vn -0.2792 -0.0683 -0.9578
vn -0.5348 -0.1396 -0.8334
vn -0.2371 -0.1571 -0.9587
vn -0.4532 -0.3118 -0.8351
vn -0.1672 -0.2262 -0.9596
vn -0.3176 -0.4458 -0.8369
vn -0.0779 -0.2672 -0.9605
vn -0.1444 -0.5253 -0.8386
vn 0.0200 -0.2752 -0.9612
vn 0.0456 -0.5407 -0.8400
vn 0.1148 -0.2491 -0.9616
vn 0.2294 -0.4903 -0.8408
vn 0.1949 -0.1923 -0.9618
vn 0.3849 -0.3800 -0.8411
vn 0.2508 -0.1115 -0.9616
vn 0.4932 -0.2232 -0.8408
vn 0.0054 0.0101 -0.9999
vn 0.0058 0.0058 -1.0000
vn 0.0035 0.0140 -0.9999
vn 0.0005 0.0171 -0.9999
vn -0.0035 0.0189 -0.9998
vn -0.0078 0.0192 -0.9998
vn -0.0120 0.0181 -0.9998
vn -0.0155 0.0156 -0.9998
vn -0.0179 0.0120 -0.9998
vn -0.0190 0.0078 -0.9998
vn -0.0186 0.0035 -0.9998
vn -0.0168 -0.0004 -0.9999
vn -0.0137 -0.0034 -0.9999
vn -0.0098 -0.0052 -0.9999
vn -0.0055 -0.0056 -1.0000
vn -0.0013 -0.0044 -1.0000
vn 0.0022 -0.0019 -1.0000
vn 0.0047 0.0016 -1.0000
vn -0.4844 -0.1254 -0.8658
vn -0.5005 0.0462 -0.8645
vn -0.4106 -0.2812 -0.8674
vn -0.2880 -0.4024 -0.8690
vn -0.1313 -0.4743 -0.8705
vn 0.0405 -0.4883 -0.8718
vn 0.2067 -0.4426 -0.8725
vn 0.3473 -0.3429 -0.8728
vn 0.4454 -0.2011 -0.8725
vn 0.4890 -0.0343 -0.8716
vn 0.4729 0.1373 -0.8704
vn 0.3991 0.2931 -0.8688
vn 0.2765 0.4142 -0.8672
vn 0.1198 0.4861 -0.8656
vn -0.0520 0.5001 -0.8644
vn -0.2182 0.4545 -0.8636
vn -0.3588 0.3548 -0.8634
vn -0.4569 0.2130 -0.8637
vn 0.0015 -0.0111 0.9999
vn -0.9645 0.2639 0.0044
vn -0.9966 -0.0819 0.0006
vn -0.8161 0.5778 0.0076
vn -0.5692 0.8221 0.0100
vn -0.2537 0.9672 0.0111
vn 0.0924 0.9957 0.0109
vn 0.4274 0.9040 0.0094
vn 0.7108 0.7033 0.0068
vn 0.9085 0.4178 0.0033
vn 0.9966 0.0819 -0.0006
vn 0.9645 -0.2639 -0.0044
vn 0.8161 -0.5778 -0.0076
vn 0.5693 -0.8221 -0.0100
vn 0.2537 -0.9672 -0.0111
vn -0.0924 -0.9957 -0.0109
vn -0.4274 -0.9040 -0.0094
vn -0.7108 -0.7033 -0.0068
vn -0.9085 -0.4178 -0.0033
vn -0.6184 0.1774 -0.7656
vn -0.5234 0.3783 -0.7635
vn -0.3654 0.5346 -0.7620
vn -0.1635 0.6275 -0.7613
vn 0.0580 0.6457 -0.7614
vn 0.2724 0.5870 -0.7624
vn 0.4537 0.4586 -0.7641
vn 0.5802 0.2759 -0.7663
vn 0.6366 0.0610 -0.7687
vn 0.6161 -0.1603 -0.7712
vn 0.5211 -0.3612 -0.7733
vn 0.3631 -0.5176 -0.7748
vn 0.1612 -0.6104 -0.7755
vn -0.0603 -0.6286 -0.7754
vn -0.2746 -0.5700 -0.7744
vn -0.4560 -0.4416 -0.7727
vn -0.5825 -0.2588 -0.7705
vn -0.6389 -0.0439 -0.7680
vn -0.2743 0.0853 -0.9578
vn -0.2834 -0.0125 -0.9589
vn -0.5482 -0.0357 -0.8356
vn -0.5306 0.1541 -0.8335
vn -0.2323 0.1741 -0.9569
vn -0.4491 0.3264 -0.8317
vn -0.1625 0.2433 -0.9563
vn -0.3137 0.4605 -0.8304
vn -0.0732 0.2843 -0.9559
vn -0.1405 0.5401 -0.8298
vn 0.0247 0.2924 -0.9560
vn 0.0495 0.5557 -0.8299
vn 0.1195 0.2664 -0.9564
vn 0.2333 0.5054 -0.8307
vn 0.1997 0.2097 -0.9572
vn 0.3889 0.3953 -0.8322
vn 0.2556 0.1289 -0.9581
vn 0.4974 0.2386 -0.8341
vn 0.2806 0.0338 -0.9592
vn 0.5457 0.0542 -0.8362
vn 0.2715 -0.0640 -0.9603
vn 0.5281 -0.1355 -0.8383
vn 0.2295 -0.1528 -0.9612
vn 0.4467 -0.3078 -0.8401
vn 0.1597 -0.2220 -0.9619
vn 0.3112 -0.4419 -0.8414
vn 0.0704 -0.2630 -0.9622
vn 0.1380 -0.5215 -0.8420
vn -0.0276 -0.2711 -0.9622
vn -0.0519 -0.5372 -0.8419
vn -0.1223 -0.2451 -0.9617
vn -0.2358 -0.4869 -0.8410
vn -0.2025 -0.1884 -0.9610
vn -0.3914 -0.3767 -0.8396
vn -0.2585 -0.1076 -0.9600
vn -0.4999 -0.2200 -0.8377
vn -0.0135 0.0144 -0.9998
vn -0.0139 0.0101 -0.9999
vn -0.0116 0.0183 -0.9998
vn -0.0086 0.0213 -0.9997
vn -0.0046 0.0231 -0.9997
vn -0.0003 0.0235 -0.9997
vn 0.0038 0.0224 -0.9997
vn 0.0074 0.0199 -0.9998
vn 0.0098 0.0163 -0.9998
vn 0.0109 0.0121 -0.9999
vn 0.0105 0.0078 -0.9999
vn 0.0087 0.0039 -1.0000
vn 0.0056 0.0009 -1.0000
vn 0.0017 -0.0009 -1.0000
vn -0.0026 -0.0013 -1.0000
vn -0.0068 -0.0002 -1.0000
vn -0.0103 0.0023 -0.9999
vn -0.0128 0.0059 -0.9999
vn 0.4775 -0.1213 -0.8702
vn 0.4934 0.0503 -0.8683
vn 0.4038 -0.2772 -0.8718
vn 0.2813 -0.3984 -0.8730
vn 0.1247 -0.4704 -0.8736
vn -0.0472 -0.4846 -0.8735
vn -0.2134 -0.4391 -0.8727
vn -0.3541 -0.3395 -0.8714
vn -0.4522 -0.1977 -0.8697
vn -0.4960 -0.0310 -0.8678
vn -0.4800 0.1406 -0.8659
vn -0.4064 0.2965 -0.8643
vn -0.2838 0.4177 -0.8631
vn -0.1272 0.4897 -0.8625
vn 0.0446 0.5038 -0.8626
vn 0.2109 0.4584 -0.8634
vn 0.3515 0.3587 -0.8647
vn 0.4497 0.2170 -0.8664
vt 0.072910 0.599207
vt 0.044516 0.617303
vt 0.064800 0.590870
vt 0.068488 0.592063
vt 0.031545 0.027998
vt 0.018749 0.019183
vt 0.024456 0.013316
vt 0.034931 0.096958
vt 0.009938 0.114864
vt 0.007388 0.108047
vt 0.017073 0.122118
vt 0.043592 0.124445
vt 0.022232 0.134374
vt 0.006089 0.097493
vt 0.002948 0.085650
vt 0.033800 0.081035
vt 0.053658 0.075398
vt 0.048984 0.105402
vt 0.001000 0.069668
vt 0.031158 0.058449
vt 0.002471 0.051250
vt 0.026281 0.041897
vt 0.038058 0.044382
vt 0.006950 0.038232
vt 0.010765 0.029953
vt 0.057192 0.045803
vt 0.016489 0.021150
vt 0.036366 0.005948
vt 0.047371 0.012682
vt 0.054959 0.018612
vt 0.072147 0.686938
vt 0.044088 0.675279
vt 0.074620 0.683349
vt 0.066153 0.696402
vt 0.061297 0.701235
vt 0.048891 0.661617
vt 0.082369 0.666823
vt 0.037955 0.663199
vt 0.051242 0.633044
vt 0.088882 0.644334
vt 0.084998 0.622454
vt 0.076906 0.606154
vt 0.040110 0.631392
vt 0.029090 0.604762
vt 0.052349 0.583102
vt 0.005948 0.623758
vt 0.041968 0.579896
vt 0.017909 0.595958
vt 0.052548 0.707673
vt 0.025794 0.689658
vt 0.046213 0.711170
vt 0.005948 0.672407
vt 0.414437 0.472535
vt 0.383050 0.475072
vt 0.393774 0.460443
vt 0.420507 0.460311
vt 0.404592 0.443100
vt 0.379449 0.454232
vt 0.395185 0.424420
vt 0.425549 0.445143
vt 0.354071 0.477143
vt 0.353494 0.462827
vt 0.353151 0.455302
vt 0.352299 0.191179
vt 0.352299 0.171488
vt 0.403012 0.171488
vt 0.412719 0.191179
vt 0.352299 0.197046
vt 0.417393 0.197046
vt 0.352299 0.368694
vt 0.403395 0.368694
vt 0.390670 0.386789
vt 0.352299 0.386789
vt 0.411932 0.109263
vt 0.424626 0.087204
vt 0.429452 0.117373
vt 0.424468 0.269060
vt 0.426193 0.326270
vt 0.425086 0.223662
vt 0.424000 0.364110
vt 0.427367 0.195753
vt 0.352298 0.424420
vt 0.352298 0.109264
vt 0.403834 0.123266
vt 0.352298 0.123268
vt 0.400161 0.147626
vt 0.352299 0.147627
vt 0.352297 0.087206
vt 0.352296 0.060374
vt 0.378667 0.060655
vt 0.408806 0.061620
vt 0.421843 0.063986
vt 0.423330 0.072662
vt 0.016147 0.779025
vt 0.021993 0.773004
vt 0.028722 0.775893
vt 0.025777 0.785092
vt 0.055245 0.744907
vt 0.068196 0.728991
vt 0.074193 0.780956
vt 0.060838 0.785652
vt 0.014172 0.137087
vt 0.014212 0.165165
vt 0.001000 0.165955
vt 0.001005 0.134591
vt 0.023592 0.739382
vt 0.005948 0.735785
vt 0.014648 0.723383
vt 0.053243 0.723646
vt 0.031548 0.740576
vt 0.057010 0.728206
vt 0.034314 0.769717
vt 0.040263 0.141344
vt 0.048336 0.152294
vt 0.047093 0.161219
vt 0.018729 0.761724
vt 0.006733 0.764844
vt 0.028010 0.766702
vt 0.025642 0.760018
vt 0.618462 0.607584
vt 0.557890 0.606828
vt 0.558896 0.558866
vt 0.617941 0.556553
vt 0.619086 0.668604
vt 0.556515 0.669842
vt 0.619694 0.728027
vt 0.552734 0.726497
vt 0.521082 0.904039
vt 0.563924 0.860102
vt 0.557975 0.906641
vt 0.627790 0.870502
vt 0.627790 0.908999
vt 0.620212 0.778605
vt 0.548811 0.777827
vt 0.627790 0.802716
vt 0.627790 0.821338
vt 0.557545 0.817045
vt 0.557052 0.802799
vt 0.515371 0.599241
vt 0.513791 0.557258
vt 0.514705 0.664864
vt 0.515793 0.728017
vt 0.511598 0.849716
vt 0.519053 0.815734
vt 0.498075 0.891369
vt 0.557707 0.937397
vt 0.627790 0.941092
vt 0.627790 0.946767
vt 0.590316 0.949386
vt 0.627791 0.955003
vt 0.570670 0.956995
vt 0.569388 0.953205
vt 0.542212 0.945399
vt 0.522710 0.962730
vt 0.511415 0.940901
vt 0.489504 0.935503
vt 0.508919 0.774617
vt 0.517452 0.802549
vt 0.513249 0.509747
vt 0.566182 0.510775
vt 0.617463 0.509659
vt 0.642442 0.353964
vt 0.644267 0.405233
vt 0.622382 0.396304
vt 0.621444 0.353964
vt 0.642747 0.464026
vt 0.695002 0.489178
vt 0.642438 0.486782
vt 0.725642 0.490468
vt 0.724678 0.466415
vt 0.721693 0.415886
vt 0.724659 0.353964
vt 0.444877 0.351707
vt 0.432958 0.351916
vt 0.431461 0.301403
vt 0.444597 0.299106
vt 0.469469 0.292900
vt 0.472165 0.351231
vt 0.434209 0.249307
vt 0.444727 0.249111
vt 0.437598 0.238216
vt 0.451409 0.239190
vt 0.462233 0.256856
vt 0.567816 0.215578
vt 0.568104 0.239056
vt 0.554667 0.240300
vt 0.541859 0.212366
vt 0.532961 0.242000
vt 0.526827 0.209063
vt 0.571616 0.288889
vt 0.559036 0.282519
vt 0.503162 0.247312
vt 0.494403 0.218470
vt 0.509461 0.288577
vt 0.535430 0.277292
vt 0.510131 0.350568
vt 0.570039 0.349524
vt 0.560055 0.349698
vt 0.537195 0.350096
vt 0.480940 0.936705
vt 0.490096 0.886675
vt 0.501633 0.843788
vt 0.510069 0.808195
vt 0.506392 0.726540
vt 0.500731 0.779108
vt 0.627791 0.982809
vt 0.551395 0.978419
vt 0.401411 0.913644
vt 0.326063 0.910631
vt 0.326116 0.896436
vt 0.402854 0.896502
vt 0.399548 0.804263
vt 0.326451 0.807342
vt 0.326625 0.759677
vt 0.401151 0.757544
vt 0.326283 0.851452
vt 0.400889 0.849706
vt 0.409356 0.899567
vt 0.502879 0.969891
vt 0.326770 0.718157
vt 0.401257 0.720780
vt 0.408268 0.756225
vt 0.407259 0.721600
vt 0.408040 0.802926
vt 0.407481 0.849589
vt 0.451702 0.724581
vt 0.453915 0.751779
vt 0.463168 0.730252
vt 0.465738 0.750624
vt 0.456935 0.801403
vt 0.858092 0.770137
vt 0.868963 0.769161
vt 0.865019 0.818385
vt 0.855393 0.818743
vt 0.471533 0.802466
vt 0.456268 0.848746
vt 0.473328 0.859376
vt 0.860664 0.705905
vt 0.875925 0.715626
vt 0.487924 0.955774
vt 0.461609 0.912260
vt 0.451310 0.922813
vt 0.466221 0.937563
vt 0.477781 0.937784
vt 0.881174 0.641160
vt 0.882393 0.620979
vt 0.888048 0.623748
vt 0.891933 0.642819
vt 0.912072 0.575864
vt 0.915071 0.581841
vt 0.941759 0.542366
vt 0.943558 0.548975
vt 0.960268 0.516185
vt 0.965414 0.520088
vt 0.973181 0.463786
vt 0.978330 0.467395
vt 0.865456 0.628835
vt 0.872005 0.607426
vt 0.881280 0.608706
vt 0.504426 0.667353
vt 0.973989 0.405371
vt 0.979763 0.405355
vt 0.504934 0.599243
vt 0.903484 0.040514
vt 0.908502 0.093815
vt 0.894042 0.094084
vt 0.888165 0.040809
vt 0.526876 0.193965
vt 0.549390 0.198651
vt 0.876987 0.204456
vt 0.878038 0.104472
vt 0.897260 0.147018
vt 0.898820 0.170876
vt 0.911007 0.124891
vt 0.879079 0.051104
vt 0.489098 0.205893
vt 0.925015 0.202293
vt 0.889207 0.232741
vt 0.446060 0.228093
vt 0.963263 0.235184
vt 0.928807 0.256965
vt 0.904880 0.576233
vt 0.879295 0.024433
vt 0.889714 0.022889
vt 0.619482 0.460135
vt 0.621688 0.494169
vt 0.606480 0.486829
vt 0.607789 0.458902
vt 0.616788 0.393969
vt 0.606011 0.395956
vt 0.615729 0.353964
vt 0.606112 0.353964
vt 0.879889 0.014202
vt 0.887023 0.005948
vt 0.758860 0.129091
vt 0.744002 0.128335
vt 0.747662 0.115055
vt 0.758418 0.115967
vt 0.758996 0.159110
vt 0.741247 0.158245
vt 0.592957 0.486743
vt 0.589577 0.443670
vt 0.693677 0.151271
vt 0.701291 0.122780
vt 0.587593 0.390269
vt 0.645173 0.144473
vt 0.648982 0.114801
vt 0.587277 0.353965
vt 0.575521 0.387964
vt 0.574948 0.353965
vt 0.369961 0.707101
vt 0.405912 0.709725
vt 0.358506 0.682634
vt 0.359734 0.670290
vt 0.383002 0.671692
vt 0.385318 0.677420
vt 0.326816 0.705528
vt 0.326902 0.681957
vt 0.326947 0.669536
vt 0.451451 0.716869
vt 0.401054 0.685514
vt 0.861423 0.911018
vt 0.859883 0.908696
vt 0.871713 0.894687
vt 0.879440 0.896470
vt 0.851593 0.834064
vt 0.851201 0.819400
vt 0.860893 0.837341
vt 0.462504 0.718540
vt 0.855303 0.858709
vt 0.861774 0.856328
vt 0.856053 0.847425
vt 0.831574 0.874225
vt 0.849747 0.910712
vt 0.357391 0.662677
vt 0.326972 0.662467
vt 0.397519 0.663430
vt 0.848551 0.916119
vt 0.849980 0.921574
vt 0.828411 0.878123
vt 0.822172 0.860718
vt 0.821705 0.840618
vt 0.822926 0.823313
vt 0.853483 0.769640
vt 0.855951 0.705255
vt 0.860683 0.626487
vt 0.820443 0.689976
vt 0.839619 0.631076
vt 0.874444 0.426266
vt 0.869403 0.499928
vt 0.865478 0.497682
vt 0.868637 0.425816
vt 0.869338 0.575306
vt 0.864144 0.574000
vt 0.838086 0.579885
vt 0.838208 0.499479
vt 0.839360 0.431287
vt 0.869697 0.339826
vt 0.874382 0.341257
vt 0.874850 0.268436
vt 0.870734 0.263461
vt 0.832282 0.343439
vt 0.832505 0.234076
vt 0.767354 0.128552
vt 0.766926 0.158513
vt 0.875629 0.021648
vt 0.766891 0.116775
vt 0.774699 0.120065
vt 0.784541 0.153121
vt 0.876686 0.048874
vt 0.870378 0.028276
vt 0.874970 0.102707
vt 0.833889 0.069043
vt 0.834731 0.033680
vt 0.832229 0.152090
vt 0.872555 0.203597
vt 0.833721 0.199376
vt 0.808940 0.128702
vt 0.811244 0.062663
vt 0.637347 0.152523
vt 0.604566 0.152076
vt 0.604566 0.117394
vt 0.637004 0.116422
vt 0.644119 0.158814
vt 0.692158 0.166237
vt 0.740578 0.173782
vt 0.759340 0.175537
vt 0.766941 0.175626
vt 0.812683 0.034842
vt 0.787564 0.174162
vt 0.772191 0.184747
vt 0.767899 0.180523
vt 0.753442 0.200448
vt 0.756768 0.179967
vt 0.738373 0.197788
vt 0.734730 0.176966
vt 0.687305 0.189685
vt 0.686633 0.169664
vt 0.641689 0.183323
vt 0.639491 0.163066
vt 0.604566 0.181584
vt 0.604566 0.160875
vt 0.521977 0.008283
vt 0.483934 0.008684
vt 0.483934 0.001000
vt 0.522904 0.001242
vt 0.571099 0.001378
vt 0.569634 0.008323
vt 0.624079 0.002852
vt 0.621967 0.008919
vt 0.637402 0.011972
vt 0.641087 0.005109
vt 0.646585 0.013153
vt 0.663075 0.008765
vt 0.671395 0.018428
vt 0.681927 0.006131
vt 0.708479 0.015038
vt 0.702597 0.028108
vt 0.695845 0.038215
vt 0.666315 0.028383
vt 0.682784 0.051498
vt 0.652998 0.039429
vt 0.654223 0.061166
vt 0.685060 0.072341
vt 0.643875 0.020965
vt 0.636194 0.051653
vt 0.638382 0.032072
vt 0.633204 0.018932
vt 0.615344 0.018158
vt 0.606448 0.053851
vt 0.611533 0.031041
vt 0.564336 0.017324
vt 0.541549 0.031909
vt 0.540833 0.054402
vt 0.483936 0.054529
vt 0.483935 0.031838
vt 0.518897 0.017727
vt 0.483935 0.017776
vt 0.805245 0.631529
vt 0.806235 0.668614
vt 0.806579 0.576798
vt 0.805234 0.489718
vt 0.805207 0.434472
vt 0.803786 0.350296
vt 0.805279 0.272802
vt 0.795783 0.346418
vt 0.796554 0.275628
vt 0.785368 0.427007
vt 0.796654 0.426962
vt 0.796898 0.484014
vt 0.785187 0.485208
vt 0.782732 0.347568
vt 0.796141 0.570576
vt 0.785725 0.573012
vt 0.796661 0.623343
vt 0.786488 0.622837
vt 0.782665 0.289940
vt 0.780441 0.618768
vt 0.780517 0.570898
vt 0.779123 0.479747
vt 0.744688 0.566258
vt 0.738227 0.445607
vt 0.763324 0.444421
vt 0.762379 0.566698
vt 0.778806 0.422390
vt 0.777459 0.345832
vt 0.763154 0.343981
vt 0.738227 0.347672
vt 0.324934 0.225680
vt 0.318407 0.216164
vt 0.323522 0.201045
vt 0.816006 0.864372
vt 0.811856 0.844316
vt 0.313289 0.235139
vt 0.327002 0.654114
vt 0.349685 0.655041
vt 0.341233 0.343487
vt 0.341172 0.365299
vt 0.324313 0.365567
vt 0.322967 0.329673
vt 0.395014 0.657275
vt 0.846419 0.925671
vt 0.827536 0.888254
vt 0.332676 0.255343
vt 0.319220 0.280051
vt 0.337435 0.300229
vt 0.809781 0.828608
vt 0.806826 0.778325
vt 0.312470 0.206096
vt 0.312940 0.183163
vt 0.321504 0.180204
vt 0.299233 0.209454
vt 0.296144 0.185131
vt 0.282794 0.183957
vt 0.308555 0.232976
vt 0.299762 0.231999
vt 0.289923 0.227413
vt 0.308840 0.241983
vt 0.299417 0.241005
vt 0.291961 0.238082
vt 0.313900 0.287613
vt 0.303590 0.289616
vt 0.316189 0.337830
vt 0.305756 0.342346
vt 0.316689 0.365689
vt 0.305102 0.365873
vt 0.292585 0.254258
vt 0.281657 0.254408
vt 0.280616 0.239138
vt 0.295308 0.285738
vt 0.296328 0.366013
vt 0.296679 0.339323
vt 0.289018 0.289918
vt 0.287757 0.258815
vt 0.284644 0.259617
vt 0.281632 0.366246
vt 0.280331 0.288370
vt 0.283831 0.288280
vt 0.285543 0.366184
vt 0.289671 0.366119
vt 0.278629 0.253083
vt 0.277490 0.288292
vt 0.278084 0.366302
vt 0.261939 0.294678
vt 0.261559 0.366566
vt 0.276261 0.228604
vt 0.262737 0.184923
vt 0.264635 0.240034
vt 0.253690 0.231953
vt 0.265998 0.226557
vt 0.500930 0.555454
vt 0.501583 0.508039
vt 0.966404 0.284649
vt 0.975730 0.240838
vt 0.977151 0.289302
vt 0.759701 0.647367
vt 0.743412 0.644824
vt 0.780892 0.652854
vt 0.786605 0.653814
vt 0.796344 0.661601
vt 0.825711 0.720458
vt 0.820740 0.754384
vt 0.306729 0.119547
vt 0.314280 0.114800
vt 0.289363 0.133522
vt 0.276527 0.138555
vt 0.256314 0.146205
vt 0.740845 0.287059
vt 0.763945 0.281984
vt 0.776820 0.276691
vt 0.781961 0.275290
vt 0.796544 0.264865
vt 0.804890 0.251794
vt 0.815374 0.230925
vt 0.819154 0.200061
vt 0.815622 0.172215
vt 0.805859 0.153148
vt 0.771348 0.037218
vt 0.775077 0.052808
vt 0.793832 0.047748
vt 0.765494 0.062081
vt 0.756693 0.078553
vt 0.746480 0.100363
vt 0.249488 0.194762
vt 0.243444 0.151940
vt 0.249985 0.301458
vt 0.249479 0.366758
vt 0.879029 0.442798
vt 0.874410 0.499322
vt 0.883943 0.437725
vt 0.886302 0.444375
vt 0.969356 0.419748
vt 0.964213 0.426779
vt 0.963923 0.419683
vt 0.968017 0.461120
vt 0.964453 0.487578
vt 0.940466 0.535415
vt 0.958570 0.508585
vt 0.877115 0.566098
vt 0.924392 0.427928
vt 0.926857 0.433011
vt 0.962369 0.462175
vt 0.960403 0.488685
vt 0.955413 0.506617
vt 0.936139 0.536804
vt 0.902432 0.572718
vt 0.882596 0.563548
vt 0.922304 0.525208
vt 0.881584 0.491387
vt 0.926333 0.463399
vt 0.881047 0.248045
vt 0.885875 0.244448
vt 0.922305 0.265976
vt 0.921048 0.270296
vt 0.905557 0.261045
vt 0.968642 0.297378
vt 0.974262 0.304905
vt 0.968090 0.303000
vt 0.982058 0.334427
vt 0.975439 0.333761
vt 0.971319 0.334526
vt 0.968443 0.400305
vt 0.974972 0.393328
vt 0.970302 0.391144
vt 0.965973 0.396740
vt 0.925105 0.407060
vt 0.926629 0.399409
vt 0.882620 0.409350
vt 0.889836 0.401784
vt 0.878196 0.401666
vt 0.884778 0.397884
vt 0.878337 0.343821
vt 0.885711 0.343769
vt 0.880677 0.273515
vt 0.885209 0.262557
vt 0.924698 0.341036
vt 0.926521 0.392084
vt 0.677020 0.557662
vt 0.679006 0.605591
vt 0.681668 0.668562
vt 0.686607 0.725127
vt 0.734498 0.904039
vt 0.697606 0.906641
vt 0.691657 0.860102
vt 0.691580 0.776364
vt 0.698530 0.802799
vt 0.698036 0.817045
vt 0.722082 0.555135
vt 0.721359 0.597139
vt 0.723365 0.662730
vt 0.723570 0.725890
vt 0.736528 0.815734
vt 0.743983 0.849716
vt 0.757506 0.891369
vt 0.697874 0.937397
vt 0.665265 0.949386
vt 0.684911 0.956995
vt 0.686193 0.953205
vt 0.713369 0.945399
vt 0.732870 0.962729
vt 0.744166 0.940901
vt 0.766076 0.935503
vt 0.731396 0.772338
vt 0.738131 0.802550
vt 0.721656 0.507624
vt 0.668756 0.509730
vt 0.622381 0.311623
vt 0.644266 0.302694
vt 0.642747 0.243900
vt 0.642439 0.221144
vt 0.695004 0.218750
vt 0.725644 0.217460
vt 0.724679 0.241512
vt 0.721693 0.292042
vt 0.446435 0.404285
vt 0.433228 0.402449
vt 0.471508 0.409618
vt 0.437794 0.454415
vt 0.448312 0.454244
vt 0.441569 0.465380
vt 0.455337 0.463924
vt 0.465536 0.445891
vt 0.572483 0.483452
vt 0.546659 0.487568
vt 0.558482 0.459208
vt 0.571952 0.459982
vt 0.531753 0.491393
vt 0.536732 0.458267
vt 0.561376 0.416868
vt 0.573725 0.410063
vt 0.506770 0.453999
vt 0.499026 0.483126
vt 0.511624 0.412542
vt 0.537969 0.422913
vt 0.774640 0.936706
vt 0.765485 0.886675
vt 0.753948 0.843789
vt 0.745513 0.808195
vt 0.732938 0.724221
vt 0.739674 0.776661
vt 0.704185 0.978419
vt 0.250701 0.913081
vt 0.249385 0.895931
vt 0.253370 0.803728
vt 0.252107 0.757001
vt 0.251696 0.849156
vt 0.242862 0.898947
vt 0.752701 0.969890
vt 0.252268 0.720239
vt 0.245000 0.755630
vt 0.246261 0.721016
vt 0.244888 0.802329
vt 0.245106 0.848991
vt 0.201800 0.723675
vt 0.199390 0.750854
vt 0.190294 0.729262
vt 0.187577 0.749614
vt 0.196011 0.800450
vt 0.124664 0.770051
vt 0.127276 0.818695
vt 0.117646 0.818318
vt 0.113789 0.769057
vt 0.181407 0.801408
vt 0.196334 0.847790
vt 0.179200 0.858294
vt 0.106900 0.715487
vt 0.122181 0.705779
vt 0.767655 0.955773
vt 0.190528 0.911250
vt 0.200746 0.921876
vt 0.185731 0.936510
vt 0.174174 0.936645
vt 0.101725 0.640987
vt 0.090963 0.642637
vt 0.094866 0.623565
vt 0.100524 0.620799
vt 0.067871 0.581634
vt 0.070875 0.575659
vt 0.039407 0.548751
vt 0.041210 0.542143
vt 0.017570 0.519855
vt 0.022718 0.515956
vt 0.004683 0.467163
vt 0.009832 0.463558
vt 0.117460 0.628672
vt 0.101647 0.608526
vt 0.110925 0.607252
vt 0.733693 0.665008
vt 0.003277 0.405139
vt 0.009049 0.405157
vt 0.731792 0.596927
vt 0.079560 0.040476
vt 0.094867 0.040771
vt 0.088997 0.094006
vt 0.074547 0.093737
vt 0.532330 0.506477
vt 0.554662 0.501009
vt 0.106045 0.204314
vt 0.084222 0.170750
vt 0.085781 0.146907
vt 0.104990 0.104386
vt 0.072043 0.124794
vt 0.103947 0.051056
vt 0.494164 0.495880
vt 0.058037 0.202152
vt 0.093829 0.232589
vt 0.450379 0.475200
vt 0.054242 0.256803
vt 0.019800 0.235028
vt 0.078067 0.576032
vt 0.103727 0.024408
vt 0.093319 0.022867
vt 0.619481 0.247791
vt 0.621690 0.213757
vt 0.606481 0.221096
vt 0.607788 0.249023
vt 0.616786 0.313958
vt 0.606009 0.311972
vt 0.096003 0.005948
vt 0.103130 0.014189
vt 0.450270 0.129097
vt 0.450712 0.115973
vt 0.461468 0.115061
vt 0.465127 0.128341
vt 0.450135 0.159117
vt 0.467885 0.158251
vt 0.592958 0.221181
vt 0.589575 0.264256
vt 0.507839 0.122783
vt 0.515455 0.151273
vt 0.587591 0.317659
vt 0.560149 0.114800
vt 0.563959 0.144473
vt 0.575518 0.319965
vt 0.247693 0.709152
vt 0.283661 0.706788
vt 0.295293 0.682405
vt 0.268520 0.676997
vt 0.270877 0.671285
vt 0.294155 0.670053
vt 0.202106 0.715965
vt 0.252726 0.684976
vt 0.121012 0.911034
vt 0.103016 0.896423
vt 0.110755 0.894659
vt 0.122560 0.908714
vt 0.131470 0.819361
vt 0.131047 0.834033
vt 0.121733 0.837292
vt 0.191042 0.717556
vt 0.120804 0.856289
vt 0.127274 0.858688
vt 0.126552 0.847393
vt 0.150989 0.874279
vt 0.132701 0.910758
vt 0.296553 0.662456
vt 0.256421 0.662919
vt 0.133884 0.916174
vt 0.132438 0.921632
vt 0.154146 0.878189
vt 0.160434 0.860778
vt 0.160947 0.840657
vt 0.159760 0.823332
vt 0.129277 0.769561
vt 0.126897 0.705135
vt 0.122237 0.626326
vt 0.162442 0.689883
vt 0.143304 0.630934
vt 0.108572 0.426078
vt 0.114380 0.425630
vt 0.117515 0.497496
vt 0.113587 0.499742
vt 0.118810 0.573825
vt 0.113614 0.575127
vt 0.144870 0.579727
vt 0.143656 0.431108
vt 0.144787 0.499304
vt 0.108648 0.341078
vt 0.113333 0.339649
vt 0.108182 0.268273
vt 0.112297 0.263300
vt 0.150743 0.343264
vt 0.150514 0.233921
vt 0.442204 0.158521
vt 0.441775 0.128558
vt 0.107388 0.021625
vt 0.442239 0.116781
vt 0.424588 0.153129
vt 0.434430 0.120072
vt 0.106337 0.048828
vt 0.112637 0.028245
vt 0.108056 0.102623
vt 0.148262 0.033639
vt 0.149107 0.068978
vt 0.150775 0.151973
vt 0.110475 0.203456
vt 0.149292 0.199233
vt 0.171736 0.062600
vt 0.174047 0.128596
vt 0.571785 0.152523
vt 0.572128 0.116421
vt 0.565014 0.158813
vt 0.516975 0.166239
vt 0.468555 0.173789
vt 0.449792 0.175546
vt 0.442190 0.175635
vt 0.170295 0.034798
vt 0.421566 0.174171
vt 0.436940 0.184758
vt 0.441233 0.180533
vt 0.452364 0.179975
vt 0.455693 0.200457
vt 0.470763 0.197796
vt 0.474404 0.176971
vt 0.521830 0.189687
vt 0.522501 0.169666
vt 0.567444 0.183321
vt 0.569641 0.163065
vt 0.445896 0.008290
vt 0.444969 0.001250
vt 0.398253 0.008329
vt 0.396789 0.001387
vt 0.345945 0.008920
vt 0.343836 0.002858
vt 0.330524 0.011964
vt 0.321351 0.013137
vt 0.326848 0.005108
vt 0.304886 0.008736
vt 0.296562 0.018377
vt 0.286061 0.006075
vt 0.265373 0.027993
vt 0.259522 0.014925
vt 0.272101 0.038105
vt 0.301623 0.028329
vt 0.285129 0.051401
vt 0.314915 0.039384
vt 0.313660 0.061111
vt 0.282815 0.072228
vt 0.324051 0.020944
vt 0.331700 0.051623
vt 0.329529 0.032048
vt 0.334714 0.018921
vt 0.352561 0.018154
vt 0.356366 0.031033
vt 0.361440 0.053838
vt 0.403549 0.017328
vt 0.426328 0.031911
vt 0.427043 0.054400
vt 0.448976 0.017732
vt 0.177694 0.631411
vt 0.176677 0.668518
vt 0.176389 0.576654
vt 0.177769 0.489553
vt 0.177810 0.434300
vt 0.179237 0.350122
vt 0.177739 0.272635
vt 0.186463 0.275460
vt 0.187240 0.346244
vt 0.197652 0.426838
vt 0.197821 0.485048
vt 0.186108 0.483850
vt 0.186365 0.426791
vt 0.200292 0.347394
vt 0.186834 0.570435
vt 0.197252 0.572876
vt 0.186288 0.623225
vt 0.196466 0.622724
vt 0.200352 0.289768
vt 0.202517 0.618656
vt 0.202463 0.570763
vt 0.203887 0.479588
vt 0.238308 0.566134
vt 0.220609 0.566568
vt 0.219697 0.444257
vt 0.244799 0.445447
vt 0.204215 0.422221
vt 0.205565 0.345658
vt 0.219870 0.343807
vt 0.244799 0.347496
vt 0.329402 0.505360
vt 0.328782 0.530028
vt 0.323184 0.515081
vt 0.170799 0.844381
vt 0.166599 0.864452
vt 0.317459 0.496279
vt 0.304314 0.654876
vt 0.341927 0.387096
vt 0.324111 0.401485
vt 0.258971 0.656782
vt 0.135991 0.925743
vt 0.154996 0.888335
vt 0.336189 0.475465
vt 0.321950 0.451200
vt 0.339511 0.430452
vt 0.172908 0.828658
vt 0.175955 0.778333
vt 0.327434 0.550925
vt 0.318778 0.548243
vt 0.317573 0.525335
vt 0.301927 0.546815
vt 0.304234 0.522403
vt 0.288620 0.548417
vt 0.312797 0.498593
vt 0.304040 0.499851
vt 0.294353 0.504750
vt 0.312794 0.489581
vt 0.303406 0.490860
vt 0.296047 0.494021
vt 0.316391 0.443813
vt 0.306023 0.442140
vt 0.317077 0.393549
vt 0.306506 0.389368
vt 0.296152 0.477832
vt 0.284672 0.493328
vt 0.285225 0.478031
vt 0.297868 0.446280
vt 0.297529 0.392678
vt 0.291182 0.473432
vt 0.291448 0.442303
vt 0.288044 0.472729
vt 0.286315 0.444106
vt 0.282814 0.444127
vt 0.282241 0.479453
vt 0.279977 0.444295
vt 0.264229 0.438407
vt 0.268541 0.548095
vt 0.280657 0.503999
vt 0.268669 0.492946
vt 0.257987 0.501374
vt 0.270464 0.506374
vt 0.733284 0.505679
vt 0.734902 0.553069
vt 0.016656 0.284475
vt 0.007336 0.240678
vt 0.005912 0.289125
vt 0.223257 0.647279
vt 0.239555 0.644741
vt 0.202051 0.652761
vt 0.196333 0.653719
vt 0.186581 0.661506
vt 0.157138 0.720384
vt 0.162068 0.754345
vt 0.314613 0.612029
vt 0.322313 0.616531
vt 0.296852 0.598617
vt 0.283814 0.594000
vt 0.263365 0.587002
vt 0.242174 0.286881
vt 0.219072 0.281809
vt 0.206196 0.276518
vt 0.201055 0.275119
vt 0.186471 0.264699
vt 0.178125 0.251632
vt 0.167639 0.230767
vt 0.163853 0.199914
vt 0.167376 0.172084
vt 0.177130 0.153026
vt 0.196661 0.036952
vt 0.192902 0.052520
vt 0.174174 0.047424
vt 0.202458 0.061807
vt 0.211217 0.078286
vt 0.221378 0.100104
vt 0.250316 0.581683
vt 0.254981 0.538687
vt 0.252063 0.432012
vt 0.108581 0.499134
vt 0.103982 0.442608
vt 0.099070 0.437533
vt 0.096709 0.444183
vt 0.013675 0.419531
vt 0.019107 0.419468
vt 0.018814 0.426562
vt 0.014997 0.460895
vt 0.018547 0.487351
vt 0.042507 0.535193
vt 0.024419 0.508358
vt 0.105842 0.565914
vt 0.056161 0.432806
vt 0.058628 0.427725
vt 0.020643 0.461952
vt 0.022596 0.488459
vt 0.027576 0.506392
vt 0.046833 0.536586
vt 0.080518 0.572518
vt 0.100362 0.563360
vt 0.060673 0.524998
vt 0.101409 0.491196
vt 0.056674 0.463191
vt 0.101987 0.247888
vt 0.097160 0.244292
vt 0.060742 0.265812
vt 0.077485 0.260883
vt 0.061998 0.270130
vt 0.014417 0.297199
vt 0.008798 0.304723
vt 0.014967 0.302819
vt 0.001000 0.334233
vt 0.007616 0.333568
vt 0.011735 0.334334
vt 0.014594 0.400094
vt 0.008070 0.393118
vt 0.012739 0.390936
vt 0.017065 0.396532
vt 0.057921 0.406860
vt 0.056399 0.399211
vt 0.100400 0.409161
vt 0.093187 0.401594
vt 0.104825 0.401478
vt 0.098244 0.397695
vt 0.104693 0.343642
vt 0.097321 0.343588
vt 0.102357 0.273351
vt 0.097826 0.262396
vt 0.058342 0.340851
vt 0.056509 0.391887
vt 0.005948 0.824975
vt 0.009793 0.814216
vt 0.017085 0.805421
vt 0.026946 0.799651
vt 0.038186 0.797601
vt 0.049449 0.799519
vt 0.059376 0.805173
vt 0.066771 0.813882
vt 0.070742 0.824596
vt 0.070809 0.836021
vt 0.066964 0.846779
vt 0.059672 0.855574
vt 0.049811 0.861345
vt 0.038571 0.863395
vt 0.027308 0.861477
vt 0.017380 0.855822
vt 0.009985 0.847113
vt 0.006015 0.836400
vt 0.219509 0.982767
vt 0.198154 0.982767
vt 0.198154 0.950984
vt 0.219509 0.950984
vt 0.240864 0.982767
vt 0.240865 0.950985
vt 0.262219 0.982768
vt 0.262220 0.950986
vt 0.283573 0.982768
vt 0.283575 0.950987
vt 0.304928 0.982770
vt 0.304930 0.950988
vt 0.326282 0.982772
vt 0.326285 0.950990
vt 0.347636 0.982774
vt 0.347640 0.950993
vt 0.368990 0.982776
vt 0.368994 0.950995
vt 0.390344 0.982779
vt 0.390348 0.950998
vt 0.027306 0.982774
vt 0.005950 0.982775
vt 0.005948 0.950992
vt 0.027303 0.950991
vt 0.048661 0.982773
vt 0.048659 0.950989
vt 0.070017 0.982771
vt 0.070015 0.950988
vt 0.091373 0.982770
vt 0.091372 0.950986
vt 0.112730 0.982769
vt 0.112728 0.950985
vt 0.134086 0.982768
vt 0.134085 0.950984
vt 0.155442 0.982768
vt 0.155441 0.950984
vt 0.176798 0.982767
vt 0.176798 0.950984
vt 0.928206 0.774103
vt 0.930001 0.771967
vt 0.932432 0.770608
vt 0.935177 0.770176
vt 0.937913 0.770743
vt 0.940397 0.772073
vt 0.942267 0.774192
vt 0.943235 0.776777
vt 0.943206 0.779524
vt 0.942222 0.782075
vt 0.940383 0.784119
vt 0.937974 0.785581
vt 0.935206 0.786096
vt 0.932447 0.785624
vt 0.930005 0.784218
vt 0.928135 0.782120
vt 0.927162 0.779485
vt 0.927187 0.776700
vt 0.982743 0.805641
vt 0.989271 0.787673
vt 0.999000 0.789323
vt 0.991328 0.810544
vt 0.970411 0.820282
vt 0.976784 0.827847
vt 0.953788 0.829772
vt 0.957162 0.839060
vt 0.934957 0.832958
vt 0.934930 0.842821
vt 0.916205 0.829491
vt 0.912803 0.838722
vt 0.899819 0.819833
vt 0.893493 0.827317
vt 0.887768 0.805231
vt 0.879307 0.810095
vt 0.881410 0.787468
vt 0.871818 0.789174
vt 0.881436 0.768601
vt 0.871826 0.766959
vt 0.887868 0.750826
vt 0.879365 0.746009
vt 0.899997 0.736265
vt 0.893628 0.728815
vt 0.916417 0.726698
vt 0.912973 0.717494
vt 0.935162 0.723333
vt 0.935084 0.713488
vt 0.953944 0.726610
vt 0.957255 0.717329
vt 0.970456 0.736136
vt 0.976739 0.728562
vt 0.982695 0.750708
vt 0.991183 0.745739
vt 0.989236 0.768593
vt 0.998922 0.766817
vt 0.967562 0.796861
vt 0.972009 0.784641
vt 0.959171 0.806816
vt 0.947853 0.813266
vt 0.935069 0.815433
vt 0.922285 0.813109
vt 0.911089 0.806538
vt 0.902880 0.796591
vt 0.898547 0.784500
vt 0.898557 0.771621
vt 0.902953 0.759496
vt 0.911238 0.749584
vt 0.922435 0.743087
vt 0.935203 0.740815
vt 0.947991 0.743059
vt 0.959231 0.749568
vt 0.967531 0.759477
vt 0.971987 0.771654
vt 0.948982 0.785817
vt 0.950780 0.780660
vt 0.945495 0.790091
vt 0.940685 0.792727
vt 0.935332 0.793793
vt 0.929860 0.792964
vt 0.925133 0.790143
vt 0.921724 0.785953
vt 0.919771 0.780950
vt 0.919680 0.775552
vt 0.921469 0.770430
vt 0.924914 0.766222
vt 0.929610 0.763433
vt 0.934997 0.762415
vt 0.940452 0.763292
vt 0.945138 0.766118
vt 0.948712 0.770171
vt 0.950682 0.775222
s 1
usemtl Material_#24
f 501/1/1 11/2/2 500/3/3 10/4/4
f 17/5/5 15/6/6 506/7/7
f 21/8/8 511/9/9 20/10/10
f 512/11/11 21/8/8 23/12/12 22/13/13
f 21/8/8 512/11/11 511/9/9
f 21/8/8 20/10/10 19/14/14
f 19/14/14 18/15/15 24/16/16 21/8/8
f 25/17/17 26/18/18 21/8/8 24/16/16
f 26/18/18 23/12/12 21/8/8
f 510/19/19 27/20/20 24/16/16 18/15/15
f 27/20/20 25/17/17 24/16/16
f 27/20/20 510/19/19 509/21/21
f 509/21/21 28/22/22 27/20/20
f 28/22/22 29/23/23 27/20/20
f 28/22/22 508/24/24 507/25/25
f 28/22/22 509/21/21 508/24/24
f 27/20/20 29/23/23 30/26/26 25/17/17
f 507/25/25 16/27/27 17/5/5 28/22/22
f 17/5/5 16/27/27 15/6/6
f 506/7/7 14/28/28 31/29/29 17/5/5
f 31/29/29 32/30/30 17/5/5
f 29/23/23 32/30/30 30/26/26
f 17/5/5 32/30/30 29/23/23 28/22/22
f 503/31/31 33/32/32 7/33/33
f 504/34/34 33/32/32 503/31/31
f 505/35/35 33/32/32 504/34/34
f 34/36/36 12/37/37 7/33/33 33/32/32
f 35/38/38 34/36/36 33/32/32
f 34/36/36 36/39/39 502/40/40 12/37/37
f 502/40/40 36/39/39 492/41/41
f 36/39/39 11/2/2 5/42/42 492/41/41
f 37/43/43 11/2/2 36/39/39
f 5/42/42 11/2/2 501/1/1
f 37/43/43 36/39/39 34/36/36 35/38/38
f 38/44/44 9/45/45 500/3/3 11/2/2
f 37/43/43 39/46/46 38/44/44 11/2/2
f 499/47/47 9/45/45 38/44/44 40/48/48
f 38/44/44 39/46/46 40/48/48
f 505/35/35 13/49/49 71/50/50 33/32/32
f 71/50/50 13/49/49 41/51/51
f 35/38/38 42/52/52 39/46/46 37/43/43
f 71/50/50 42/52/52 35/38/38 33/32/32
f 8/53/53 44/54/54 43/55/55 513/56/56
f 71/57/57 43/55/55 45/58/58 42/59/59
f 513/56/56 43/55/55 71/57/57 41/60/60
f 44/54/54 491/61/61 68/62/62 43/55/55
f 68/62/62 46/63/63 45/58/58 43/55/55
f 47/64/64 110/65/65 30/66/66 32/67/67
f 111/68/68 47/64/64 32/67/67 31/69/69
f 48/70/70 40/71/71 39/72/72 3/73/73
f 23/74/74 494/75/75 22/76/76
f 498/77/77 497/78/78 40/71/71 31/69/69 6/79/79
f 40/71/71 497/78/78 499/80/80
f 6/79/79 31/69/69 14/81/81
f 45/58/58 46/63/63 69/82/82 42/59/59
f 112/83/83 23/74/74 26/84/84 113/85/85
f 113/85/85 26/84/84 25/86/86 2/87/87
f 25/86/86 30/66/66 110/65/65 2/87/87
f 39/72/72 42/59/59 69/82/82 3/73/73
f 494/75/75 70/88/88 1/89/89 496/90/90 495/91/90 4/92/90 493/93/90
f 70/88/88 494/75/75 23/74/74 112/83/83
f 111/68/68 31/69/69 40/71/71 48/70/70
f 56/94/91 55/95/92 53/96/93 54/97/94
f 60/98/95 49/99/96 50/100/97 59/101/98
f 58/102/99 59/103/100 50/104/101 52/105/101
f 66/106/102 58/107/103 52/108/104 63/109/105
f 57/110/106 51/111/107 49/99/96 60/98/95
f 64/112/108 60/98/95 59/101/98 54/97/94 53/96/93
f 58/102/99 62/113/109 56/114/109 54/115/109 59/103/100
f 58/107/103 66/106/102 61/116/110 62/117/111
f 64/112/108 65/118/112 67/119/113 57/110/106 60/98/95
f 61/116/110 55/95/92 56/94/91 62/117/111
f 64/112/108 53/96/93 55/95/92 65/118/112
f 57/110/106 66/106/102 63/109/105 51/111/107
f 67/119/113 61/116/110 66/106/102 57/110/106
f 65/118/112 55/95/92 61/116/110 67/119/113
f 831/1/114 74/4/115 73/3/116 72/2/117
f 75/5/118 76/7/119 836/6/120
f 77/8/121 843/10/122 844/9/123
f 78/11/124 845/13/125 79/12/126 77/8/121
f 77/8/121 844/9/123 78/11/124
f 77/8/121 842/14/127 843/10/122
f 842/14/127 77/8/121 80/16/128 841/15/129
f 81/17/130 80/16/128 77/8/121 82/18/131
f 82/18/131 77/8/121 79/12/126
f 840/19/132 841/15/129 80/16/128 83/20/133
f 83/20/133 80/16/128 81/17/130
f 83/20/133 839/21/134 840/19/132
f 839/21/134 83/20/133 84/22/135
f 84/22/135 83/20/133 85/23/136
f 84/22/135 837/25/137 838/24/138
f 84/22/135 838/24/138 839/21/134
f 83/20/133 81/17/130 86/26/139 85/23/136
f 837/25/137 84/22/135 75/5/118 87/27/140
f 75/5/118 836/6/120 87/27/140
f 76/7/119 75/5/118 89/29/141 88/28/142
f 89/29/141 75/5/118 90/30/143
f 85/23/136 86/26/139 90/30/143
f 75/5/118 84/22/135 85/23/136 90/30/143
f 91/31/144 787/33/145 92/32/146
f 833/34/147 91/31/144 92/32/146
f 834/35/148 833/34/147 92/32/146
f 93/36/149 92/32/146 787/33/145 832/37/150
f 94/38/151 92/32/146 93/36/149
f 93/36/149 832/37/150 96/40/152 95/39/153
f 96/40/152 97/41/154 95/39/153
f 95/39/153 97/41/154 747/42/155 72/2/117
f 98/43/156 95/39/153 72/2/117
f 747/42/155 831/1/114 72/2/117
f 98/43/156 94/38/151 93/36/149 95/39/153
f 99/44/157 72/2/117 73/3/116 100/45/158
f 98/43/156 72/2/117 99/44/157 101/46/159
f 830/47/160 102/48/161 99/44/157 100/45/158
f 99/44/157 102/48/161 101/46/159
f 834/35/148 92/32/146 103/50/162 835/49/163
f 103/50/162 104/51/164 835/49/163
f 94/38/151 98/43/156 101/46/159 105/52/165
f 103/50/162 92/32/146 94/38/151 105/52/165
f 826/53/166 108/56/167 107/55/168 106/54/169
f 103/57/170 105/59/171 109/58/172 107/55/168
f 108/56/167 104/60/173 103/57/170 107/55/168
f 106/54/169 107/55/168 68/62/62 491/61/61
f 68/62/62 107/55/168 109/58/172 46/63/174
f 47/64/64 90/67/67 86/66/66 110/65/65
f 111/68/68 89/69/175 90/67/67 47/64/64
f 48/70/70 3/73/73 101/72/72 102/71/176
f 79/74/177 845/76/178 735/75/179
f 771/77/180 775/79/181 89/69/175 102/71/176 770/78/182
f 102/71/176 830/80/183 770/78/182
f 775/79/181 88/81/184 89/69/175
f 109/58/172 105/59/171 69/82/82 46/63/174
f 112/83/83 113/85/85 82/84/84 79/74/177
f 113/85/85 2/87/87 81/86/86 82/84/84
f 81/86/86 2/87/87 110/65/65 86/66/66
f 101/72/72 3/73/73 69/82/82 105/59/171
f 735/75/179 115/93/185 114/92/185 741/91/185 744/90/185 1/89/89 70/88/88
f 70/88/88 112/83/83 79/74/177 735/75/179
f 111/68/68 48/70/70 102/71/176 89/69/175
f 116/94/186 119/97/187 118/96/188 117/95/189
f 120/98/190 123/101/191 122/100/192 121/99/193
f 124/102/194 125/105/195 122/104/195 123/103/196
f 126/106/197 127/109/198 125/108/199 124/107/200
f 128/110/201 120/98/190 121/99/193 129/111/202
f 130/112/203 118/96/188 119/97/187 123/101/191 120/98/190
f 124/102/194 123/103/196 119/115/204 116/114/204 131/113/204
f 124/107/200 131/117/205 132/116/206 126/106/197
f 130/112/203 120/98/190 128/110/201 134/119/207 133/118/208
f 132/116/206 131/117/205 116/94/186 117/95/189
f 130/112/203 133/118/208 117/95/189 118/96/188
f 128/110/201 129/111/202 127/109/198 126/106/197
f 134/119/207 128/110/201 126/106/197 132/116/206
f 133/118/208 134/119/207 132/116/206 117/95/189
f 482/120/209 145/121/210 144/122/211 143/123/212
f 483/124/213 146/125/214 145/121/210 482/120/209
f 517/126/215 147/127/216 146/125/214 483/124/213
f 148/128/217 150/129/218 149/130/219
f 484/131/220 522/132/221 149/130/219 150/129/218
f 147/127/216 517/126/215 485/133/222 151/134/223
f 485/135/224 525/136/225 152/137/226 151/138/227
f 525/136/225 484/131/220 150/129/218 152/137/226
f 144/122/211 145/121/210 154/139/228 153/140/229
f 145/121/210 146/125/214 155/141/230 154/139/228
f 146/125/214 147/127/216 156/142/231 155/141/230
f 152/137/226 150/129/218 158/143/232 157/144/233
f 148/128/217 159/145/234 158/143/232 150/129/218
f 160/146/235 149/130/219 522/132/221 161/147/236
f 161/147/236 486/148/237 162/149/238 160/146/235
f 135/150/239 163/151/240 162/149/238 486/148/237
f 163/151/240 164/152/241 162/149/238
f 164/152/241 160/146/235 162/149/238
f 165/153/242 148/128/217 149/130/219 160/146/235
f 166/154/243 167/155/244 165/153/242
f 164/152/241 166/154/243 165/153/242 160/146/235
f 167/155/244 148/128/217 165/153/242
f 168/156/245 159/145/234 148/128/217 167/155/244
f 151/134/223 169/157/246 156/142/231 147/127/216
f 157/144/233 169/158/247 151/138/227 152/137/226
f 170/159/248 171/160/249 144/122/211 153/140/229
f 171/160/249 172/161/250 143/123/212 144/122/211
f 487/162/251 174/163/252 173/164/253 545/165/254
f 175/166/255 177/167/256 176/168/257
f 178/169/258 177/167/256 179/170/259
f 177/167/256 175/166/255 180/171/260 179/170/259
f 180/171/260 175/166/255 174/163/252
f 174/163/252 487/162/251 553/172/261 180/171/260
f 555/173/262 172/174/263 171/175/264 181/176/265
f 181/176/265 182/177/266 556/178/267 555/173/262
f 170/179/268 183/180/269 181/176/265 171/175/264
f 184/181/270 183/180/269 170/179/268
f 185/182/271 186/183/272 183/180/269
f 181/176/265 183/180/269 186/183/272 182/177/266
f 178/184/273 179/185/274 188/186/275 187/187/276
f 187/187/276 188/186/275 190/188/277 189/189/278
f 179/185/274 180/190/279 191/191/280 188/186/275
f 192/192/281 193/193/282 189/189/278 190/188/277
f 193/193/282 192/192/281 186/183/272 185/182/271
f 186/183/272 192/192/281 194/194/283 182/177/266
f 195/195/284 194/194/283 192/192/281 190/188/277
f 188/186/275 191/191/280 195/195/284 190/188/277
f 571/196/285 556/178/267 182/177/266 194/194/283
f 180/190/279 553/197/286 488/198/287 191/191/280
f 191/191/280 488/198/287 136/199/288 195/195/284
f 136/199/288 571/196/285 194/194/283 195/195/284
f 196/200/289 197/201/290 159/145/234 168/156/245
f 197/201/290 198/202/291 158/143/232 159/145/234
f 198/202/291 199/203/292 157/144/233 158/143/232
f 199/203/292 169/158/247 157/144/233
f 200/204/293 156/142/231 169/157/246 199/205/294
f 489/206/295 201/207/296 163/151/240 135/150/239
f 201/207/296 166/154/243 164/152/241 163/151/240
f 201/208/297 489/209/298 578/210/299 202/211/300
f 203/212/301 583/213/302 580/214/303 204/215/304
f 578/210/299 137/216/305 205/217/306 202/211/300
f 205/217/306 137/216/305 583/213/302 203/212/301
f 202/211/300 206/218/307 201/208/297
f 207/219/308 166/154/243 201/207/296
f 580/214/303 209/220/309 208/221/310 204/215/304
f 210/222/311 204/215/304 208/221/310 211/223/312
f 212/224/313 203/212/301 204/215/304 210/222/311
f 202/211/300 205/217/306 213/225/314 206/218/307
f 213/225/314 205/217/306 203/212/301 212/224/313
f 214/226/315 215/227/316 210/222/311 211/223/312
f 216/228/317 217/229/318 215/227/316 214/226/315
f 218/230/319 212/224/313 210/222/311 215/227/316
f 219/231/320 221/232/321 217/233/322 220/234/323
f 217/229/318 221/235/324 218/230/319 215/227/316
f 222/236/325 213/225/314 212/224/313 218/230/319
f 221/235/324 223/237/326 222/236/325 218/230/319
f 219/231/320 224/238/327 223/239/328 221/232/321
f 225/240/329 168/156/245 167/155/244
f 222/236/325 226/241/330 206/218/307 213/225/314
f 206/218/307 226/241/330 207/242/331 201/208/297
f 207/219/308 225/240/329 167/155/244 166/154/243
f 226/241/330 225/243/332 207/242/331
f 225/240/329 196/200/289 168/156/245
f 223/237/326 227/244/333 226/241/330 222/236/325
f 226/241/330 227/244/333 225/243/332
f 227/245/334 228/246/335 196/247/336 225/248/337
f 228/246/335 229/249/338 197/250/339 196/247/336
f 229/249/338 230/251/340 198/252/341 197/250/339
f 230/251/340 231/253/342 199/254/343 198/252/341
f 231/253/342 232/255/344 200/256/345 199/254/343
f 224/238/327 233/257/346 227/245/334 223/239/328
f 233/257/346 228/246/335 227/245/334
f 228/246/335 233/257/346 235/258/347 234/259/348
f 236/260/349 155/141/230 156/142/231 200/204/293
f 232/255/344 237/261/350 236/262/351 200/256/345
f 238/263/352 154/139/228 155/141/230 236/260/349
f 176/264/353 177/265/354 240/266/355 239/267/356
f 241/268/357 242/269/358 187/187/276 189/189/278
f 243/270/359 244/271/360 242/272/361 241/273/362
f 178/274/363 242/272/361 240/266/355 177/265/354
f 242/272/361 244/271/360 240/266/355
f 242/269/358 178/184/273 187/187/276
f 240/266/355 244/271/360 245/275/364 239/267/356
f 189/189/278 193/193/282 246/276/365 241/268/357
f 246/277/366 247/278/367 243/270/359 241/273/362
f 193/193/282 185/182/271 248/279/368 246/276/365
f 246/277/366 248/280/369 249/281/370 247/278/367
f 184/181/270 248/279/368 185/182/271 183/180/269
f 234/259/348 250/282/371 229/249/338 228/246/335
f 251/283/372 252/284/373 239/267/356 245/275/364
f 252/284/373 176/264/353 239/267/356
f 253/285/374 175/166/255 176/168/257 252/286/375
f 174/163/252 175/166/255 253/285/374 173/164/253
f 254/287/376 255/288/377 253/285/374 252/286/375
f 256/289/378 173/164/253 253/285/374
f 255/288/377 257/290/379 256/289/378 253/285/374
f 256/289/378 636/291/380 545/165/254 173/164/253
f 637/292/381 636/291/380 256/289/378 257/290/379
f 252/284/373 258/293/382 254/294/383
f 259/295/384 260/296/385 254/297/386 258/298/387
f 261/299/388 262/300/389 260/296/385 259/295/384
f 260/301/390 263/302/391 255/288/377 254/287/376
f 262/300/389 264/303/392 263/304/393 260/296/385
f 263/302/391 265/305/394 257/290/379 255/288/377
f 264/303/392 266/306/395 265/307/396 263/304/393
f 265/305/394 490/308/397 637/292/381 257/290/379
f 267/309/398 648/310/399 490/308/397 265/305/394
f 208/221/310 269/311/400 268/312/401
f 270/313/402 273/314/403 272/315/404 271/316/405
f 209/220/309 138/317/406 269/311/400 208/221/310
f 138/317/406 274/318/407 270/313/402 269/311/400
f 270/313/402 274/318/407 655/319/408 273/314/403
f 211/223/312 268/312/401 275/320/409 214/226/315
f 268/312/401 211/223/312 208/221/310
f 271/316/405 276/321/410 270/313/402
f 276/321/410 268/312/401 269/311/400 270/313/402
f 276/322/411 278/323/412 277/324/413 268/325/414
f 220/234/323 280/326/415 279/327/416
f 216/328/417 280/326/415 220/234/323 217/233/322
f 214/226/315 275/320/409 281/329/418 216/228/317
f 277/324/413 282/330/419 275/331/420 268/325/414
f 216/328/417 281/332/421 280/326/415
f 282/330/419 281/332/421 275/331/420
f 283/333/422 282/330/419 277/324/413 284/334/423
f 285/335/424 273/314/403 655/319/408 139/336/425
f 285/335/424 286/337/426 272/315/404 273/314/403
f 286/337/426 276/321/410 271/316/405 272/315/404
f 278/323/412 287/338/427 284/334/423 277/324/413
f 276/322/411 286/339/428 287/338/427 278/323/412
f 288/340/429 283/333/422 284/334/423 287/338/427
f 289/341/430 283/333/422 288/340/429
f 282/330/419 283/333/422 289/341/430 281/332/421
f 290/342/431 280/326/415 281/332/421 289/341/430
f 291/343/432 279/327/416 280/326/415 290/342/431
f 292/344/433 219/231/320 220/234/323 279/327/416
f 292/344/433 293/345/434 224/238/327 219/231/320
f 293/345/434 294/346/435 233/257/346 224/238/327
f 492/347/436 295/348/437 294/346/435 293/345/434
f 296/349/438 299/350/439 298/351/440 297/352/441
f 299/350/439 301/353/442 300/354/443 298/351/440
f 294/346/435 300/354/443 301/353/442 233/257/346
f 294/346/435 295/348/437 302/355/444 300/354/443
f 298/351/440 304/356/445 303/357/446 297/352/441
f 304/356/445 298/351/440 300/354/443 302/355/444
f 297/352/441 306/358/447 305/359/448 296/349/438
f 307/360/449 306/358/447 308/361/450
f 305/359/448 306/358/447 307/360/449
f 297/352/441 303/357/446 309/362/451 306/358/447
f 309/362/451 310/363/452 308/361/450 306/358/447
f 259/295/384 312/364/453 311/365/454 261/299/388
f 251/283/372 313/366/455 258/293/382 252/284/373
f 313/367/456 312/364/453 259/295/384 258/298/387
f 312/364/453 315/368/457 314/369/458 311/365/454
f 245/275/364 316/370/459 251/283/372
f 313/367/456 315/368/457 312/364/453
f 251/283/372 316/370/459 315/371/460 313/366/455
f 245/275/364 244/271/360 317/372/461 316/370/459
f 316/370/459 318/373/462 314/374/463 315/371/460
f 317/372/461 318/373/462 316/370/459
f 317/372/461 319/375/464 318/373/462
f 308/361/450 320/376/465 243/270/359 307/360/449
f 310/363/452 320/376/465 308/361/450
f 244/271/360 243/270/359 320/376/465 317/372/461
f 320/376/465 321/377/466 319/375/464 317/372/461
f 321/377/466 320/376/465 310/363/452
f 318/373/462 319/375/464 323/378/467 322/379/468
f 324/380/469 706/381/470 648/382/471 267/383/472
f 266/306/395 324/380/469 267/383/472 265/307/396
f 325/384/473 324/380/469 266/306/395
f 264/303/392 326/385/474 325/384/473 266/306/395
f 262/300/389 327/386/475 326/385/474 264/303/392
f 261/299/388 328/387/476 327/386/475 262/300/389
f 261/299/388 311/365/454 329/388/477 328/387/476
f 322/379/468 330/389/478 314/374/463 318/373/462
f 330/390/479 329/388/477 311/365/454 314/369/458
f 331/391/480 332/392/481 330/390/479
f 330/390/479 332/392/481 329/388/477
f 331/391/480 334/393/482 333/394/483 332/392/481
f 332/392/481 333/394/483 328/387/476 329/388/477
f 335/395/484 336/396/485 333/394/483 334/393/482
f 333/394/483 336/396/485 327/386/475 328/387/476
f 337/397/486 338/398/487 336/396/485 335/395/484
f 336/396/485 338/398/487 326/385/474 327/386/475
f 339/399/488 340/400/489 338/398/487 337/397/486
f 338/398/487 340/400/489 325/384/473 326/385/474
f 325/384/473 340/400/489 324/380/469
f 341/401/490 140/402/491 340/400/489 339/399/488
f 140/402/491 706/381/470 324/380/469 340/400/489
f 342/403/492 724/404/493 341/405/494 339/406/495
f 339/406/495 337/407/496 343/408/497 342/403/492
f 337/407/496 335/409/498 344/410/499 343/408/497
f 345/411/500 334/412/501 346/413/502
f 335/409/498 334/412/501 345/411/500 344/410/499
f 331/414/503 347/415/504 346/413/502 334/412/501
f 347/415/504 331/414/503 330/416/505
f 330/416/505 322/417/506 348/418/507 347/415/504
f 349/419/508 350/420/509 347/415/504 348/418/507
f 351/421/510 352/422/511 350/420/509 349/419/508
f 493/423/512 352/422/511 351/421/510 494/424/513
f 350/420/509 353/425/514 346/413/502 347/415/504
f 4/426/515 354/427/516 352/422/511 493/423/512
f 353/425/514 355/428/517 345/411/500 346/413/502
f 354/427/516 355/428/517 353/425/514
f 344/410/499 345/411/500 355/428/517 356/429/518
f 352/422/511 354/427/516 353/425/514 350/420/509
f 4/426/515 495/430/519 357/431/520 354/427/516
f 357/431/520 356/429/518 355/428/517 354/427/516
f 356/429/518 358/432/521 343/408/497 344/410/499
f 357/431/520 359/433/522 358/432/521 356/429/518
f 495/430/519 496/434/523 359/433/522 357/431/520
f 496/434/523 1/435/524 360/436/525 359/433/522
f 358/432/521 361/437/526 342/403/492 343/408/497
f 359/433/522 360/436/525 361/437/526 358/432/521
f 724/404/493 342/403/492 361/437/526 141/438/527
f 361/437/526 360/436/525 141/438/527
f 362/439/528 295/348/437 5/440/529
f 362/439/528 363/441/530 302/355/444 295/348/437
f 363/441/530 364/442/531 304/356/445 302/355/444
f 364/442/531 365/443/532 303/357/446 304/356/445
f 366/444/533 309/362/451 303/357/446 365/443/532
f 367/445/534 310/363/452 309/362/451 366/444/533
f 367/445/534 366/444/533 369/446/535 368/447/536
f 370/448/537 373/449/538 372/450/539 371/451/540
f 372/450/539 373/449/538 365/443/532 364/442/531
f 366/444/533 365/443/532 373/449/538 369/446/535
f 373/449/538 370/448/537 374/452/541 369/446/535
f 375/453/542 376/454/543 371/451/540 372/450/539
f 364/442/531 363/441/530 375/453/542 372/450/539
f 363/441/530 362/439/528 377/455/544 375/453/542
f 377/455/544 378/456/545 376/454/543 375/453/542
f 379/457/546 368/447/536 369/446/535 374/452/541
f 380/458/547 381/459/548 376/454/543 378/456/545
f 381/459/548 382/460/549 371/451/540 376/454/543
f 497/461/550 498/462/551 384/463/552 383/464/553
f 382/460/549 385/465/554 370/448/537 371/451/540
f 384/463/552 385/465/554 382/460/549
f 383/464/553 384/463/552 382/460/549 381/459/548
f 385/465/554 386/466/555 374/452/541 370/448/537
f 387/467/556 386/466/555 385/465/554 384/463/552
f 6/468/557 387/467/556 384/463/552 498/462/551
f 388/469/558 390/470/559 389/471/560
f 289/341/430 388/472/561 389/473/562 290/342/431
f 388/469/558 391/474/563 390/470/559
f 139/336/425 781/475/564 392/476/565 285/335/424
f 392/477/566 781/478/567 394/479/568 393/480/569
f 395/481/570 286/337/426 285/335/424 392/476/565
f 395/482/571 287/338/427 286/339/428
f 288/340/429 396/483/572 388/472/561 289/341/430
f 396/484/573 397/485/574 391/474/563 388/469/558
f 396/483/572 288/340/429 287/338/427 395/482/571
f 397/485/574 396/484/573 395/486/575
f 393/480/569 397/485/574 395/486/575 392/477/566
f 398/487/576 291/343/432 290/342/431 389/473/562
f 279/327/416 291/343/432 7/488/577 292/344/433
f 389/471/560 400/489/578 399/490/579 398/491/580
f 400/489/578 402/492/581 401/493/582 399/490/579
f 400/489/578 389/471/560 390/470/559
f 402/492/581 403/494/583 401/493/582
f 390/470/559 391/474/563 404/495/584 400/489/578
f 404/495/584 405/496/585 402/492/581 400/489/578
f 402/492/581 405/496/585 406/497/586 403/494/583
f 391/474/563 407/498/587 404/495/584
f 404/495/584 407/498/587 408/499/588 405/496/585
f 405/496/585 408/499/588 409/500/589 406/497/586
f 397/485/574 410/501/590 407/498/587 391/474/563
f 407/498/587 410/501/590 411/502/591 408/499/588
f 393/480/569 412/503/592 410/501/590 397/485/574
f 412/503/592 413/504/593 411/502/591 410/501/590
f 394/479/568 142/505/594 412/503/592 393/480/569
f 142/505/594 803/506/595 413/504/593 412/503/592
f 408/499/588 414/507/596 409/500/589
f 414/507/596 416/508/597 415/509/598 409/500/589
f 411/502/591 417/510/599 414/507/596 408/499/588
f 808/511/600 418/512/601 413/504/593 803/506/595
f 411/502/591 413/504/593 418/512/601 417/510/599
f 417/510/599 420/513/602 419/514/603 414/507/596
f 419/514/603 416/508/597 414/507/596
f 416/508/597 419/514/603 421/515/604
f 815/516/605 423/517/606 422/518/607 814/519/608
f 419/514/603 422/518/607 421/515/604
f 422/518/607 419/514/603 420/513/602
f 814/519/608 422/518/607 420/513/602 817/520/609
f 817/520/609 420/513/602 418/512/601 808/511/600
f 418/512/601 420/513/602 417/510/599
f 421/515/604 423/517/606 416/508/597
f 423/517/606 421/515/604 422/518/607
f 424/521/610 415/509/598 416/508/597
f 416/508/597 423/517/606 425/522/611 424/521/610
f 815/516/605 820/523/612 425/522/611 423/517/606
f 426/524/613 425/522/611 820/523/612 821/525/614
f 403/494/583 406/497/586 428/526/615 427/527/616
f 415/509/598 428/526/615 406/497/586 409/500/589
f 426/524/613 429/528/617 424/521/610 425/522/611
f 415/509/598 424/521/610 429/528/617 428/526/615
f 8/529/618 430/530/619 429/528/617
f 429/528/617 430/530/619 428/526/615
f 430/530/619 427/527/616 428/526/615
f 170/159/248 153/140/229 431/531/620 184/532/621
f 248/280/369 432/533/622 249/281/370
f 238/263/352 431/531/620 153/140/229 154/139/228
f 184/534/623 431/535/624 432/533/622 248/280/369
f 380/458/547 9/536/625 383/464/553 381/459/548
f 383/464/553 9/536/625 499/537/626 497/461/550
f 500/538/627 380/458/547 378/456/545 10/539/628
f 500/538/627 9/536/625 380/458/547
f 377/455/544 501/540/629 10/539/628 378/456/545
f 362/439/528 5/440/529 501/540/629 377/455/544
f 295/348/437 492/347/436 5/440/529
f 502/541/630 293/345/434 292/344/433 12/542/631
f 293/345/434 502/541/630 492/347/436
f 292/344/433 7/488/577 12/542/631
f 7/488/577 291/343/432 398/487/576
f 503/543/632 7/544/633 398/491/580 399/490/579
f 504/545/634 503/543/632 399/490/579 401/493/582
f 403/494/583 505/546/635 504/545/634 401/493/582
f 403/494/583 427/527/616 13/547/636 505/546/635
f 14/548/637 506/549/638 387/467/556 6/468/557
f 386/466/555 15/550/639 379/457/546 374/452/541
f 506/549/638 15/550/639 386/466/555 387/467/556
f 15/550/639 16/551/640 379/457/546
f 16/551/640 507/552/641 368/447/536 379/457/546
f 507/552/641 508/553/642 367/445/534 368/447/536
f 508/553/642 509/554/643 310/363/452 367/445/534
f 509/554/643 510/555/644 321/377/466 310/363/452
f 18/556/645 319/375/464 321/377/466 510/555/644
f 19/557/646 319/375/464 18/556/645
f 319/375/464 19/557/646 323/378/467
f 323/558/647 20/559/648 348/418/507 322/417/506
f 19/560/649 20/559/648 323/558/647
f 348/418/507 20/559/648 511/561/650 349/419/508
f 349/419/508 511/561/650 512/562/651 351/421/510
f 512/562/651 22/563/652 494/424/513 351/421/510
f 427/527/616 513/564/653 41/565/654 13/547/636
f 513/564/653 427/527/616 430/530/619 8/529/618
f 426/524/613 44/566/655 8/529/618 429/528/617
f 821/525/614 491/567/656 44/566/655 426/524/613
f 299/350/439 296/349/438 434/568/657 433/569/658
f 296/349/438 435/570/659 434/568/657
f 435/570/659 436/571/660 434/568/657
f 437/572/661 439/573/662 438/574/663
f 232/255/344 440/575/664 437/572/661 237/261/350
f 232/255/344 441/576/665 440/575/664
f 442/577/666 443/578/667 231/253/342 230/251/340
f 231/253/342 443/578/667 441/576/665 232/255/344
f 230/251/340 229/249/338 250/282/371 442/577/666
f 444/579/668 301/353/442 299/350/439 433/569/658
f 301/353/442 444/579/668 235/258/347 233/257/346
f 444/579/668 250/282/371 234/259/348 235/258/347
f 435/570/659 446/580/669 445/581/670 436/571/660
f 445/581/670 446/580/669 438/574/663 439/573/662
f 440/575/664 447/582/671 439/573/662 437/572/661
f 447/582/671 440/575/664 441/576/665 448/583/672
f 443/578/667 449/584/673 448/583/672 441/576/665
f 442/577/666 450/585/674 449/584/673 443/578/667
f 250/282/371 451/586/675 450/585/674 442/577/666
f 444/579/668 452/587/676 451/586/675 250/282/371
f 450/585/674 453/588/677 449/584/673
f 454/589/678 453/588/677 452/587/676
f 451/586/675 453/588/677 450/585/674
f 452/587/676 453/588/677 451/586/675
f 433/569/658 454/589/678 452/587/676 444/579/668
f 434/568/657 436/571/660 454/589/678 433/569/658
f 455/590/679 454/589/678 436/571/660 445/581/670
f 454/589/678 455/590/679 453/588/677
f 455/590/679 449/584/673 453/588/677
f 447/582/671 455/590/679 445/581/670 439/573/662
f 448/583/672 449/584/673 455/590/679 447/582/671
f 243/270/359 456/591/680 307/360/449
f 247/278/367 457/592/681 456/591/680 243/270/359
f 249/281/370 458/593/682 457/592/681 247/278/367
f 458/593/682 460/594/683 459/595/684 457/592/681
f 432/533/622 461/596/685 458/593/682 249/281/370
f 432/533/622 462/597/686 461/596/685
f 462/597/686 463/598/687 461/596/685
f 431/535/624 462/597/686 432/533/622
f 461/596/685 463/598/687 460/594/683 458/593/682
f 238/599/688 464/600/689 462/597/686 431/535/624
f 462/597/686 464/600/689 465/601/690 463/598/687
f 438/574/663 466/602/691 237/261/350 437/572/661
f 467/603/692 236/262/351 237/261/350
f 238/599/688 236/262/351 467/603/692 464/600/689
f 464/600/689 467/603/692 468/604/693 465/601/690
f 237/261/350 466/602/691 467/603/692
f 466/602/691 469/605/694 468/604/693 467/603/692
f 438/574/663 446/580/669 470/606/695 466/602/691
f 466/602/691 470/606/695 471/607/696 469/605/694
f 446/580/669 435/570/659 472/608/697 470/606/695
f 470/606/695 472/608/697 473/609/698 471/607/696
f 472/608/697 435/570/659 296/349/438
f 296/349/438 474/610/699 472/608/697
f 472/608/697 474/610/699 475/611/700 473/609/698
f 305/359/448 476/612/701 474/610/699 296/349/438
f 476/612/701 477/613/702 475/611/700 474/610/699
f 478/614/703 307/360/449 456/591/680
f 479/615/704 478/614/703 456/591/680
f 305/359/448 307/360/449 478/614/703 476/612/701
f 478/614/703 479/615/704 477/613/702 476/612/701
f 479/615/704 456/591/680 457/592/681 459/595/684
f 460/594/683 480/616/705 477/613/702 459/595/684
f 480/616/705 460/594/683 463/598/687 465/601/690
f 480/616/705 481/617/706 475/611/700 477/613/702
f 468/604/693 481/617/706 480/616/705 465/601/690
f 471/607/696 473/609/698 475/611/700 481/617/706
f 469/605/694 471/607/696 481/617/706 468/604/693
f 459/595/684 477/613/702 479/615/704
f 482/120/209 143/123/212 514/618/707 515/619/708
f 483/124/213 482/120/209 515/619/708 516/620/709
f 517/126/215 483/124/213 516/620/709 518/621/710
f 519/622/711 521/623/712 520/624/713
f 484/131/220 520/624/713 521/623/712 522/132/221
f 518/621/710 523/625/714 485/133/222 517/126/215
f 485/135/224 523/626/715 524/627/716 525/136/225
f 525/136/225 524/627/716 520/624/713 484/131/220
f 514/618/707 527/628/717 526/629/718 515/619/708
f 515/619/708 526/629/718 528/630/719 516/620/709
f 516/620/709 528/630/719 529/631/720 518/621/710
f 524/627/716 531/632/721 530/633/722 520/624/713
f 519/622/711 520/624/713 530/633/722 532/634/723
f 533/635/724 161/147/236 522/132/221 521/623/712
f 161/147/236 533/635/724 534/636/725 486/148/237
f 135/150/239 486/148/237 534/636/725 535/637/726
f 535/637/726 534/636/725 536/638/727
f 536/638/727 534/636/725 533/635/724
f 537/639/728 533/635/724 521/623/712 519/622/711
f 538/640/729 537/639/728 539/641/730
f 536/638/727 533/635/724 537/639/728 538/640/729
f 539/641/730 537/639/728 519/622/711
f 540/642/731 539/641/730 519/622/711 532/634/723
f 523/625/714 518/621/710 529/631/720 541/643/732
f 531/632/721 524/627/716 523/626/715 541/644/733
f 542/645/734 527/628/717 514/618/707 543/646/735
f 543/646/735 514/618/707 143/123/212 172/161/250
f 487/162/251 545/165/254 544/647/736 546/648/737
f 547/649/738 549/650/739 548/651/740
f 550/652/741 551/653/742 548/651/740
f 548/651/740 551/653/742 552/654/743 547/649/738
f 552/654/743 546/648/737 547/649/738
f 546/648/737 552/654/743 553/172/261 487/162/251
f 555/173/262 554/655/744 543/656/745 172/174/263
f 554/655/744 555/173/262 556/178/267 557/657/746
f 542/658/747 543/656/745 554/655/744 558/659/748
f 559/660/749 542/658/747 558/659/748
f 560/661/750 558/659/748 561/662/751
f 554/655/744 557/657/746 561/662/751 558/659/748
f 550/663/752 563/664/753 562/665/754 551/666/755
f 563/664/753 565/667/756 564/668/757 562/665/754
f 551/666/755 562/665/754 566/669/758 552/670/759
f 567/671/760 564/668/757 565/667/756 568/672/761
f 568/672/761 560/661/750 561/662/751 567/671/760
f 561/662/751 557/657/746 569/673/762 567/671/760
f 570/674/763 564/668/757 567/671/760 569/673/762
f 562/665/754 564/668/757 570/674/763 566/669/758
f 571/196/285 569/673/762 557/657/746 556/178/267
f 552/670/759 566/669/758 488/198/287 553/197/286
f 566/669/758 570/674/763 136/199/288 488/198/287
f 136/199/288 570/674/763 569/673/762 571/196/285
f 572/675/764 540/642/731 532/634/723 573/676/765
f 573/676/765 532/634/723 530/633/722 574/677/766
f 574/677/766 530/633/722 531/632/721 575/678/767
f 575/678/767 531/632/721 541/644/733
f 576/679/768 575/680/769 541/643/732 529/631/720
f 489/206/295 135/150/239 535/637/726 577/681/770
f 577/681/770 535/637/726 536/638/727 538/640/729
f 577/682/771 579/683/772 578/210/299 489/209/298
f 582/684/773 581/685/774 580/214/303 583/213/302
f 578/210/299 579/683/772 584/686/775 137/216/305
f 584/686/775 582/684/773 583/213/302 137/216/305
f 579/683/772 577/682/771 585/687/776
f 586/688/777 577/681/770 538/640/729
f 580/214/303 581/685/774 587/689/778 209/220/309
f 589/690/779 588/691/780 587/689/778 581/685/774
f 590/692/781 589/690/779 581/685/774 582/684/773
f 579/683/772 585/687/776 591/693/782 584/686/775
f 591/693/782 590/692/781 582/684/773 584/686/775
f 592/694/783 588/691/780 589/690/779 593/695/784
f 594/696/785 592/694/783 593/695/784 595/697/786
f 596/698/787 593/695/784 589/690/779 590/692/781
f 598/699/788 597/700/789 595/701/790 599/702/791
f 595/697/786 593/695/784 596/698/787 599/703/792
f 600/704/793 596/698/787 590/692/781 591/693/782
f 599/703/792 596/698/787 600/704/793 601/705/794
f 598/699/788 599/702/791 601/706/795 602/707/796
f 603/708/797 539/641/730 540/642/731
f 600/704/793 591/693/782 585/687/776 604/709/798
f 585/687/776 577/682/771 586/710/799 604/709/798
f 586/688/777 538/640/729 539/641/730 603/708/797
f 604/709/798 586/710/799 603/711/800
f 603/708/797 540/642/731 572/675/764
f 601/705/794 600/704/793 604/709/798 605/712/801
f 604/709/798 603/711/800 605/712/801
f 605/713/802 603/714/803 572/715/804 606/716/805
f 606/716/805 572/715/804 573/717/806 607/718/807
f 607/718/807 573/717/806 574/719/808 608/720/809
f 608/720/809 574/719/808 575/721/810 609/722/811
f 609/722/811 575/721/810 576/723/812 610/724/813
f 602/707/796 601/706/795 605/713/802 611/725/814
f 611/725/814 605/713/802 606/716/805
f 606/716/805 613/726/815 612/727/816 611/725/814
f 614/728/817 576/679/768 529/631/720 528/630/719
f 610/724/813 576/723/812 614/729/818 615/730/819
f 616/731/820 614/728/817 528/630/719 526/629/718
f 549/732/821 618/733/822 617/734/823 548/735/824
f 619/736/825 565/667/756 563/664/753 620/737/826
f 621/738/827 619/739/828 620/740/829 622/741/830
f 550/742/831 548/735/824 617/734/823 620/740/829
f 620/740/829 617/734/823 622/741/830
f 620/737/826 563/664/753 550/663/752
f 617/734/823 618/733/822 623/743/832 622/741/830
f 565/667/756 619/736/825 624/744/833 568/672/761
f 624/745/834 619/739/828 621/738/827 625/746/835
f 568/672/761 624/744/833 626/747/836 560/661/750
f 624/745/834 625/746/835 627/748/837 626/749/838
f 559/660/749 558/659/748 560/661/750 626/747/836
f 613/726/815 606/716/805 607/718/807 628/750/839
f 629/751/840 623/743/832 618/733/822 630/752/841
f 630/752/841 618/733/822 549/732/821
f 631/753/842 630/754/843 549/650/739 547/649/738
f 546/648/737 544/647/736 631/753/842 547/649/738
f 632/755/844 630/754/843 631/753/842 633/756/845
f 634/757/846 631/753/842 544/647/736
f 633/756/845 631/753/842 634/757/846 635/758/847
f 634/757/846 544/647/736 545/165/254 636/291/380
f 637/292/381 635/758/847 634/757/846 636/291/380
f 630/752/841 632/759/848 638/760/849
f 639/761/850 638/762/851 632/763/852 640/764/853
f 641/765/854 639/761/850 640/764/853 642/766/855
f 640/767/856 632/755/844 633/756/845 643/768/857
f 642/766/855 640/764/853 643/769/858 644/770/859
f 643/768/857 633/756/845 635/758/847 645/771/860
f 644/770/859 643/769/858 645/772/861 646/773/862
f 645/771/860 635/758/847 637/292/381 490/308/397
f 647/774/863 645/771/860 490/308/397 648/310/399
f 587/689/778 650/775/864 649/776/865
f 653/777/866 652/778/867 651/779/868 654/780/869
f 209/220/309 587/689/778 649/776/865 138/317/406
f 138/317/406 649/776/865 653/777/866 274/318/407
f 653/777/866 654/780/869 655/319/408 274/318/407
f 588/691/780 592/694/783 656/781/870 650/775/864
f 650/775/864 587/689/778 588/691/780
f 652/778/867 653/777/866 657/782/871
f 657/782/871 653/777/866 649/776/865 650/775/864
f 657/783/872 650/784/873 658/785/874 659/786/875
f 597/700/789 661/787/876 660/788/877
f 594/789/878 595/701/790 597/700/789 660/788/877
f 592/694/783 594/696/785 662/790/879 656/781/870
f 658/785/874 650/784/873 656/791/880 663/792/881
f 594/789/878 660/788/877 662/793/882
f 663/792/881 656/791/880 662/793/882
f 665/794/883 664/795/884 658/785/874 663/792/881
f 666/796/885 139/336/425 655/319/408 654/780/869
f 666/796/885 654/780/869 651/779/868 667/797/886
f 667/797/886 651/779/868 652/778/867 657/782/871
f 659/786/875 658/785/874 664/795/884 668/798/887
f 657/783/872 659/786/875 668/798/887 667/799/888
f 669/800/889 668/798/887 664/795/884 665/794/883
f 670/801/890 669/800/889 665/794/883
f 663/792/881 662/793/882 670/801/890 665/794/883
f 671/802/891 670/801/890 662/793/882 660/788/877
f 672/803/892 671/802/891 660/788/877 661/787/876
f 673/804/893 661/787/876 597/700/789 598/699/788
f 673/804/893 598/699/788 602/707/796 674/805/894
f 674/805/894 602/707/796 611/725/814 675/806/895
f 97/807/896 674/805/894 675/806/895 676/808/897
f 679/809/898 678/810/899 677/811/900 680/812/901
f 680/812/901 677/811/900 681/813/902 682/814/903
f 675/806/895 611/725/814 682/814/903 681/813/902
f 675/806/895 681/813/902 683/815/904 676/808/897
f 677/811/900 678/810/899 684/816/905 685/817/906
f 685/817/906 683/815/904 681/813/902 677/811/900
f 678/810/899 679/809/898 686/818/907 687/819/908
f 688/820/909 689/821/910 687/819/908
f 686/818/907 688/820/909 687/819/908
f 678/810/899 687/819/908 690/822/911 684/816/905
f 690/822/911 687/819/908 689/821/910 691/823/912
f 639/761/850 641/765/854 692/824/913 693/825/914
f 629/751/840 630/752/841 638/760/849 694/826/915
f 694/827/916 638/762/851 639/761/850 693/825/914
f 693/825/914 692/824/913 695/828/917 696/829/918
f 623/743/832 629/751/840 697/830/919
f 694/827/916 693/825/914 696/829/918
f 629/751/840 694/826/915 696/831/920 697/830/919
f 623/743/832 697/830/919 698/832/921 622/741/830
f 697/830/919 696/831/920 695/833/922 699/834/923
f 698/832/921 697/830/919 699/834/923
f 698/832/921 699/834/923 700/835/924
f 689/821/910 688/820/909 621/738/827 701/836/925
f 691/823/912 689/821/910 701/836/925
f 622/741/830 698/832/921 701/836/925 621/738/827
f 701/836/925 698/832/921 700/835/924 702/837/926
f 702/837/926 691/823/912 701/836/925
f 699/834/923 704/838/927 703/839/928 700/835/924
f 705/840/929 647/841/930 648/382/471 706/381/470
f 646/773/862 645/772/861 647/841/930 705/840/929
f 707/842/931 646/773/862 705/840/929
f 644/770/859 646/773/862 707/842/931 708/843/932
f 642/766/855 644/770/859 708/843/932 709/844/933
f 641/765/854 642/766/855 709/844/933 710/845/934
f 641/765/854 710/845/934 711/846/935 692/824/913
f 704/838/927 699/834/923 695/833/922 712/847/936
f 712/848/937 695/828/917 692/824/913 711/846/935
f 713/849/938 712/848/937 714/850/939
f 712/848/937 711/846/935 714/850/939
f 713/849/938 714/850/939 715/851/940 716/852/941
f 714/850/939 711/846/935 710/845/934 715/851/940
f 717/853/942 716/852/941 715/851/940 718/854/943
f 715/851/940 710/845/934 709/844/933 718/854/943
f 719/855/944 717/853/942 718/854/943 720/856/945
f 718/854/943 709/844/933 708/843/932 720/856/945
f 721/857/946 719/855/944 720/856/945 722/858/947
f 720/856/945 708/843/932 707/842/931 722/858/947
f 707/842/931 705/840/929 722/858/947
f 341/401/490 721/857/946 722/858/947 140/402/491
f 140/402/491 722/858/947 705/840/929 706/381/470
f 723/859/948 721/860/949 341/405/494 724/404/493
f 721/860/949 723/859/948 725/861/950 719/862/951
f 719/862/951 725/861/950 726/863/952 717/864/953
f 727/865/954 728/866/955 716/867/956
f 717/864/953 726/863/952 727/865/954 716/867/956
f 713/868/957 716/867/956 728/866/955 729/869/958
f 729/869/958 712/870/959 713/868/957
f 712/870/959 729/869/958 730/871/960 704/872/961
f 731/873/962 730/871/960 729/869/958 732/874/963
f 733/875/964 731/873/962 732/874/963 734/876/965
f 115/877/966 735/878/967 733/875/964 734/876/965
f 732/874/963 729/869/958 728/866/955 736/879/968
f 114/880/969 115/877/966 734/876/965 737/881/970
f 736/879/968 728/866/955 727/865/954 738/882/971
f 737/881/970 736/879/968 738/882/971
f 726/863/952 739/883/972 738/882/971 727/865/954
f 734/876/965 732/874/963 736/879/968 737/881/970
f 114/880/969 737/881/970 740/884/973 741/885/974
f 740/884/973 737/881/970 738/882/971 739/883/972
f 739/883/972 726/863/952 725/861/950 742/886/975
f 740/884/973 739/883/972 742/886/975 743/887/976
f 741/885/974 740/884/973 743/887/976 744/888/977
f 744/888/977 743/887/976 360/436/525 1/435/524
f 742/886/975 725/861/950 723/859/948 745/889/978
f 743/887/976 742/886/975 745/889/978 360/436/525
f 724/404/493 141/438/527 745/889/978 723/859/948
f 745/889/978 141/438/527 360/436/525
f 746/890/979 747/891/980 676/808/897
f 746/890/979 676/808/897 683/815/904 748/892/981
f 748/892/981 683/815/904 685/817/906 749/893/982
f 749/893/982 685/817/906 684/816/905 750/894/983
f 751/895/984 750/894/983 684/816/905 690/822/911
f 752/896/985 751/895/984 690/822/911 691/823/912
f 752/896/985 754/897/986 753/898/987 751/895/984
f 757/899/988 756/900/989 755/901/990 758/902/991
f 755/901/990 749/893/982 750/894/983 758/902/991
f 751/895/984 753/898/987 758/902/991 750/894/983
f 758/902/991 753/898/987 759/903/992 757/899/988
f 760/904/993 755/901/990 756/900/989 761/905/994
f 749/893/982 755/901/990 760/904/993 748/892/981
f 748/892/981 760/904/993 762/906/995 746/890/979
f 762/906/995 760/904/993 761/905/994 763/907/996
f 764/908/997 759/903/992 753/898/987 754/897/986
f 765/909/998 763/907/996 761/905/994 766/910/999
f 766/910/999 761/905/994 756/900/989 767/911/1000
f 770/912/1001 769/913/1002 768/914/1003 771/915/1004
f 767/911/1000 756/900/989 757/899/988 772/916/1005
f 768/914/1003 767/911/1000 772/916/1005
f 769/913/1002 766/910/999 767/911/1000 768/914/1003
f 772/916/1005 757/899/988 759/903/992 773/917/1006
f 774/918/1007 768/914/1003 772/916/1005 773/917/1006
f 775/919/1008 771/915/1004 768/914/1003 774/918/1007
f 776/920/1009 778/921/1010 777/922/1011
f 670/801/890 671/802/891 778/923/1012 776/924/1013
f 776/920/1009 777/922/1011 779/925/1014
f 139/336/425 666/796/885 780/926/1015 781/475/564
f 780/927/1016 782/928/1017 394/479/568 781/478/567
f 783/929/1018 780/926/1015 666/796/885 667/797/886
f 783/930/1019 667/799/888 668/798/887
f 669/800/889 670/801/890 776/924/1013 784/931/1020
f 784/932/1021 776/920/1009 779/925/1014 785/933/1022
f 784/931/1020 783/930/1019 668/798/887 669/800/889
f 785/933/1022 783/934/1023 784/932/1021
f 782/928/1017 780/927/1016 783/934/1023 785/933/1022
f 786/935/1024 778/923/1012 671/802/891 672/803/892
f 661/787/876 673/804/893 787/936/1025 672/803/892
f 778/921/1010 786/937/1026 788/938/1027 789/939/1028
f 789/939/1028 788/938/1027 790/940/1029 791/941/1030
f 789/939/1028 777/922/1011 778/921/1010
f 791/941/1030 790/940/1029 792/942/1031
f 777/922/1011 789/939/1028 793/943/1032 779/925/1014
f 793/943/1032 789/939/1028 791/941/1030 794/944/1033
f 791/941/1030 792/942/1031 795/945/1034 794/944/1033
f 779/925/1014 793/943/1032 796/946/1035
f 793/943/1032 794/944/1033 797/947/1036 796/946/1035
f 794/944/1033 795/945/1034 798/948/1037 797/947/1036
f 785/933/1022 779/925/1014 796/946/1035 799/949/1038
f 796/946/1035 797/947/1036 800/950/1039 799/949/1038
f 782/928/1017 785/933/1022 799/949/1038 801/951/1040
f 801/951/1040 799/949/1038 800/950/1039 802/952/1041
f 394/479/568 782/928/1017 801/951/1040 142/505/594
f 142/505/594 801/951/1040 802/952/1041 803/506/595
f 797/947/1036 798/948/1037 804/953/1042
f 804/953/1042 798/948/1037 805/954/1043 806/955/1044
f 800/950/1039 797/947/1036 804/953/1042 807/956/1045
f 808/511/600 803/506/595 802/952/1041 809/957/1046
f 800/950/1039 807/956/1045 809/957/1046 802/952/1041
f 807/956/1045 804/953/1042 810/958/1047 811/959/1048
f 810/958/1047 804/953/1042 806/955/1044
f 806/955/1044 812/960/1049 810/958/1047
f 815/516/605 814/519/608 813/961/1050 816/962/1051
f 810/958/1047 812/960/1049 813/961/1050
f 813/961/1050 811/959/1048 810/958/1047
f 814/519/608 817/520/609 811/959/1048 813/961/1050
f 817/520/609 808/511/600 809/957/1046 811/959/1048
f 809/957/1046 807/956/1045 811/959/1048
f 812/960/1049 806/955/1044 816/962/1051
f 816/962/1051 813/961/1050 812/960/1049
f 818/963/1052 806/955/1044 805/954/1043
f 806/955/1044 818/963/1052 819/964/1053 816/962/1051
f 815/516/605 816/962/1051 819/964/1053 820/523/612
f 822/965/1054 821/525/614 820/523/612 819/964/1053
f 792/942/1031 824/966/1055 823/967/1056 795/945/1034
f 805/954/1043 798/948/1037 795/945/1034 823/967/1056
f 822/965/1054 819/964/1053 818/963/1052 825/968/1057
f 805/954/1043 823/967/1056 825/968/1057 818/963/1052
f 826/969/1058 825/968/1057 827/970/1059
f 825/968/1057 823/967/1056 827/970/1059
f 827/970/1059 823/967/1056 824/966/1055
f 542/645/734 559/971/1060 828/972/1061 527/628/717
f 626/749/838 627/748/837 829/973/1062
f 616/731/820 526/629/718 527/628/717 828/972/1061
f 559/974/1063 626/749/838 829/973/1062 828/975/1064
f 765/909/998 766/910/999 769/913/1002 100/976/1065
f 769/913/1002 770/912/1001 830/977/1066 100/976/1065
f 73/978/1067 74/979/1068 763/907/996 765/909/998
f 73/978/1067 765/909/998 100/976/1065
f 762/906/995 763/907/996 74/979/1068 831/980/1069
f 746/890/979 762/906/995 831/980/1069 747/891/980
f 676/808/897 747/891/980 97/807/896
f 96/981/1070 832/982/1071 673/804/893 674/805/894
f 674/805/894 97/807/896 96/981/1070
f 673/804/893 832/982/1071 787/936/1025
f 787/936/1025 786/935/1024 672/803/892
f 91/983/1072 788/938/1027 786/937/1026 787/984/1073
f 833/985/1074 790/940/1029 788/938/1027 91/983/1072
f 792/942/1031 790/940/1029 833/985/1074 834/986/1075
f 792/942/1031 834/986/1075 835/987/1076 824/966/1055
f 88/988/1077 775/919/1008 774/918/1007 76/989/1078
f 773/917/1006 759/903/992 764/908/997 836/990/1079
f 76/989/1078 774/918/1007 773/917/1006 836/990/1079
f 836/990/1079 764/908/997 87/991/1080
f 87/991/1080 764/908/997 754/897/986 837/992/1081
f 837/992/1081 754/897/986 752/896/985 838/993/1082
f 838/993/1082 752/896/985 691/823/912 839/994/1083
f 839/994/1083 691/823/912 702/837/926 840/995/1084
f 841/996/1085 840/995/1084 702/837/926 700/835/924
f 842/997/1086 841/996/1085 700/835/924
f 700/835/924 703/839/928 842/997/1086
f 703/998/1087 704/872/961 730/871/960 843/999/1088
f 842/1000/1089 703/998/1087 843/999/1088
f 730/871/960 731/873/962 844/1001/1090 843/999/1088
f 731/873/962 733/875/964 78/1002/1091 844/1001/1090
f 78/1002/1091 733/875/964 735/878/967 845/1003/1092
f 824/966/1055 835/987/1076 104/1004/1093 108/1005/1094
f 108/1005/1094 826/969/1058 827/970/1059 824/966/1055
f 822/965/1054 825/968/1057 826/969/1058 106/1006/1095
f 821/525/614 822/965/1054 106/1006/1095 491/567/656
f 680/812/901 847/1007/1096 846/1008/1097 679/809/898
f 679/809/898 846/1008/1097 848/1009/1098
f 848/1009/1098 846/1008/1097 849/1010/1099
f 850/1011/1100 852/1012/1101 851/1013/1102
f 610/724/813 615/730/819 850/1011/1100 853/1014/1103
f 610/724/813 853/1014/1103 854/1015/1104
f 855/1016/1105 608/720/809 609/722/811 856/1017/1106
f 609/722/811 610/724/813 854/1015/1104 856/1017/1106
f 608/720/809 855/1016/1105 628/750/839 607/718/807
f 857/1018/1107 847/1007/1096 680/812/901 682/814/903
f 682/814/903 611/725/814 612/727/816 857/1018/1107
f 857/1018/1107 612/727/816 613/726/815 628/750/839
f 848/1009/1098 849/1010/1099 858/1019/1108 859/1020/1109
f 858/1019/1108 851/1013/1102 852/1012/1101 859/1020/1109
f 853/1014/1103 850/1011/1100 851/1013/1102 860/1021/1110
f 860/1021/1110 861/1022/1111 854/1015/1104 853/1014/1103
f 856/1017/1106 854/1015/1104 861/1022/1111 862/1023/1112
f 855/1016/1105 856/1017/1106 862/1023/1112 863/1024/1113
f 628/750/839 855/1016/1105 863/1024/1113 864/1025/1114
f 857/1018/1107 628/750/839 864/1025/1114 865/1026/1115
f 863/1024/1113 862/1023/1112 866/1027/1116
f 867/1028/1117 865/1026/1115 866/1027/1116
f 864/1025/1114 863/1024/1113 866/1027/1116
f 865/1026/1115 864/1025/1114 866/1027/1116
f 847/1007/1096 857/1018/1107 865/1026/1115 867/1028/1117
f 846/1008/1097 847/1007/1096 867/1028/1117 849/1010/1099
f 868/1029/1118 858/1019/1108 849/1010/1099 867/1028/1117
f 867/1028/1117 866/1027/1116 868/1029/1118
f 868/1029/1118 866/1027/1116 862/1023/1112
f 860/1021/1110 851/1013/1102 858/1019/1108 868/1029/1118
f 861/1022/1111 860/1021/1110 868/1029/1118 862/1023/1112
f 621/738/827 688/820/909 869/1030/1119
f 625/746/835 621/738/827 869/1030/1119 870/1031/1120
f 627/748/837 625/746/835 870/1031/1120 871/1032/1121
f 871/1032/1121 870/1031/1120 872/1033/1122 873/1034/1123
f 829/973/1062 627/748/837 871/1032/1121 874/1035/1124
f 829/973/1062 874/1035/1124 875/1036/1125
f 875/1036/1125 874/1035/1124 876/1037/1126
f 828/975/1064 829/973/1062 875/1036/1125
f 874/1035/1124 871/1032/1121 873/1034/1123 876/1037/1126
f 616/1038/1127 828/975/1064 875/1036/1125 877/1039/1128
f 875/1036/1125 876/1037/1126 878/1040/1129 877/1039/1128
f 852/1012/1101 850/1011/1100 615/730/819 879/1041/1130
f 880/1042/1131 615/730/819 614/729/818
f 616/1038/1127 877/1039/1128 880/1042/1131 614/729/818
f 877/1039/1128 878/1040/1129 881/1043/1132 880/1042/1131
f 615/730/819 880/1042/1131 879/1041/1130
f 879/1041/1130 880/1042/1131 881/1043/1132 882/1044/1133
f 852/1012/1101 879/1041/1130 883/1045/1134 859/1020/1109
f 879/1041/1130 882/1044/1133 884/1046/1135 883/1045/1134
f 859/1020/1109 883/1045/1134 885/1047/1136 848/1009/1098
f 883/1045/1134 884/1046/1135 886/1048/1137 885/1047/1136
f 885/1047/1136 679/809/898 848/1009/1098
f 679/809/898 885/1047/1136 887/1049/1138
f 885/1047/1136 886/1048/1137 888/1050/1139 887/1049/1138
f 686/818/907 679/809/898 887/1049/1138 889/1051/1140
f 889/1051/1140 887/1049/1138 888/1050/1139 890/1052/1141
f 891/1053/1142 869/1030/1119 688/820/909
f 892/1054/1143 869/1030/1119 891/1053/1142
f 686/818/907 889/1051/1140 891/1053/1142 688/820/909
f 891/1053/1142 889/1051/1140 890/1052/1141 892/1054/1143
f 892/1054/1143 872/1033/1122 870/1031/1120 869/1030/1119
f 873/1034/1123 872/1033/1122 890/1052/1141 893/1055/1144
f 893/1055/1144 878/1040/1129 876/1037/1126 873/1034/1123
f 893/1055/1144 890/1052/1141 888/1050/1139 894/1056/1145
f 881/1043/1132 878/1040/1129 893/1055/1144 894/1056/1145
f 884/1046/1135 894/1056/1145 888/1050/1139 886/1048/1137
f 882/1044/1133 881/1043/1132 894/1056/1145 884/1046/1135
f 872/1033/1122 892/1054/1143 890/1052/1141
f 901/1057/1146 900/1058/1146 899/1059/1146 898/1060/1146 897/1061/1146 896/1062/1146 895/1063/1146 912/1064/1146 911/1065/1146 910/1066/1146 909/1067/1146 908/1068/1146 907/1069/1146 906/1070/1146 905/1071/1146 904/1072/1146 903/1073/1146 902/1074/1146
f 914/1075/1147 913/1076/1148 895/1077/1148 896/1078/1147
f 915/1079/1149 914/1075/1147 896/1078/1147 897/1080/1149
f 916/1081/1150 915/1079/1149 897/1080/1149 898/1082/1150
f 917/1083/1151 916/1081/1150 898/1082/1150 899/1084/1151
f 918/1085/1152 917/1083/1151 899/1084/1151 900/1086/1152
f 919/1087/1153 918/1085/1152 900/1086/1152 901/1088/1153
f 920/1089/1154 919/1087/1153 901/1088/1153 902/1090/1154
f 921/1091/1155 920/1089/1154 902/1090/1154 903/1092/1155
f 922/1093/1156 921/1091/1155 903/1092/1155 904/1094/1156
f 923/1095/1157 922/1096/1156 904/1097/1156 905/1098/1157
f 924/1099/1158 923/1095/1157 905/1098/1157 906/1100/1158
f 925/1101/1159 924/1099/1158 906/1100/1158 907/1102/1159
f 926/1103/1160 925/1101/1159 907/1102/1159 908/1104/1160
f 927/1105/1161 926/1103/1160 908/1104/1160 909/1106/1161
f 928/1107/1162 927/1105/1161 909/1106/1161 910/1108/1162
f 929/1109/1163 928/1107/1162 910/1108/1162 911/1110/1163
f 930/1111/1164 929/1109/1163 911/1110/1163 912/1112/1164
f 913/1076/1148 930/1111/1164 912/1112/1164 895/1077/1148
f 995/1113/1165 996/1114/1166 997/1115/1167 998/1116/1168 999/1117/1169 1000/1118/1170 1001/1119/1171 1002/1120/1172 985/1121/1173 986/1122/1174 987/1123/1175 988/1124/1176 989/1125/1177 990/1126/1178 991/1127/1179 992/1128/1180 993/1129/1181 994/1130/1182
f 932/1131/1183 931/1132/1184 913/1133/1185 914/1134/1186
f 933/1135/1187 932/1131/1183 914/1134/1186 915/1136/1188
f 934/1137/1189 933/1135/1187 915/1136/1188 916/1138/1190
f 935/1139/1191 934/1137/1189 916/1138/1190 917/1140/1192
f 936/1141/1193 935/1139/1191 917/1140/1192 918/1142/1194
f 937/1143/1195 936/1141/1193 918/1142/1194 919/1144/1196
f 938/1145/1197 937/1143/1195 919/1144/1196 920/1146/1198
f 939/1147/1199 938/1145/1197 920/1146/1198 921/1148/1200
f 940/1149/1201 939/1147/1199 921/1148/1200 922/1150/1202
f 941/1151/1203 940/1149/1201 922/1150/1202 923/1152/1204
f 942/1153/1205 941/1151/1203 923/1152/1204 924/1154/1206
f 943/1155/1207 942/1153/1205 924/1154/1206 925/1156/1208
f 944/1157/1209 943/1155/1207 925/1156/1208 926/1158/1210
f 945/1159/1211 944/1157/1209 926/1158/1210 927/1160/1212
f 946/1161/1213 945/1159/1211 927/1160/1212 928/1162/1214
f 947/1163/1215 946/1161/1213 928/1162/1214 929/1164/1216
f 948/1165/1217 947/1163/1215 929/1164/1216 930/1166/1218
f 931/1132/1184 948/1165/1217 930/1166/1218 913/1133/1185
f 950/1167/1219 949/1168/1220 931/1132/1184 932/1131/1183
f 951/1169/1221 950/1167/1219 932/1131/1183 933/1135/1187
f 952/1170/1222 951/1169/1221 933/1135/1187 934/1137/1189
f 953/1171/1223 952/1170/1222 934/1137/1189 935/1139/1191
f 954/1172/1224 953/1171/1223 935/1139/1191 936/1141/1193
f 955/1173/1225 954/1172/1224 936/1141/1193 937/1143/1195
f 956/1174/1226 955/1173/1225 937/1143/1195 938/1145/1197
f 957/1175/1227 956/1174/1226 938/1145/1197 939/1147/1199
f 958/1176/1228 957/1175/1227 939/1147/1199 940/1149/1201
f 959/1177/1229 958/1176/1228 940/1149/1201 941/1151/1203
f 960/1178/1230 959/1177/1229 941/1151/1203 942/1153/1205
f 961/1179/1231 960/1178/1230 942/1153/1205 943/1155/1207
f 962/1180/1232 961/1179/1231 943/1155/1207 944/1157/1209
f 963/1181/1233 962/1180/1232 944/1157/1209 945/1159/1211
f 964/1182/1234 963/1181/1233 945/1159/1211 946/1161/1213
f 965/1183/1235 964/1182/1234 946/1161/1213 947/1163/1215
f 966/1184/1236 965/1183/1235 947/1163/1215 948/1165/1217
f 949/1168/1220 966/1184/1236 948/1165/1217 931/1132/1184
f 968/1185/1237 967/1186/1238 949/1168/1220 950/1167/1219
f 969/1187/1239 968/1185/1237 950/1167/1219 951/1169/1221
f 970/1188/1240 969/1187/1239 951/1169/1221 952/1170/1222
f 971/1189/1241 970/1188/1240 952/1170/1222 953/1171/1223
f 972/1190/1242 971/1189/1241 953/1171/1223 954/1172/1224
f 973/1191/1243 972/1190/1242 954/1172/1224 955/1173/1225
f 974/1192/1244 973/1191/1243 955/1173/1225 956/1174/1226
f 975/1193/1245 974/1192/1244 956/1174/1226 957/1175/1227
f 976/1194/1246 975/1193/1245 957/1175/1227 958/1176/1228
f 977/1195/1247 976/1194/1246 958/1176/1228 959/1177/1229
f 978/1196/1248 977/1195/1247 959/1177/1229 960/1178/1230
f 979/1197/1249 978/1196/1248 960/1178/1230 961/1179/1231
f 980/1198/1250 979/1197/1249 961/1179/1231 962/1180/1232
f 981/1199/1251 980/1198/1250 962/1180/1232 963/1181/1233
f 982/1200/1252 981/1199/1251 963/1181/1233 964/1182/1234
f 983/1201/1253 982/1200/1252 964/1182/1234 965/1183/1235
f 984/1202/1254 983/1201/1253 965/1183/1235 966/1184/1236
f 967/1186/1238 984/1202/1254 966/1184/1236 949/1168/1220
f 986/1122/1174 985/1121/1173 967/1186/1238 968/1185/1237
f 987/1123/1175 986/1122/1174 968/1185/1237 969/1187/1239
f 988/1124/1176 987/1123/1175 969/1187/1239 970/1188/1240
f 989/1125/1177 988/1124/1176 970/1188/1240 971/1189/1241
f 990/1126/1178 989/1125/1177 971/1189/1241 972/1190/1242
f 991/1127/1179 990/1126/1178 972/1190/1242 973/1191/1243
f 992/1128/1180 991/1127/1179 973/1191/1243 974/1192/1244
f 993/1129/1181 992/1128/1180 974/1192/1244 975/1193/1245
f 994/1130/1182 993/1129/1181 975/1193/1245 976/1194/1246
f 995/1113/1165 994/1130/1182 976/1194/1246 977/1195/1247
f 996/1114/1166 995/1113/1165 977/1195/1247 978/1196/1248
f 997/1115/1167 996/1114/1166 978/1196/1248 979/1197/1249
f 998/1116/1168 997/1115/1167 979/1197/1249 980/1198/1250
f 999/1117/1169 998/1116/1168 980/1198/1250 981/1199/1251
f 1000/1118/1170 999/1117/1169 981/1199/1251 982/1200/1252
f 1001/1119/1171 1000/1118/1170 982/1200/1252 983/1201/1253
f 1002/1120/1172 1001/1119/1171 983/1201/1253 984/1202/1254
f 985/1121/1173 1002/1120/1172 984/1202/1254 967/1186/1238
f 1003/1057/1255 1020/1074/1255 1019/1073/1255 1018/1072/1255 1017/1071/1255 1016/1070/1255 1015/1069/1255 1014/1068/1255 1013/1067/1255 1012/1066/1255 1011/1065/1255 1010/1064/1255 1009/1063/1255 1008/1062/1255 1007/1061/1255 1006/1060/1255 1005/1059/1255 1004/1058/1255
f 1021/1075/1256 1008/1078/1256 1009/1077/1257 1022/1076/1257
f 1023/1079/1258 1007/1080/1258 1008/1078/1256 1021/1075/1256
f 1024/1081/1259 1006/1082/1259 1007/1080/1258 1023/1079/1258
f 1025/1083/1260 1005/1084/1260 1006/1082/1259 1024/1081/1259
f 1026/1085/1261 1004/1086/1261 1005/1084/1260 1025/1083/1260
f 1027/1087/1262 1003/1088/1262 1004/1086/1261 1026/1085/1261
f 1028/1089/1263 1020/1090/1263 1003/1088/1262 1027/1087/1262
f 1029/1091/1264 1019/1092/1264 1020/1090/1263 1028/1089/1263
f 1030/1093/1265 1018/1094/1265 1019/1092/1264 1029/1091/1264
f 1031/1095/1266 1017/1098/1266 1018/1097/1265 1030/1096/1265
f 1032/1099/1267 1016/1100/1267 1017/1098/1266 1031/1095/1266
f 1033/1101/1268 1015/1102/1268 1016/1100/1267 1032/1099/1267
f 1034/1103/1269 1014/1104/1269 1015/1102/1268 1033/1101/1268
f 1035/1105/1270 1013/1106/1270 1014/1104/1269 1034/1103/1269
f 1036/1107/1271 1012/1108/1271 1013/1106/1270 1035/1105/1270
f 1037/1109/1272 1011/1110/1272 1012/1108/1271 1036/1107/1271
f 1038/1111/1273 1010/1112/1273 1011/1110/1272 1037/1109/1272
f 1022/1076/1257 1009/1077/1257 1010/1112/1273 1038/1111/1273
f 1039/1113/1274 1056/1130/1275 1055/1129/1276 1054/1128/1277 1053/1127/1278 1052/1126/1279 1051/1125/1280 1050/1124/1281 1049/1123/1282 1048/1122/1283 1047/1121/1284 1046/1120/1285 1045/1119/1286 1044/1118/1287 1043/1117/1288 1042/1116/1289 1041/1115/1290 1040/1114/1291
f 1057/1131/1292 1021/1134/1293 1022/1133/1294 1058/1132/1295
f 1059/1135/1296 1023/1136/1297 1021/1134/1293 1057/1131/1292
f 1060/1137/1298 1024/1138/1299 1023/1136/1297 1059/1135/1296
f 1061/1139/1300 1025/1140/1301 1024/1138/1299 1060/1137/1298
f 1062/1141/1302 1026/1142/1303 1025/1140/1301 1061/1139/1300
f 1063/1143/1304 1027/1144/1305 1026/1142/1303 1062/1141/1302
f 1064/1145/1306 1028/1146/1307 1027/1144/1305 1063/1143/1304
f 1065/1147/1308 1029/1148/1309 1028/1146/1307 1064/1145/1306
f 1066/1149/1310 1030/1150/1311 1029/1148/1309 1065/1147/1308
f 1067/1151/1312 1031/1152/1313 1030/1150/1311 1066/1149/1310
f 1068/1153/1314 1032/1154/1315 1031/1152/1313 1067/1151/1312
f 1069/1155/1316 1033/1156/1317 1032/1154/1315 1068/1153/1314
f 1070/1157/1318 1034/1158/1319 1033/1156/1317 1069/1155/1316
f 1071/1159/1320 1035/1160/1321 1034/1158/1319 1070/1157/1318
f 1072/1161/1322 1036/1162/1323 1035/1160/1321 1071/1159/1320
f 1073/1163/1324 1037/1164/1325 1036/1162/1323 1072/1161/1322
f 1074/1165/1326 1038/1166/1327 1037/1164/1325 1073/1163/1324
f 1058/1132/1295 1022/1133/1294 1038/1166/1327 1074/1165/1326
f 1075/1167/1328 1057/1131/1292 1058/1132/1295 1076/1168/1329
f 1077/1169/1330 1059/1135/1296 1057/1131/1292 1075/1167/1328
f 1078/1170/1331 1060/1137/1298 1059/1135/1296 1077/1169/1330
f 1079/1171/1332 1061/1139/1300 1060/1137/1298 1078/1170/1331
f 1080/1172/1333 1062/1141/1302 1061/1139/1300 1079/1171/1332
f 1081/1173/1334 1063/1143/1304 1062/1141/1302 1080/1172/1333
f 1082/1174/1335 1064/1145/1306 1063/1143/1304 1081/1173/1334
f 1083/1175/1336 1065/1147/1308 1064/1145/1306 1082/1174/1335
f 1084/1176/1337 1066/1149/1310 1065/1147/1308 1083/1175/1336
f 1085/1177/1338 1067/1151/1312 1066/1149/1310 1084/1176/1337
f 1086/1178/1339 1068/1153/1314 1067/1151/1312 1085/1177/1338
f 1087/1179/1340 1069/1155/1316 1068/1153/1314 1086/1178/1339
f 1088/1180/1341 1070/1157/1318 1069/1155/1316 1087/1179/1340
f 1089/1181/1342 1071/1159/1320 1070/1157/1318 1088/1180/1341
f 1090/1182/1343 1072/1161/1322 1071/1159/1320 1089/1181/1342
f 1091/1183/1344 1073/1163/1324 1072/1161/1322 1090/1182/1343
f 1092/1184/1345 1074/1165/1326 1073/1163/1324 1091/1183/1344
f 1076/1168/1329 1058/1132/1295 1074/1165/1326 1092/1184/1345
f 1093/1185/1346 1075/1167/1328 1076/1168/1329 1094/1186/1347
f 1095/1187/1348 1077/1169/1330 1075/1167/1328 1093/1185/1346
f 1096/1188/1349 1078/1170/1331 1077/1169/1330 1095/1187/1348
f 1097/1189/1350 1079/1171/1332 1078/1170/1331 1096/1188/1349
f 1098/1190/1351 1080/1172/1333 1079/1171/1332 1097/1189/1350
f 1099/1191/1352 1081/1173/1334 1080/1172/1333 1098/1190/1351
f 1100/1192/1353 1082/1174/1335 1081/1173/1334 1099/1191/1352
f 1101/1193/1354 1083/1175/1336 1082/1174/1335 1100/1192/1353
f 1102/1194/1355 1084/1176/1337 1083/1175/1336 1101/1193/1354
f 1103/1195/1356 1085/1177/1338 1084/1176/1337 1102/1194/1355
f 1104/1196/1357 1086/1178/1339 1085/1177/1338 1103/1195/1356
f 1105/1197/1358 1087/1179/1340 1086/1178/1339 1104/1196/1357
f 1106/1198/1359 1088/1180/1341 1087/1179/1340 1105/1197/1358
f 1107/1199/1360 1089/1181/1342 1088/1180/1341 1106/1198/1359
f 1108/1200/1361 1090/1182/1343 1089/1181/1342 1107/1199/1360
f 1109/1201/1362 1091/1183/1344 1090/1182/1343 1108/1200/1361
f 1110/1202/1363 1092/1184/1345 1091/1183/1344 1109/1201/1362
f 1094/1186/1347 1076/1168/1329 1092/1184/1345 1110/1202/1363
f 1048/1122/1283 1093/1185/1346 1094/1186/1347 1047/1121/1284
f 1049/1123/1282 1095/1187/1348 1093/1185/1346 1048/1122/1283
f 1050/1124/1281 1096/1188/1349 1095/1187/1348 1049/1123/1282
f 1051/1125/1280 1097/1189/1350 1096/1188/1349 1050/1124/1281
f 1052/1126/1279 1098/1190/1351 1097/1189/1350 1051/1125/1280
f 1053/1127/1278 1099/1191/1352 1098/1190/1351 1052/1126/1279
f 1054/1128/1277 1100/1192/1353 1099/1191/1352 1053/1127/1278
f 1055/1129/1276 1101/1193/1354 1100/1192/1353 1054/1128/1277
f 1056/1130/1275 1102/1194/1355 1101/1193/1354 1055/1129/1276
f 1039/1113/1274 1103/1195/1356 1102/1194/1355 1056/1130/1275
f 1040/1114/1291 1104/1196/1357 1103/1195/1356 1039/1113/1274
f 1041/1115/1290 1105/1197/1358 1104/1196/1357 1040/1114/1291
f 1042/1116/1289 1106/1198/1359 1105/1197/1358 1041/1115/1290
f 1043/1117/1288 1107/1199/1360 1106/1198/1359 1042/1116/1289
f 1044/1118/1287 1108/1200/1361 1107/1199/1360 1043/1117/1288
f 1045/1119/1286 1109/1201/1362 1108/1200/1361 1044/1118/1287
f 1046/1120/1285 1110/1202/1363 1109/1201/1362 1045/1119/1286
f 1047/1121/1284 1094/1186/1347 1110/1202/1363 1046/1120/1285
f 1111/1057/1364 1128/1074/1364 1127/1073/1364 1126/1072/1364 1125/1071/1364 1124/1070/1364 1123/1069/1364 1122/1068/1364 1121/1067/1364 1120/1066/1364 1119/1065/1364 1118/1064/1364 1117/1063/1364 1116/1062/1364 1115/1061/1364 1114/1060/1364 1113/1059/1364 1112/1058/1364
f 1129/1075/1365 1116/1078/1365 1117/1077/1366 1130/1076/1366
f 1131/1079/1367 1115/1080/1367 1116/1078/1365 1129/1075/1365
f 1132/1081/1368 1114/1082/1368 1115/1080/1367 1131/1079/1367
f 1133/1083/1369 1113/1084/1369 1114/1082/1368 1132/1081/1368
f 1134/1085/1370 1112/1086/1370 1113/1084/1369 1133/1083/1369
f 1135/1087/1371 1111/1088/1371 1112/1086/1370 1134/1085/1370
f 1136/1089/1372 1128/1090/1372 1111/1088/1371 1135/1087/1371
f 1137/1091/1373 1127/1092/1373 1128/1090/1372 1136/1089/1372
f 1138/1093/1374 1126/1094/1374 1127/1092/1373 1137/1091/1373
f 1139/1095/1375 1125/1098/1375 1126/1097/1374 1138/1096/1374
f 1140/1099/1376 1124/1100/1376 1125/1098/1375 1139/1095/1375
f 1141/1101/1377 1123/1102/1377 1124/1100/1376 1140/1099/1376
f 1142/1103/1378 1122/1104/1378 1123/1102/1377 1141/1101/1377
f 1143/1105/1379 1121/1106/1379 1122/1104/1378 1142/1103/1378
f 1144/1107/1380 1120/1108/1380 1121/1106/1379 1143/1105/1379
f 1145/1109/1381 1119/1110/1381 1120/1108/1380 1144/1107/1380
f 1146/1111/1382 1118/1112/1382 1119/1110/1381 1145/1109/1381
f 1130/1076/1366 1117/1077/1366 1118/1112/1382 1146/1111/1382
f 1147/1113/1383 1164/1130/1384 1163/1129/1385 1162/1128/1386 1161/1127/1387 1160/1126/1388 1159/1125/1389 1158/1124/1390 1157/1123/1391 1156/1122/1392 1155/1121/1393 1154/1120/1394 1153/1119/1395 1152/1118/1396 1151/1117/1397 1150/1116/1398 1149/1115/1399 1148/1114/1400
f 1165/1131/1401 1129/1134/1402 1130/1133/1403 1166/1132/1404
f 1167/1135/1405 1131/1136/1406 1129/1134/1402 1165/1131/1401
f 1168/1137/1407 1132/1138/1408 1131/1136/1406 1167/1135/1405
f 1169/1139/1409 1133/1140/1410 1132/1138/1408 1168/1137/1407
f 1170/1141/1411 1134/1142/1412 1133/1140/1410 1169/1139/1409
f 1171/1143/1413 1135/1144/1414 1134/1142/1412 1170/1141/1411
f 1172/1145/1415 1136/1146/1416 1135/1144/1414 1171/1143/1413
f 1173/1147/1417 1137/1148/1418 1136/1146/1416 1172/1145/1415
f 1174/1149/1419 1138/1150/1420 1137/1148/1418 1173/1147/1417
f 1175/1151/1421 1139/1152/1422 1138/1150/1420 1174/1149/1419
f 1176/1153/1423 1140/1154/1424 1139/1152/1422 1175/1151/1421
f 1177/1155/1425 1141/1156/1426 1140/1154/1424 1176/1153/1423
f 1178/1157/1427 1142/1158/1428 1141/1156/1426 1177/1155/1425
f 1179/1159/1429 1143/1160/1430 1142/1158/1428 1178/1157/1427
f 1180/1161/1431 1144/1162/1432 1143/1160/1430 1179/1159/1429
f 1181/1163/1433 1145/1164/1434 1144/1162/1432 1180/1161/1431
f 1182/1165/1435 1146/1166/1436 1145/1164/1434 1181/1163/1433
f 1166/1132/1404 1130/1133/1403 1146/1166/1436 1182/1165/1435
f 1183/1167/1437 1165/1131/1401 1166/1132/1404 1184/1168/1438
f 1185/1169/1439 1167/1135/1405 1165/1131/1401 1183/1167/1437
f 1186/1170/1440 1168/1137/1407 1167/1135/1405 1185/1169/1439
f 1187/1171/1441 1169/1139/1409 1168/1137/1407 1186/1170/1440
f 1188/1172/1442 1170/1141/1411 1169/1139/1409 1187/1171/1441
f 1189/1173/1443 1171/1143/1413 1170/1141/1411 1188/1172/1442
f 1190/1174/1444 1172/1145/1415 1171/1143/1413 1189/1173/1443
f 1191/1175/1445 1173/1147/1417 1172/1145/1415 1190/1174/1444
f 1192/1176/1446 1174/1149/1419 1173/1147/1417 1191/1175/1445
f 1193/1177/1447 1175/1151/1421 1174/1149/1419 1192/1176/1446
f 1194/1178/1448 1176/1153/1423 1175/1151/1421 1193/1177/1447
f 1195/1179/1449 1177/1155/1425 1176/1153/1423 1194/1178/1448
f 1196/1180/1450 1178/1157/1427 1177/1155/1425 1195/1179/1449
f 1197/1181/1451 1179/1159/1429 1178/1157/1427 1196/1180/1450
f 1198/1182/1452 1180/1161/1431 1179/1159/1429 1197/1181/1451
f 1199/1183/1453 1181/1163/1433 1180/1161/1431 1198/1182/1452
f 1200/1184/1454 1182/1165/1435 1181/1163/1433 1199/1183/1453
f 1184/1168/1438 1166/1132/1404 1182/1165/1435 1200/1184/1454
f 1201/1185/1455 1183/1167/1437 1184/1168/1438 1202/1186/1456
f 1203/1187/1457 1185/1169/1439 1183/1167/1437 1201/1185/1455
f 1204/1188/1458 1186/1170/1440 1185/1169/1439 1203/1187/1457
f 1205/1189/1459 1187/1171/1441 1186/1170/1440 1204/1188/1458
f 1206/1190/1460 1188/1172/1442 1187/1171/1441 1205/1189/1459
f 1207/1191/1461 1189/1173/1443 1188/1172/1442 1206/1190/1460
f 1208/1192/1462 1190/1174/1444 1189/1173/1443 1207/1191/1461
f 1209/1193/1463 1191/1175/1445 1190/1174/1444 1208/1192/1462
f 1210/1194/1464 1192/1176/1446 1191/1175/1445 1209/1193/1463
f 1211/1195/1465 1193/1177/1447 1192/1176/1446 1210/1194/1464
f 1212/1196/1466 1194/1178/1448 1193/1177/1447 1211/1195/1465
f 1213/1197/1467 1195/1179/1449 1194/1178/1448 1212/1196/1466
f 1214/1198/1468 1196/1180/1450 1195/1179/1449 1213/1197/1467
f 1215/1199/1469 1197/1181/1451 1196/1180/1450 1214/1198/1468
f 1216/1200/1470 1198/1182/1452 1197/1181/1451 1215/1199/1469
f 1217/1201/1471 1199/1183/1453 1198/1182/1452 1216/1200/1470
f 1218/1202/1472 1200/1184/1454 1199/1183/1453 1217/1201/1471
f 1202/1186/1456 1184/1168/1438 1200/1184/1454 1218/1202/1472
f 1156/1122/1392 1201/1185/1455 1202/1186/1456 1155/1121/1393
f 1157/1123/1391 1203/1187/1457 1201/1185/1455 1156/1122/1392
f 1158/1124/1390 1204/1188/1458 1203/1187/1457 1157/1123/1391
f 1159/1125/1389 1205/1189/1459 1204/1188/1458 1158/1124/1390
f 1160/1126/1388 1206/1190/1460 1205/1189/1459 1159/1125/1389
f 1161/1127/1387 1207/1191/1461 1206/1190/1460 1160/1126/1388
f 1162/1128/1386 1208/1192/1462 1207/1191/1461 1161/1127/1387
f 1163/1129/1385 1209/1193/1463 1208/1192/1462 1162/1128/1386
f 1164/1130/1384 1210/1194/1464 1209/1193/1463 1163/1129/1385
f 1147/1113/1383 1211/1195/1465 1210/1194/1464 1164/1130/1384
f 1148/1114/1400 1212/1196/1466 1211/1195/1465 1147/1113/1383
f 1149/1115/1399 1213/1197/1467 1212/1196/1466 1148/1114/1400
f 1150/1116/1398 1214/1198/1468 1213/1197/1467 1149/1115/1399
f 1151/1117/1397 1215/1199/1469 1214/1198/1468 1150/1116/1398
f 1152/1118/1396 1216/1200/1470 1215/1199/1469 1151/1117/1397
f 1153/1119/1395 1217/1201/1471 1216/1200/1470 1152/1118/1396
f 1154/1120/1394 1218/1202/1472 1217/1201/1471 1153/1119/1395
f 1155/1121/1393 1202/1186/1456 1218/1202/1472 1154/1120/1394
f 1219/1057/1473 1236/1058/1473 1235/1059/1473 1234/1060/1473 1233/1061/1473 1232/1062/1473 1231/1063/1473 1230/1064/1473 1229/1065/1473 1228/1066/1473 1227/1067/1473 1226/1068/1473 1225/1069/1473 1224/1070/1473 1223/1071/1473 1222/1072/1473 1221/1073/1473 1220/1074/1473
f 1237/1075/1474 1238/1076/1475 1231/1077/1475 1232/1078/1474
f 1239/1079/1476 1237/1075/1474 1232/1078/1474 1233/1080/1476
f 1240/1081/1477 1239/1079/1476 1233/1080/1476 1234/1082/1477
f 1241/1083/1478 1240/1081/1477 1234/1082/1477 1235/1084/1478
f 1242/1085/1479 1241/1083/1478 1235/1084/1478 1236/1086/1479
f 1243/1087/1480 1242/1085/1479 1236/1086/1479 1219/1088/1480
f 1244/1089/1481 1243/1087/1480 1219/1088/1480 1220/1090/1481
f 1245/1091/1482 1244/1089/1481 1220/1090/1481 1221/1092/1482
f 1246/1093/1483 1245/1091/1482 1221/1092/1482 1222/1094/1483
f 1247/1095/1484 1246/1096/1483 1222/1097/1483 1223/1098/1484
f 1248/1099/1485 1247/1095/1484 1223/1098/1484 1224/1100/1485
f 1249/1101/1486 1248/1099/1485 1224/1100/1485 1225/1102/1486
f 1250/1103/1487 1249/1101/1486 1225/1102/1486 1226/1104/1487
f 1251/1105/1488 1250/1103/1487 1226/1104/1487 1227/1106/1488
f 1252/1107/1489 1251/1105/1488 1227/1106/1488 1228/1108/1489
f 1253/1109/1490 1252/1107/1489 1228/1108/1489 1229/1110/1490
f 1254/1111/1491 1253/1109/1490 1229/1110/1490 1230/1112/1491
f 1238/1076/1475 1254/1111/1491 1230/1112/1491 1231/1077/1475
f 1255/1113/1492 1272/1114/1493 1271/1115/1494 1270/1116/1495 1269/1117/1496 1268/1118/1497 1267/1119/1498 1266/1120/1499 1265/1121/1500 1264/1122/1501 1263/1123/1502 1262/1124/1503 1261/1125/1504 1260/1126/1505 1259/1127/1506 1258/1128/1507 1257/1129/1508 1256/1130/1509
f 1273/1131/1510 1274/1132/1511 1238/1133/1512 1237/1134/1513
f 1275/1135/1514 1273/1131/1510 1237/1134/1513 1239/1136/1515
f 1276/1137/1516 1275/1135/1514 1239/1136/1515 1240/1138/1517
f 1277/1139/1518 1276/1137/1516 1240/1138/1517 1241/1140/1519
f 1278/1141/1520 1277/1139/1518 1241/1140/1519 1242/1142/1521
f 1279/1143/1522 1278/1141/1520 1242/1142/1521 1243/1144/1523
f 1280/1145/1524 1279/1143/1522 1243/1144/1523 1244/1146/1525
f 1281/1147/1526 1280/1145/1524 1244/1146/1525 1245/1148/1527
f 1282/1149/1528 1281/1147/1526 1245/1148/1527 1246/1150/1529
f 1283/1151/1530 1282/1149/1528 1246/1150/1529 1247/1152/1531
f 1284/1153/1532 1283/1151/1530 1247/1152/1531 1248/1154/1533
f 1285/1155/1534 1284/1153/1532 1248/1154/1533 1249/1156/1535
f 1286/1157/1536 1285/1155/1534 1249/1156/1535 1250/1158/1537
f 1287/1159/1538 1286/1157/1536 1250/1158/1537 1251/1160/1539
f 1288/1161/1540 1287/1159/1538 1251/1160/1539 1252/1162/1541
f 1289/1163/1542 1288/1161/1540 1252/1162/1541 1253/1164/1543
f 1290/1165/1544 1289/1163/1542 1253/1164/1543 1254/1166/1545
f 1274/1132/1511 1290/1165/1544 1254/1166/1545 1238/1133/1512
f 1291/1167/1546 1292/1168/1547 1274/1132/1511 1273/1131/1510
f 1293/1169/1548 1291/1167/1546 1273/1131/1510 1275/1135/1514
f 1294/1170/1549 1293/1169/1548 1275/1135/1514 1276/1137/1516
f 1295/1171/1550 1294/1170/1549 1276/1137/1516 1277/1139/1518
f 1296/1172/1551 1295/1171/1550 1277/1139/1518 1278/1141/1520
f 1297/1173/1552 1296/1172/1551 1278/1141/1520 1279/1143/1522
f 1298/1174/1553 1297/1173/1552 1279/1143/1522 1280/1145/1524
f 1299/1175/1554 1298/1174/1553 1280/1145/1524 1281/1147/1526
f 1300/1176/1555 1299/1175/1554 1281/1147/1526 1282/1149/1528
f 1301/1177/1556 1300/1176/1555 1282/1149/1528 1283/1151/1530
f 1302/1178/1557 1301/1177/1556 1283/1151/1530 1284/1153/1532
f 1303/1179/1558 1302/1178/1557 1284/1153/1532 1285/1155/1534
f 1304/1180/1559 1303/1179/1558 1285/1155/1534 1286/1157/1536
f 1305/1181/1560 1304/1180/1559 1286/1157/1536 1287/1159/1538
f 1306/1182/1561 1305/1181/1560 1287/1159/1538 1288/1161/1540
f 1307/1183/1562 1306/1182/1561 1288/1161/1540 1289/1163/1542
f 1308/1184/1563 1307/1183/1562 1289/1163/1542 1290/1165/1544
f 1292/1168/1547 1308/1184/1563 1290/1165/1544 1274/1132/1511
f 1309/1185/1564 1310/1186/1565 1292/1168/1547 1291/1167/1546
f 1311/1187/1566 1309/1185/1564 1291/1167/1546 1293/1169/1548
f 1312/1188/1567 1311/1187/1566 1293/1169/1548 1294/1170/1549
f 1313/1189/1568 1312/1188/1567 1294/1170/1549 1295/1171/1550
f 1314/1190/1569 1313/1189/1568 1295/1171/1550 1296/1172/1551
f 1315/1191/1570 1314/1190/1569 1296/1172/1551 1297/1173/1552
f 1316/1192/1571 1315/1191/1570 1297/1173/1552 1298/1174/1553
f 1317/1193/1572 1316/1192/1571 1298/1174/1553 1299/1175/1554
f 1318/1194/1573 1317/1193/1572 1299/1175/1554 1300/1176/1555
f 1319/1195/1574 1318/1194/1573 1300/1176/1555 1301/1177/1556
f 1320/1196/1575 1319/1195/1574 1301/1177/1556 1302/1178/1557
f 1321/1197/1576 1320/1196/1575 1302/1178/1557 1303/1179/1558
f 1322/1198/1577 1321/1197/1576 1303/1179/1558 1304/1180/1559
f 1323/1199/1578 1322/1198/1577 1304/1180/1559 1305/1181/1560
f 1324/1200/1579 1323/1199/1578 1305/1181/1560 1306/1182/1561
f 1325/1201/1580 1324/1200/1579 1306/1182/1561 1307/1183/1562
f 1326/1202/1581 1325/1201/1580 1307/1183/1562 1308/1184/1563
f 1310/1186/1565 1326/1202/1581 1308/1184/1563 1292/1168/1547
f 1264/1122/1501 1265/1121/1500 1310/1186/1565 1309/1185/1564
f 1263/1123/1502 1264/1122/1501 1309/1185/1564 1311/1187/1566
f 1262/1124/1503 1263/1123/1502 1311/1187/1566 1312/1188/1567
f 1261/1125/1504 1262/1124/1503 1312/1188/1567 1313/1189/1568
f 1260/1126/1505 1261/1125/1504 1313/1189/1568 1314/1190/1569
f 1259/1127/1506 1260/1126/1505 1314/1190/1569 1315/1191/1570
f 1258/1128/1507 1259/1127/1506 1315/1191/1570 1316/1192/1571
f 1257/1129/1508 1258/1128/1507 1316/1192/1571 1317/1193/1572
f 1256/1130/1509 1257/1129/1508 1317/1193/1572 1318/1194/1573
f 1255/1113/1492 1256/1130/1509 1318/1194/1573 1319/1195/1574
f 1272/1114/1493 1255/1113/1492 1319/1195/1574 1320/1196/1575
f 1271/1115/1494 1272/1114/1493 1320/1196/1575 1321/1197/1576
f 1270/1116/1495 1271/1115/1494 1321/1197/1576 1322/1198/1577
f 1269/1117/1496 1270/1116/1495 1322/1198/1577 1323/1199/1578
f 1268/1118/1497 1269/1117/1496 1323/1199/1578 1324/1200/1579
f 1267/1119/1498 1268/1118/1497 1324/1200/1579 1325/1201/1580
f 1266/1120/1499 1267/1119/1498 1325/1201/1580 1326/1202/1581
f 1265/1121/1500 1266/1120/1499 1326/1202/1581 1310/1186/1565
