# Blender 4.2.0
# www.blender.org
mtllib curve.mtl
o NurbsPath
v -68.581238 -0.000013 -4.696270
v -68.290085 -0.000013 -14.683870
v -66.686821 -0.000013 -22.710432
v -64.040718 -0.000013 -29.013220
v -60.597336 -0.000013 -33.814114
v -56.578541 -0.000013 -37.319561
v -52.182426 -0.000013 -39.720604
v -47.583378 -0.000013 -41.192867
v -42.932064 -0.000013 -41.896572
v -38.355412 -0.000013 -41.976532
v -33.956608 -0.000013 -41.562122
v -29.815130 -0.000013 -40.767338
v -25.986713 -0.000013 -39.690735
v -22.503380 -0.000013 -38.415474
v -19.373417 -0.000013 -37.009296
v -16.581369 -0.000013 -35.524532
v -14.088607 -0.000013 -33.998356
v -11.843549 -0.000013 -32.457634
v -9.796943 -0.000013 -30.926155
v -7.904171 -0.000013 -29.425726
v -6.125234 -0.000013 -27.976179
v -4.424769 -0.000013 -26.595345
v -2.772033 -0.000013 -25.299076
v -1.140919 -0.000013 -24.101242
v 0.490066 -0.000013 -23.013723
v 2.137769 -0.000013 -22.046415
v 3.814422 -0.000013 -21.207233
v 5.527627 -0.000013 -20.502100
v 7.280362 -0.000013 -19.934965
v 9.070965 -0.000013 -19.507769
v 10.893160 -0.000013 -19.220493
v 12.736077 -0.000013 -19.071133
v 14.586059 -0.000013 -19.056026
v 16.430538 -0.000013 -19.170605
v 18.259029 -0.000013 -19.409552
v 20.063131 -0.000013 -19.766802
v 21.836477 -0.000013 -20.235546
v 23.574804 -0.000013 -20.808245
v 25.275894 -0.000013 -21.476603
v 26.939604 -0.000013 -22.231575
v 28.567867 -0.000013 -23.063391
v 30.164679 -0.000013 -23.961521
v 31.736101 -0.000013 -24.914694
v 33.290279 -0.000013 -25.910902
v 34.837406 -0.000013 -26.937391
v 36.389763 -0.000013 -27.980658
v 37.961666 -0.000013 -29.026461
v 39.568733 -0.000013 -30.060108
v 41.225101 -0.000013 -31.067396
v 42.942474 -0.000013 -32.034973
v 44.730145 -0.000013 -32.950336
v 46.594902 -0.000013 -33.801861
v 48.541149 -0.000013 -34.578754
v 50.570759 -0.000013 -35.271069
v 52.683243 -0.000013 -35.869743
v 54.875587 -0.000013 -36.366539
v 57.142384 -0.000013 -36.754101
v 59.475735 -0.000013 -37.025906
v 61.865326 -0.000013 -37.176304
v 64.298355 -0.000013 -37.200470
v 66.759621 -0.000013 -37.094467
v 69.231422 -0.000013 -36.855194
v 71.694046 -0.000013 -36.480385
v 74.128082 -0.000013 -35.968506
v 76.515480 -0.000013 -35.318657
v 78.839767 -0.000013 -34.530617
v 81.085976 -0.000013 -33.604809
v 83.240669 -0.000013 -32.542332
v 85.291901 -0.000013 -31.344904
v 87.229256 -0.000013 -30.014927
v 89.043839 -0.000013 -28.555464
v 90.728226 -0.000013 -26.970217
v 92.276604 -0.000013 -25.263544
v 93.684555 -0.000013 -23.440462
v 94.949295 -0.000013 -21.506660
v 96.069435 -0.000013 -19.468473
v 97.045258 -0.000013 -17.332876
v 97.878304 -0.000013 -15.107501
v 98.570801 -0.000013 -12.800536
v 99.124855 -0.000013 -10.420625
v 99.542488 -0.000013 -7.976834
v 99.825546 -0.000013 -5.478721
v 99.975769 -0.000013 -2.936292
v 99.994751 -0.000013 -0.360000
v 99.883980 -0.000013 2.239224
v 99.644791 -0.000013 4.850051
v 99.278404 -0.000013 7.460641
v 98.785942 -0.000013 10.058717
v 98.168297 -0.000013 12.631532
v 97.426353 -0.000013 15.165936
v 96.560768 -0.000013 17.648270
v 95.572182 -0.000013 20.064440
v 94.460999 -0.000013 22.399933
v 93.228058 -0.000013 24.640627
v 91.875084 -0.000013 26.773619
v 90.404747 -0.000013 28.787382
v 88.820702 -0.000013 30.671778
v 87.127548 -0.000013 32.418011
v 85.330841 -0.000013 34.018700
v 83.437096 -0.000013 35.467777
v 81.453796 -0.000013 36.760597
v 79.389412 -0.000013 37.893829
v 77.253311 -0.000013 38.865578
v 75.055878 -0.000013 39.675255
v 72.808426 -0.000013 40.323689
v 70.523270 -0.000013 40.813038
v 68.213608 -0.000013 41.146862
v 65.893661 -0.000013 41.330078
v 63.577682 -0.000013 41.368710
v 61.278584 -0.000013 41.269474
v 59.007553 -0.000013 41.039684
v 56.774120 -0.000013 40.687271
v 54.586159 -0.000013 40.220764
v 52.449837 -0.000013 39.649292
v 50.369652 -0.000013 38.982586
v 48.348404 -0.000013 38.230976
v 46.387241 -0.000013 37.405411
v 44.485622 -0.000013 36.517429
v 42.641342 -0.000013 35.579185
v 40.850468 -0.000013 34.603409
v 39.107445 -0.000013 33.603462
v 37.405010 -0.000013 32.593307
v 35.734238 -0.000013 31.587484
v 34.085178 -0.000013 30.600790
v 32.448582 -0.000013 29.647263
v 30.816370 -0.000013 28.739868
v 29.181715 -0.000013 27.890545
v 27.539011 -0.000013 27.110180
v 25.883863 -0.000013 26.408611
v 24.213076 -0.000013 25.794611
v 22.524694 -0.000013 25.275913
v 20.817963 -0.000013 24.859196
v 19.093357 -0.000013 24.550095
v 17.352581 -0.000013 24.353182
v 15.598487 -0.000013 24.271978
v 13.835218 -0.000013 24.308973
v 12.068107 -0.000013 24.465582
v 10.303704 -0.000013 24.742182
v 8.549120 -0.000013 25.137974
v 6.809297 -0.000013 25.650486
v 5.085789 -0.000013 26.275328
v 3.376749 -0.000013 27.006187
v 1.676830 -0.000013 27.834879
v -0.022665 -0.000013 28.751272
v -1.733876 -0.000013 29.743330
v -3.472378 -0.000013 30.797096
v -5.257164 -0.000013 31.896721
v -7.110648 -0.000013 33.024418
v -9.058674 -0.000013 34.160496
v -11.130509 -0.000013 35.283363
v -13.358811 -0.000013 36.369488
v -15.779761 -0.000013 37.393475
v -18.432865 -0.000013 38.327961
v -21.359068 -0.000013 39.143318
v -24.587368 -0.000013 39.805027
v -28.125826 -0.000013 40.271999
v -31.961092 -0.000013 40.496449
v -36.058407 -0.000013 40.423931
v -40.361553 -0.000013 39.993286
v -44.793091 -0.000013 39.136703
v -49.254005 -0.000013 37.779682
v -53.623913 -0.000013 35.841022
v -57.761047 -0.000013 33.232872
v -61.502239 -0.000013 29.860689
v -64.662880 -0.000013 25.623230
v -67.037010 -0.000013 20.412600
v -68.397232 -0.000013 14.114204
v -68.494743 -0.000013 6.606890
l 1 2
l 2 3
l 3 4
l 4 5
l 5 6
l 6 7
l 7 8
l 8 9
l 9 10
l 10 11
l 11 12
l 12 13
l 13 14
l 14 15
l 15 16
l 16 17
l 17 18
l 18 19
l 19 20
l 20 21
l 21 22
l 22 23
l 23 24
l 24 25
l 25 26
l 26 27
l 27 28
l 28 29
l 29 30
l 30 31
l 31 32
l 32 33
l 33 34
l 34 35
l 35 36
l 36 37
l 37 38
l 38 39
l 39 40
l 40 41
l 41 42
l 42 43
l 43 44
l 44 45
l 45 46
l 46 47
l 47 48
l 48 49
l 49 50
l 50 51
l 51 52
l 52 53
l 53 54
l 54 55
l 55 56
l 56 57
l 57 58
l 58 59
l 59 60
l 60 61
l 61 62
l 62 63
l 63 64
l 64 65
l 65 66
l 66 67
l 67 68
l 68 69
l 69 70
l 70 71
l 71 72
l 72 73
l 73 74
l 74 75
l 75 76
l 76 77
l 77 78
l 78 79
l 79 80
l 80 81
l 81 82
l 82 83
l 83 84
l 84 85
l 85 86
l 86 87
l 87 88
l 88 89
l 89 90
l 90 91
l 91 92
l 92 93
l 93 94
l 94 95
l 95 96
l 96 97
l 97 98
l 98 99
l 99 100
l 100 101
l 101 102
l 102 103
l 103 104
l 104 105
l 105 106
l 106 107
l 107 108
l 108 109
l 109 110
l 110 111
l 111 112
l 112 113
l 113 114
l 114 115
l 115 116
l 116 117
l 117 118
l 118 119
l 119 120
l 120 121
l 121 122
l 122 123
l 123 124
l 124 125
l 125 126
l 126 127
l 127 128
l 128 129
l 129 130
l 130 131
l 131 132
l 132 133
l 133 134
l 134 135
l 135 136
l 136 137
l 137 138
l 138 139
l 139 140
l 140 141
l 141 142
l 142 143
l 143 144
l 144 145
l 145 146
l 146 147
l 147 148
l 148 149
l 149 150
l 150 151
l 151 152
l 152 153
l 153 154
l 154 155
l 155 156
l 156 157
l 157 158
l 158 159
l 159 160
l 160 161
l 161 162
l 162 163
l 163 164
l 164 165
l 165 166
l 166 167
l 167 168
o NurbsPath.001
v -68.581238 -0.000013 -4.696270
v -68.290085 -0.000013 -14.683870
v -66.686821 -0.000013 -22.710432
v -64.040718 -0.000013 -29.013220
v -60.597336 -0.000013 -33.814114
v -56.578541 -0.000013 -37.319561
v -52.182426 -0.000013 -39.720604
v -47.583378 -0.000013 -41.192867
v -42.932064 -0.000013 -41.896572
v -38.355412 -0.000013 -41.976532
v -33.956608 -0.000013 -41.562122
v -29.815130 -0.000013 -40.767338
v -25.986713 -0.000013 -39.690735
v -22.503380 -0.000013 -38.415474
v -19.373417 -0.000013 -37.009296
v -16.581369 -0.000013 -35.524532
v -14.088607 -0.000013 -33.998356
v -11.843549 -0.000013 -32.457634
v -9.796943 -0.000013 -30.926155
v -7.904171 -0.000013 -29.425726
v -6.125234 -0.000013 -27.976179
v -4.424769 -0.000013 -26.595345
v -2.772033 -0.000013 -25.299076
v -1.140919 -0.000013 -24.101242
v 0.490066 -0.000013 -23.013723
v 2.137769 -0.000013 -22.046415
v 3.814422 -0.000013 -21.207233
v 5.527627 -0.000013 -20.502100
v 7.280362 -0.000013 -19.934965
v 9.070965 -0.000013 -19.507769
v 10.893160 -0.000013 -19.220493
v 12.736077 -0.000013 -19.071133
v 14.586059 -0.000013 -19.056026
v 16.430538 -0.000013 -19.170605
v 18.259029 -0.000013 -19.409552
v 20.063131 -0.000013 -19.766802
v 21.836477 -0.000013 -20.235546
v 23.574804 -0.000013 -20.808245
v 25.275894 -0.000013 -21.476603
v 26.939604 -0.000013 -22.231575
v 28.567867 -0.000013 -23.063391
v 30.164679 -0.000013 -23.961521
v 31.736101 -0.000013 -24.914694
v 33.290279 -0.000013 -25.910902
v 34.837406 -0.000013 -26.937391
v 36.389763 -0.000013 -27.980658
v 37.961666 -0.000013 -29.026461
v 39.568733 -0.000013 -30.060108
v 41.225101 -0.000013 -31.067396
v 42.942474 -0.000013 -32.034973
v 44.730145 -0.000013 -32.950336
v 46.594902 -0.000013 -33.801861
v 48.541149 -0.000013 -34.578754
v 50.570759 -0.000013 -35.271069
v 52.683243 -0.000013 -35.869743
v 54.875587 -0.000013 -36.366539
v 57.142384 -0.000013 -36.754101
v 59.475735 -0.000013 -37.025906
v 61.865326 -0.000013 -37.176304
v 64.298355 -0.000013 -37.200470
v 66.759621 -0.000013 -37.094467
v 69.231422 -0.000013 -36.855194
v 71.694046 -0.000013 -36.480385
v 74.128082 -0.000013 -35.968506
v 76.515480 -0.000013 -35.318657
v 78.839767 -0.000013 -34.530617
v 81.085976 -0.000013 -33.604809
v 83.240669 -0.000013 -32.542332
v 85.291901 -0.000013 -31.344904
v 87.229256 -0.000013 -30.014927
v 89.043839 -0.000013 -28.555464
v 90.728226 -0.000013 -26.970217
v 92.276604 -0.000013 -25.263544
v 93.684555 -0.000013 -23.440462
v 94.949295 -0.000013 -21.506660
v 96.069435 -0.000013 -19.468473
v 97.045258 -0.000013 -17.332876
v 97.878304 -0.000013 -15.107501
v 98.570801 -0.000013 -12.800536
v 99.124855 -0.000013 -10.420625
v 99.542488 -0.000013 -7.976834
v 99.825546 -0.000013 -5.478721
v 99.975769 -0.000013 -2.936292
v 99.994751 -0.000013 -0.360000
v 99.883980 -0.000013 2.239224
v 99.644791 -0.000013 4.850051
v 99.278404 -0.000013 7.460641
v 98.785942 -0.000013 10.058717
v 98.168297 -0.000013 12.631532
v 97.426353 -0.000013 15.165936
v 96.560768 -0.000013 17.648270
v 95.572182 -0.000013 20.064440
v 94.460999 -0.000013 22.399933
v 93.228058 -0.000013 24.640627
v 91.875084 -0.000013 26.773619
v 90.404747 -0.000013 28.787382
v 88.820702 -0.000013 30.671778
v 87.127548 -0.000013 32.418011
v 85.330841 -0.000013 34.018700
v 83.437096 -0.000013 35.467777
v 81.453796 -0.000013 36.760597
v 79.389412 -0.000013 37.893829
v 77.253311 -0.000013 38.865578
v 75.055878 -0.000013 39.675255
v 72.808426 -0.000013 40.323689
v 70.523270 -0.000013 40.813038
v 68.213608 -0.000013 41.146862
v 65.893661 -0.000013 41.330078
v 63.577682 -0.000013 41.368710
v 61.278584 -0.000013 41.269474
v 59.007553 -0.000013 41.039684
v 56.774120 -0.000013 40.687271
v 54.586159 -0.000013 40.220764
v 52.449837 -0.000013 39.649292
v 50.369652 -0.000013 38.982586
v 48.348404 -0.000013 38.230976
v 46.387241 -0.000013 37.405411
v 44.485622 -0.000013 36.517429
v 42.641342 -0.000013 35.579185
v 40.850468 -0.000013 34.603409
v 39.107445 -0.000013 33.603462
v 37.405010 -0.000013 32.593307
v 35.734238 -0.000013 31.587484
v 34.085178 -0.000013 30.600790
v 32.448582 -0.000013 29.647263
v 30.816370 -0.000013 28.739868
v 29.181715 -0.000013 27.890545
v 27.539011 -0.000013 27.110180
v 25.883863 -0.000013 26.408611
v 24.213076 -0.000013 25.794611
v 22.524694 -0.000013 25.275913
v 20.817963 -0.000013 24.859196
v 19.093357 -0.000013 24.550095
v 17.352581 -0.000013 24.353182
v 15.598487 -0.000013 24.271978
v 13.835218 -0.000013 24.308973
v 12.068107 -0.000013 24.465582
v 10.303704 -0.000013 24.742182
v 8.549120 -0.000013 25.137974
v 6.809297 -0.000013 25.650486
v 5.085789 -0.000013 26.275328
v 3.376749 -0.000013 27.006187
v 1.676830 -0.000013 27.834879
v -0.022665 -0.000013 28.751272
v -1.733876 -0.000013 29.743330
v -3.472378 -0.000013 30.797096
v -5.257164 -0.000013 31.896721
v -7.110648 -0.000013 33.024418
v -9.058674 -0.000013 34.160496
v -11.130509 -0.000013 35.283363
v -13.358811 -0.000013 36.369488
v -15.779761 -0.000013 37.393475
v -18.432865 -0.000013 38.327961
v -21.359068 -0.000013 39.143318
v -24.587368 -0.000013 39.805027
v -28.125826 -0.000013 40.271999
v -31.961092 -0.000013 40.496449
v -36.058407 -0.000013 40.423931
v -40.361553 -0.000013 39.993286
v -44.793091 -0.000013 39.136703
v -49.254005 -0.000013 37.779682
v -53.623913 -0.000013 35.841022
v -57.761047 -0.000013 33.232872
v -61.502239 -0.000013 29.860689
v -64.662880 -0.000013 25.623230
v -67.037010 -0.000013 20.412600
v -68.397232 -0.000013 14.114204
v -68.494743 -0.000013 6.606890
l 169 170
l 170 171
l 171 172
l 172 173
l 173 174
l 174 175
l 175 176
l 176 177
l 177 178
l 178 179
l 179 180
l 180 181
l 181 182
l 182 183
l 183 184
l 184 185
l 185 186
l 186 187
l 187 188
l 188 189
l 189 190
l 190 191
l 191 192
l 192 193
l 193 194
l 194 195
l 195 196
l 196 197
l 197 198
l 198 199
l 199 200
l 200 201
l 201 202
l 202 203
l 203 204
l 204 205
l 205 206
l 206 207
l 207 208
l 208 209
l 209 210
l 210 211
l 211 212
l 212 213
l 213 214
l 214 215
l 215 216
l 216 217
l 217 218
l 218 219
l 219 220
l 220 221
l 221 222
l 222 223
l 223 224
l 224 225
l 225 226
l 226 227
l 227 228
l 228 229
l 229 230
l 230 231
l 231 232
l 232 233
l 233 234
l 234 235
l 235 236
l 236 237
l 237 238
l 238 239
l 239 240
l 240 241
l 241 242
l 242 243
l 243 244
l 244 245
l 245 246
l 246 247
l 247 248
l 248 249
l 249 250
l 250 251
l 251 252
l 252 253
l 253 254
l 254 255
l 255 256
l 256 257
l 257 258
l 258 259
l 259 260
l 260 261
l 261 262
l 262 263
l 263 264
l 264 265
l 265 266
l 266 267
l 267 268
l 268 269
l 269 270
l 270 271
l 271 272
l 272 273
l 273 274
l 274 275
l 275 276
l 276 277
l 277 278
l 278 279
l 279 280
l 280 281
l 281 282
l 282 283
l 283 284
l 284 285
l 285 286
l 286 287
l 287 288
l 288 289
l 289 290
l 290 291
l 291 292
l 292 293
l 293 294
l 294 295
l 295 296
l 296 297
l 297 298
l 298 299
l 299 300
l 300 301
l 301 302
l 302 303
l 303 304
l 304 305
l 305 306
l 306 307
l 307 308
l 308 309
l 309 310
l 310 311
l 311 312
l 312 313
l 313 314
l 314 315
l 315 316
l 316 317
l 317 318
l 318 319
l 319 320
l 320 321
l 321 322
l 322 323
l 323 324
l 324 325
l 325 326
l 326 327
l 327 328
l 328 329
l 329 330
l 330 331
l 331 332
l 332 333
l 333 334
l 334 335
l 335 336
o NurbsPath.002
v -68.581238 -0.000013 -4.696270
v -68.290085 -0.000013 -14.683870
v -66.686821 -0.000013 -22.710432
v -64.040718 -0.000013 -29.013220
v -60.597336 -0.000013 -33.814114
v -56.578541 -0.000013 -37.319561
v -52.182426 -0.000013 -39.720604
v -47.583378 -0.000013 -41.192867
v -42.932064 -0.000013 -41.896572
v -38.355412 -0.000013 -41.976532
v -33.956608 -0.000013 -41.562122
v -29.815130 -0.000013 -40.767338
v -25.986713 -0.000013 -39.690735
v -22.503380 -0.000013 -38.415474
v -19.373417 -0.000013 -37.009296
v -16.581369 -0.000013 -35.524532
v -14.088607 -0.000013 -33.998356
v -11.843549 -0.000013 -32.457634
v -9.796943 -0.000013 -30.926155
v -7.904171 -0.000013 -29.425726
v -6.125234 -0.000013 -27.976179
v -4.424769 -0.000013 -26.595345
v -2.772033 -0.000013 -25.299076
v -1.140919 -0.000013 -24.101242
v 0.490066 -0.000013 -23.013723
v 2.137769 -0.000013 -22.046415
v 3.814422 -0.000013 -21.207233
v 5.527627 -0.000013 -20.502100
v 7.280362 -0.000013 -19.934965
v 9.070965 -0.000013 -19.507769
v 10.893160 -0.000013 -19.220493
v 12.736077 -0.000013 -19.071133
v 14.586059 -0.000013 -19.056026
v 16.430538 -0.000013 -19.170605
v 18.259029 -0.000013 -19.409552
v 20.063131 -0.000013 -19.766802
v 21.836477 -0.000013 -20.235546
v 23.574804 -0.000013 -20.808245
v 25.275894 -0.000013 -21.476603
v 26.939604 -0.000013 -22.231575
v 28.567867 -0.000013 -23.063391
v 30.164679 -0.000013 -23.961521
v 31.736101 -0.000013 -24.914694
v 33.290279 -0.000013 -25.910902
v 34.837406 -0.000013 -26.937391
v 36.389763 -0.000013 -27.980658
v 37.961666 -0.000013 -29.026461
v 39.568733 -0.000013 -30.060108
v 41.225101 -0.000013 -31.067396
v 42.942474 -0.000013 -32.034973
v 44.730145 -0.000013 -32.950336
v 46.594902 -0.000013 -33.801861
v 48.541149 -0.000013 -34.578754
v 50.570759 -0.000013 -35.271069
v 52.683243 -0.000013 -35.869743
v 54.875587 -0.000013 -36.366539
v 57.142384 -0.000013 -36.754101
v 59.475735 -0.000013 -37.025906
v 61.865326 -0.000013 -37.176304
v 64.298355 -0.000013 -37.200470
v 66.759621 -0.000013 -37.094467
v 69.231422 -0.000013 -36.855194
v 71.694046 -0.000013 -36.480385
v 74.128082 -0.000013 -35.968506
v 76.515480 -0.000013 -35.318657
v 78.839767 -0.000013 -34.530617
v 81.085976 -0.000013 -33.604809
v 83.240669 -0.000013 -32.542332
v 85.291901 -0.000013 -31.344904
v 87.229256 -0.000013 -30.014927
v 89.043839 -0.000013 -28.555464
v 90.728226 -0.000013 -26.970217
v 92.276604 -0.000013 -25.263544
v 93.684555 -0.000013 -23.440462
v 94.949295 -0.000013 -21.506660
v 96.069435 -0.000013 -19.468473
v 97.045258 -0.000013 -17.332876
v 97.878304 -0.000013 -15.107501
v 98.570801 -0.000013 -12.800536
v 99.124855 -0.000013 -10.420625
v 99.542488 -0.000013 -7.976834
v 99.825546 -0.000013 -5.478721
v 99.975769 -0.000013 -2.936292
v 99.994751 -0.000013 -0.360000
v 99.883980 -0.000013 2.239224
v 99.644791 -0.000013 4.850051
v 99.278404 -0.000013 7.460641
v 98.785942 -0.000013 10.058717
v 98.168297 -0.000013 12.631532
v 97.426353 -0.000013 15.165936
v 96.560768 -0.000013 17.648270
v 95.572182 -0.000013 20.064440
v 94.460999 -0.000013 22.399933
v 93.228058 -0.000013 24.640627
v 91.875084 -0.000013 26.773619
v 90.404747 -0.000013 28.787382
v 88.820702 -0.000013 30.671778
v 87.127548 -0.000013 32.418011
v 85.330841 -0.000013 34.018700
v 83.437096 -0.000013 35.467777
v 81.453796 -0.000013 36.760597
v 79.389412 -0.000013 37.893829
v 77.253311 -0.000013 38.865578
v 75.055878 -0.000013 39.675255
v 72.808426 -0.000013 40.323689
v 70.523270 -0.000013 40.813038
v 68.213608 -0.000013 41.146862
v 65.893661 -0.000013 41.330078
v 63.577682 -0.000013 41.368710
v 61.278584 -0.000013 41.269474
v 59.007553 -0.000013 41.039684
v 56.774120 -0.000013 40.687271
v 54.586159 -0.000013 40.220764
v 52.449837 -0.000013 39.649292
v 50.369652 -0.000013 38.982586
v 48.348404 -0.000013 38.230976
v 46.387241 -0.000013 37.405411
v 44.485622 -0.000013 36.517429
v 42.641342 -0.000013 35.579185
v 40.850468 -0.000013 34.603409
v 39.107445 -0.000013 33.603462
v 37.405010 -0.000013 32.593307
v 35.734238 -0.000013 31.587484
v 34.085178 -0.000013 30.600790
v 32.448582 -0.000013 29.647263
v 30.816370 -0.000013 28.739868
v 29.181715 -0.000013 27.890545
v 27.539011 -0.000013 27.110180
v 25.883863 -0.000013 26.408611
v 24.213076 -0.000013 25.794611
v 22.524694 -0.000013 25.275913
v 20.817963 -0.000013 24.859196
v 19.093357 -0.000013 24.550095
v 17.352581 -0.000013 24.353182
v 15.598487 -0.000013 24.271978
v 13.835218 -0.000013 24.308973
v 12.068107 -0.000013 24.465582
v 10.303704 -0.000013 24.742182
v 8.549120 -0.000013 25.137974
v 6.809297 -0.000013 25.650486
v 5.085789 -0.000013 26.275328
v 3.376749 -0.000013 27.006187
v 1.676830 -0.000013 27.834879
v -0.022665 -0.000013 28.751272
v -1.733876 -0.000013 29.743330
v -3.472378 -0.000013 30.797096
v -5.257164 -0.000013 31.896721
v -7.110648 -0.000013 33.024418
v -9.058674 -0.000013 34.160496
v -11.130509 -0.000013 35.283363
v -13.358811 -0.000013 36.369488
v -15.779761 -0.000013 37.393475
v -18.432865 -0.000013 38.327961
v -21.359068 -0.000013 39.143318
v -24.587368 -0.000013 39.805027
v -28.125826 -0.000013 40.271999
v -31.961092 -0.000013 40.496449
v -36.058407 -0.000013 40.423931
v -40.361553 -0.000013 39.993286
v -44.793091 -0.000013 39.136703
v -49.254005 -0.000013 37.779682
v -53.623913 -0.000013 35.841022
v -57.761047 -0.000013 33.232872
v -61.502239 -0.000013 29.860689
v -64.662880 -0.000013 25.623230
v -67.037010 -0.000013 20.412600
v -68.397232 -0.000013 14.114204
v -68.494743 -0.000013 6.606890
l 337 338
l 338 339
l 339 340
l 340 341
l 341 342
l 342 343
l 343 344
l 344 345
l 345 346
l 346 347
l 347 348
l 348 349
l 349 350
l 350 351
l 351 352
l 352 353
l 353 354
l 354 355
l 355 356
l 356 357
l 357 358
l 358 359
l 359 360
l 360 361
l 361 362
l 362 363
l 363 364
l 364 365
l 365 366
l 366 367
l 367 368
l 368 369
l 369 370
l 370 371
l 371 372
l 372 373
l 373 374
l 374 375
l 375 376
l 376 377
l 377 378
l 378 379
l 379 380
l 380 381
l 381 382
l 382 383
l 383 384
l 384 385
l 385 386
l 386 387
l 387 388
l 388 389
l 389 390
l 390 391
l 391 392
l 392 393
l 393 394
l 394 395
l 395 396
l 396 397
l 397 398
l 398 399
l 399 400
l 400 401
l 401 402
l 402 403
l 403 404
l 404 405
l 405 406
l 406 407
l 407 408
l 408 409
l 409 410
l 410 411
l 411 412
l 412 413
l 413 414
l 414 415
l 415 416
l 416 417
l 417 418
l 418 419
l 419 420
l 420 421
l 421 422
l 422 423
l 423 424
l 424 425
l 425 426
l 426 427
l 427 428
l 428 429
l 429 430
l 430 431
l 431 432
l 432 433
l 433 434
l 434 435
l 435 436
l 436 437
l 437 438
l 438 439
l 439 440
l 440 441
l 441 442
l 442 443
l 443 444
l 444 445
l 445 446
l 446 447
l 447 448
l 448 449
l 449 450
l 450 451
l 451 452
l 452 453
l 453 454
l 454 455
l 455 456
l 456 457
l 457 458
l 458 459
l 459 460
l 460 461
l 461 462
l 462 463
l 463 464
l 464 465
l 465 466
l 466 467
l 467 468
l 468 469
l 469 470
l 470 471
l 471 472
l 472 473
l 473 474
l 474 475
l 475 476
l 476 477
l 477 478
l 478 479
l 479 480
l 480 481
l 481 482
l 482 483
l 483 484
l 484 485
l 485 486
l 486 487
l 487 488
l 488 489
l 489 490
l 490 491
l 491 492
l 492 493
l 493 494
l 494 495
l 495 496
l 496 497
l 497 498
l 498 499
l 499 500
l 500 501
l 501 502
l 502 503
l 503 504
o NurbsPath.003
v -68.581238 -0.000013 -4.696270
v -68.290085 -0.000013 -14.683870
v -66.686821 -0.000013 -22.710432
v -64.040718 -0.000013 -29.013220
v -60.597336 -0.000013 -33.814114
v -56.578541 -0.000013 -37.319561
v -52.182426 -0.000013 -39.720604
v -47.583378 -0.000013 -41.192867
v -42.932064 -0.000013 -41.896572
v -38.355412 -0.000013 -41.976532
v -33.956608 -0.000013 -41.562122
v -29.815130 -0.000013 -40.767338
v -25.986713 -0.000013 -39.690735
v -22.503380 -0.000013 -38.415474
v -19.373417 -0.000013 -37.009296
v -16.581369 -0.000013 -35.524532
v -14.088607 -0.000013 -33.998356
v -11.843549 -0.000013 -32.457634
v -9.796943 -0.000013 -30.926155
v -7.904171 -0.000013 -29.425726
v -6.125234 -0.000013 -27.976179
v -4.424769 -0.000013 -26.595345
v -2.772033 -0.000013 -25.299076
v -1.140919 -0.000013 -24.101242
v 0.490066 -0.000013 -23.013723
v 2.137769 -0.000013 -22.046415
v 3.814422 -0.000013 -21.207233
v 5.527627 -0.000013 -20.502100
v 7.280362 -0.000013 -19.934965
v 9.070965 -0.000013 -19.507769
v 10.893160 -0.000013 -19.220493
v 12.736077 -0.000013 -19.071133
v 14.586059 -0.000013 -19.056026
v 16.430538 -0.000013 -19.170605
v 18.259029 -0.000013 -19.409552
v 20.063131 -0.000013 -19.766802
v 21.836477 -0.000013 -20.235546
v 23.574804 -0.000013 -20.808245
v 25.275894 -0.000013 -21.476603
v 26.939604 -0.000013 -22.231575
v 28.567867 -0.000013 -23.063391
v 30.164679 -0.000013 -23.961521
v 31.736101 -0.000013 -24.914694
v 33.290279 -0.000013 -25.910902
v 34.837406 -0.000013 -26.937391
v 36.389763 -0.000013 -27.980658
v 37.961666 -0.000013 -29.026461
v 39.568733 -0.000013 -30.060108
v 41.225101 -0.000013 -31.067396
v 42.942474 -0.000013 -32.034973
v 44.730145 -0.000013 -32.950336
v 46.594902 -0.000013 -33.801861
v 48.541149 -0.000013 -34.578754
v 50.570759 -0.000013 -35.271069
v 52.683243 -0.000013 -35.869743
v 54.875587 -0.000013 -36.366539
v 57.142384 -0.000013 -36.754101
v 59.475735 -0.000013 -37.025906
v 61.865326 -0.000013 -37.176304
v 64.298355 -0.000013 -37.200470
v 66.759621 -0.000013 -37.094467
v 69.231422 -0.000013 -36.855194
v 71.694046 -0.000013 -36.480385
v 74.128082 -0.000013 -35.968506
v 76.515480 -0.000013 -35.318657
v 78.839767 -0.000013 -34.530617
v 81.085976 -0.000013 -33.604809
v 83.240669 -0.000013 -32.542332
v 85.291901 -0.000013 -31.344904
v 87.229256 -0.000013 -30.014927
v 89.043839 -0.000013 -28.555464
v 90.728226 -0.000013 -26.970217
v 92.276604 -0.000013 -25.263544
v 93.684555 -0.000013 -23.440462
v 94.949295 -0.000013 -21.506660
v 96.069435 -0.000013 -19.468473
v 97.045258 -0.000013 -17.332876
v 97.878304 -0.000013 -15.107501
v 98.570801 -0.000013 -12.800536
v 99.124855 -0.000013 -10.420625
v 99.542488 -0.000013 -7.976834
v 99.825546 -0.000013 -5.478721
v 99.975769 -0.000013 -2.936292
v 99.994751 -0.000013 -0.360000
v 99.883980 -0.000013 2.239224
v 99.644791 -0.000013 4.850051
v 99.278404 -0.000013 7.460641
v 98.785942 -0.000013 10.058717
v 98.168297 -0.000013 12.631532
v 97.426353 -0.000013 15.165936
v 96.560768 -0.000013 17.648270
v 95.572182 -0.000013 20.064440
v 94.460999 -0.000013 22.399933
v 93.228058 -0.000013 24.640627
v 91.875084 -0.000013 26.773619
v 90.404747 -0.000013 28.787382
v 88.820702 -0.000013 30.671778
v 87.127548 -0.000013 32.418011
v 85.330841 -0.000013 34.018700
v 83.437096 -0.000013 35.467777
v 81.453796 -0.000013 36.760597
v 79.389412 -0.000013 37.893829
v 77.253311 -0.000013 38.865578
v 75.055878 -0.000013 39.675255
v 72.808426 -0.000013 40.323689
v 70.523270 -0.000013 40.813038
v 68.213608 -0.000013 41.146862
v 65.893661 -0.000013 41.330078
v 63.577682 -0.000013 41.368710
v 61.278584 -0.000013 41.269474
v 59.007553 -0.000013 41.039684
v 56.774120 -0.000013 40.687271
v 54.586159 -0.000013 40.220764
v 52.449837 -0.000013 39.649292
v 50.369652 -0.000013 38.982586
v 48.348404 -0.000013 38.230976
v 46.387241 -0.000013 37.405411
v 44.485622 -0.000013 36.517429
v 42.641342 -0.000013 35.579185
v 40.850468 -0.000013 34.603409
v 39.107445 -0.000013 33.603462
v 37.405010 -0.000013 32.593307
v 35.734238 -0.000013 31.587484
v 34.085178 -0.000013 30.600790
v 32.448582 -0.000013 29.647263
v 30.816370 -0.000013 28.739868
v 29.181715 -0.000013 27.890545
v 27.539011 -0.000013 27.110180
v 25.883863 -0.000013 26.408611
v 24.213076 -0.000013 25.794611
v 22.524694 -0.000013 25.275913
v 20.817963 -0.000013 24.859196
v 19.093357 -0.000013 24.550095
v 17.352581 -0.000013 24.353182
v 15.598487 -0.000013 24.271978
v 13.835218 -0.000013 24.308973
v 12.068107 -0.000013 24.465582
v 10.303704 -0.000013 24.742182
v 8.549120 -0.000013 25.137974
v 6.809297 -0.000013 25.650486
v 5.085789 -0.000013 26.275328
v 3.376749 -0.000013 27.006187
v 1.676830 -0.000013 27.834879
v -0.022665 -0.000013 28.751272
v -1.733876 -0.000013 29.743330
v -3.472378 -0.000013 30.797096
v -5.257164 -0.000013 31.896721
v -7.110648 -0.000013 33.024418
v -9.058674 -0.000013 34.160496
v -11.130509 -0.000013 35.283363
v -13.358811 -0.000013 36.369488
v -15.779761 -0.000013 37.393475
v -18.432865 -0.000013 38.327961
v -21.359068 -0.000013 39.143318
v -24.587368 -0.000013 39.805027
v -28.125826 -0.000013 40.271999
v -31.961092 -0.000013 40.496449
v -36.058407 -0.000013 40.423931
v -40.361553 -0.000013 39.993286
v -44.793091 -0.000013 39.136703
v -49.254005 -0.000013 37.779682
v -53.623913 -0.000013 35.841022
v -57.761047 -0.000013 33.232872
v -61.502239 -0.000013 29.860689
v -64.662880 -0.000013 25.623230
v -67.037010 -0.000013 20.412600
v -68.397232 -0.000013 14.114204
v -68.494743 -0.000013 6.606890
l 505 506
l 506 507
l 507 508
l 508 509
l 509 510
l 510 511
l 511 512
l 512 513
l 513 514
l 514 515
l 515 516
l 516 517
l 517 518
l 518 519
l 519 520
l 520 521
l 521 522
l 522 523
l 523 524
l 524 525
l 525 526
l 526 527
l 527 528
l 528 529
l 529 530
l 530 531
l 531 532
l 532 533
l 533 534
l 534 535
l 535 536
l 536 537
l 537 538
l 538 539
l 539 540
l 540 541
l 541 542
l 542 543
l 543 544
l 544 545
l 545 546
l 546 547
l 547 548
l 548 549
l 549 550
l 550 551
l 551 552
l 552 553
l 553 554
l 554 555
l 555 556
l 556 557
l 557 558
l 558 559
l 559 560
l 560 561
l 561 562
l 562 563
l 563 564
l 564 565
l 565 566
l 566 567
l 567 568
l 568 569
l 569 570
l 570 571
l 571 572
l 572 573
l 573 574
l 574 575
l 575 576
l 576 577
l 577 578
l 578 579
l 579 580
l 580 581
l 581 582
l 582 583
l 583 584
l 584 585
l 585 586
l 586 587
l 587 588
l 588 589
l 589 590
l 590 591
l 591 592
l 592 593
l 593 594
l 594 595
l 595 596
l 596 597
l 597 598
l 598 599
l 599 600
l 600 601
l 601 602
l 602 603
l 603 604
l 604 605
l 605 606
l 606 607
l 607 608
l 608 609
l 609 610
l 610 611
l 611 612
l 612 613
l 613 614
l 614 615
l 615 616
l 616 617
l 617 618
l 618 619
l 619 620
l 620 621
l 621 622
l 622 623
l 623 624
l 624 625
l 625 626
l 626 627
l 627 628
l 628 629
l 629 630
l 630 631
l 631 632
l 632 633
l 633 634
l 634 635
l 635 636
l 636 637
l 637 638
l 638 639
l 639 640
l 640 641
l 641 642
l 642 643
l 643 644
l 644 645
l 645 646
l 646 647
l 647 648
l 648 649
l 649 650
l 650 651
l 651 652
l 652 653
l 653 654
l 654 655
l 655 656
l 656 657
l 657 658
l 658 659
l 659 660
l 660 661
l 661 662
l 662 663
l 663 664
l 664 665
l 665 666
l 666 667
l 667 668
l 668 669
l 669 670
l 670 671
l 671 672
o NurbsPath.004
v -68.581238 -0.000013 -4.696270
v -68.290085 -0.000013 -14.683870
v -66.686821 -0.000013 -22.710432
v -64.040718 -0.000013 -29.013220
v -60.597336 -0.000013 -33.814114
v -56.578541 -0.000013 -37.319561
v -52.182426 -0.000013 -39.720604
v -47.583378 -0.000013 -41.192867
v -42.932064 -0.000013 -41.896572
v -38.355412 -0.000013 -41.976532
v -33.956608 -0.000013 -41.562122
v -29.815130 -0.000013 -40.767338
v -25.986713 -0.000013 -39.690735
v -22.503380 -0.000013 -38.415474
v -19.373417 -0.000013 -37.009296
v -16.581369 -0.000013 -35.524532
v -14.088607 -0.000013 -33.998356
v -11.843549 -0.000013 -32.457634
v -9.796943 -0.000013 -30.926155
v -7.904171 -0.000013 -29.425726
v -6.125234 -0.000013 -27.976179
v -4.424769 -0.000013 -26.595345
v -2.772033 -0.000013 -25.299076
v -1.140919 -0.000013 -24.101242
v 0.490066 -0.000013 -23.013723
v 2.137769 -0.000013 -22.046415
v 3.814422 -0.000013 -21.207233
v 5.527627 -0.000013 -20.502100
v 7.280362 -0.000013 -19.934965
v 9.070965 -0.000013 -19.507769
v 10.893160 -0.000013 -19.220493
v 12.736077 -0.000013 -19.071133
v 14.586059 -0.000013 -19.056026
v 16.430538 -0.000013 -19.170605
v 18.259029 -0.000013 -19.409552
v 20.063131 -0.000013 -19.766802
v 21.836477 -0.000013 -20.235546
v 23.574804 -0.000013 -20.808245
v 25.275894 -0.000013 -21.476603
v 26.939604 -0.000013 -22.231575
v 28.567867 -0.000013 -23.063391
v 30.164679 -0.000013 -23.961521
v 31.736101 -0.000013 -24.914694
v 33.290279 -0.000013 -25.910902
v 34.837406 -0.000013 -26.937391
v 36.389763 -0.000013 -27.980658
v 37.961666 -0.000013 -29.026461
v 39.568733 -0.000013 -30.060108
v 41.225101 -0.000013 -31.067396
v 42.942474 -0.000013 -32.034973
v 44.730145 -0.000013 -32.950336
v 46.594902 -0.000013 -33.801861
v 48.541149 -0.000013 -34.578754
v 50.570759 -0.000013 -35.271069
v 52.683243 -0.000013 -35.869743
v 54.875587 -0.000013 -36.366539
v 57.142384 -0.000013 -36.754101
v 59.475735 -0.000013 -37.025906
v 61.865326 -0.000013 -37.176304
v 64.298355 -0.000013 -37.200470
v 66.759621 -0.000013 -37.094467
v 69.231422 -0.000013 -36.855194
v 71.694046 -0.000013 -36.480385
v 74.128082 -0.000013 -35.968506
v 76.515480 -0.000013 -35.318657
v 78.839767 -0.000013 -34.530617
v 81.085976 -0.000013 -33.604809
v 83.240669 -0.000013 -32.542332
v 85.291901 -0.000013 -31.344904
v 87.229256 -0.000013 -30.014927
v 89.043839 -0.000013 -28.555464
v 90.728226 -0.000013 -26.970217
v 92.276604 -0.000013 -25.263544
v 93.684555 -0.000013 -23.440462
v 94.949295 -0.000013 -21.506660
v 96.069435 -0.000013 -19.468473
v 97.045258 -0.000013 -17.332876
v 97.878304 -0.000013 -15.107501
v 98.570801 -0.000013 -12.800536
v 99.124855 -0.000013 -10.420625
v 99.542488 -0.000013 -7.976834
v 99.825546 -0.000013 -5.478721
v 99.975769 -0.000013 -2.936292
v 99.994751 -0.000013 -0.360000
v 99.883980 -0.000013 2.239224
v 99.644791 -0.000013 4.850051
v 99.278404 -0.000013 7.460641
v 98.785942 -0.000013 10.058717
v 98.168297 -0.000013 12.631532
v 97.426353 -0.000013 15.165936
v 96.560768 -0.000013 17.648270
v 95.572182 -0.000013 20.064440
v 94.460999 -0.000013 22.399933
v 93.228058 -0.000013 24.640627
v 91.875084 -0.000013 26.773619
v 90.404747 -0.000013 28.787382
v 88.820702 -0.000013 30.671778
v 87.127548 -0.000013 32.418011
v 85.330841 -0.000013 34.018700
v 83.437096 -0.000013 35.467777
v 81.453796 -0.000013 36.760597
v 79.389412 -0.000013 37.893829
v 77.253311 -0.000013 38.865578
v 75.055878 -0.000013 39.675255
v 72.808426 -0.000013 40.323689
v 70.523270 -0.000013 40.813038
v 68.213608 -0.000013 41.146862
v 65.893661 -0.000013 41.330078
v 63.577682 -0.000013 41.368710
v 61.278584 -0.000013 41.269474
v 59.007553 -0.000013 41.039684
v 56.774120 -0.000013 40.687271
v 54.586159 -0.000013 40.220764
v 52.449837 -0.000013 39.649292
v 50.369652 -0.000013 38.982586
v 48.348404 -0.000013 38.230976
v 46.387241 -0.000013 37.405411
v 44.485622 -0.000013 36.517429
v 42.641342 -0.000013 35.579185
v 40.850468 -0.000013 34.603409
v 39.107445 -0.000013 33.603462
v 37.405010 -0.000013 32.593307
v 35.734238 -0.000013 31.587484
v 34.085178 -0.000013 30.600790
v 32.448582 -0.000013 29.647263
v 30.816370 -0.000013 28.739868
v 29.181715 -0.000013 27.890545
v 27.539011 -0.000013 27.110180
v 25.883863 -0.000013 26.408611
v 24.213076 -0.000013 25.794611
v 22.524694 -0.000013 25.275913
v 20.817963 -0.000013 24.859196
v 19.093357 -0.000013 24.550095
v 17.352581 -0.000013 24.353182
v 15.598487 -0.000013 24.271978
v 13.835218 -0.000013 24.308973
v 12.068107 -0.000013 24.465582
v 10.303704 -0.000013 24.742182
v 8.549120 -0.000013 25.137974
v 6.809297 -0.000013 25.650486
v 5.085789 -0.000013 26.275328
v 3.376749 -0.000013 27.006187
v 1.676830 -0.000013 27.834879
v -0.022665 -0.000013 28.751272
v -1.733876 -0.000013 29.743330
v -3.472378 -0.000013 30.797096
v -5.257164 -0.000013 31.896721
v -7.110648 -0.000013 33.024418
v -9.058674 -0.000013 34.160496
v -11.130509 -0.000013 35.283363
v -13.358811 -0.000013 36.369488
v -15.779761 -0.000013 37.393475
v -18.432865 -0.000013 38.327961
v -21.359068 -0.000013 39.143318
v -24.587368 -0.000013 39.805027
v -28.125826 -0.000013 40.271999
v -31.961092 -0.000013 40.496449
v -36.058407 -0.000013 40.423931
v -40.361553 -0.000013 39.993286
v -44.793091 -0.000013 39.136703
v -49.254005 -0.000013 37.779682
v -53.623913 -0.000013 35.841022
v -57.761047 -0.000013 33.232872
v -61.502239 -0.000013 29.860689
v -64.662880 -0.000013 25.623230
v -67.037010 -0.000013 20.412600
v -68.397232 -0.000013 14.114204
v -68.494743 -0.000013 6.606890
l 673 674
l 674 675
l 675 676
l 676 677
l 677 678
l 678 679
l 679 680
l 680 681
l 681 682
l 682 683
l 683 684
l 684 685
l 685 686
l 686 687
l 687 688
l 688 689
l 689 690
l 690 691
l 691 692
l 692 693
l 693 694
l 694 695
l 695 696
l 696 697
l 697 698
l 698 699
l 699 700
l 700 701
l 701 702
l 702 703
l 703 704
l 704 705
l 705 706
l 706 707
l 707 708
l 708 709
l 709 710
l 710 711
l 711 712
l 712 713
l 713 714
l 714 715
l 715 716
l 716 717
l 717 718
l 718 719
l 719 720
l 720 721
l 721 722
l 722 723
l 723 724
l 724 725
l 725 726
l 726 727
l 727 728
l 728 729
l 729 730
l 730 731
l 731 732
l 732 733
l 733 734
l 734 735
l 735 736
l 736 737
l 737 738
l 738 739
l 739 740
l 740 741
l 741 742
l 742 743
l 743 744
l 744 745
l 745 746
l 746 747
l 747 748
l 748 749
l 749 750
l 750 751
l 751 752
l 752 753
l 753 754
l 754 755
l 755 756
l 756 757
l 757 758
l 758 759
l 759 760
l 760 761
l 761 762
l 762 763
l 763 764
l 764 765
l 765 766
l 766 767
l 767 768
l 768 769
l 769 770
l 770 771
l 771 772
l 772 773
l 773 774
l 774 775
l 775 776
l 776 777
l 777 778
l 778 779
l 779 780
l 780 781
l 781 782
l 782 783
l 783 784
l 784 785
l 785 786
l 786 787
l 787 788
l 788 789
l 789 790
l 790 791
l 791 792
l 792 793
l 793 794
l 794 795
l 795 796
l 796 797
l 797 798
l 798 799
l 799 800
l 800 801
l 801 802
l 802 803
l 803 804
l 804 805
l 805 806
l 806 807
l 807 808
l 808 809
l 809 810
l 810 811
l 811 812
l 812 813
l 813 814
l 814 815
l 815 816
l 816 817
l 817 818
l 818 819
l 819 820
l 820 821
l 821 822
l 822 823
l 823 824
l 824 825
l 825 826
l 826 827
l 827 828
l 828 829
l 829 830
l 830 831
l 831 832
l 832 833
l 833 834
l 834 835
l 835 836
l 836 837
l 837 838
l 838 839
l 839 840
o NurbsPath.005
v -68.581238 -0.000013 -4.696270
v -68.290085 -0.000014 -14.683870
v -66.686821 -0.000015 -22.710432
v -64.040718 -0.000015 -29.013220
v -60.597336 -0.000016 -33.814114
v -56.578541 -0.000016 -37.319561
v -52.182426 -0.000016 -39.720604
v -47.583378 -0.000016 -41.192867
v -42.932064 -0.000016 -41.896572
v -38.355412 -0.000016 -41.976532
v -33.956608 -0.000016 -41.562122
v -29.815130 -0.000016 -40.767338
v -25.986713 -0.000016 -39.690735
v -22.503380 -0.000016 -38.415474
v -19.373417 -0.000016 -37.009296
v -16.581369 -0.000016 -35.524532
v -14.088607 -0.000016 -33.998356
v -11.843549 -0.000015 -32.457634
v -9.796943 -0.000015 -30.926155
v -7.904171 -0.000015 -29.425726
v -6.125234 -0.000015 -27.976179
v -4.424769 -0.000015 -26.595345
v -2.772033 -0.000015 -25.299076
v -1.140919 -0.000015 -24.101242
v 0.490066 -0.000015 -23.013723
v 2.137769 -0.000015 -22.046415
v 3.814422 -0.000015 -21.207233
v 5.527627 -0.000015 -20.502100
v 7.280362 -0.000015 -19.934965
v 9.070965 -0.000014 -19.507769
v 10.893160 -0.000014 -19.220493
v 12.736077 -0.000014 -19.071133
v 14.586059 -0.000014 -19.056026
v 16.430538 -0.000014 -19.170605
v 18.259029 -0.000014 -19.409552
v 20.063131 -0.000014 -19.766802
v 21.836477 -0.000015 -20.235546
v 23.574804 -0.000015 -20.808245
v 25.275894 -0.000015 -21.476603
v 26.939604 -0.000015 -22.231575
v 28.567867 -0.000015 -23.063391
v 30.164679 -0.000015 -23.961521
v 31.736101 -0.000015 -24.914694
v 33.290279 -0.000015 -25.910902
v 34.837406 -0.000015 -26.937391
v 36.389763 -0.000015 -27.980658
v 37.961666 -0.000015 -29.026461
v 39.568733 -0.000015 -30.060108
v 41.225101 -0.000015 -31.067396
v 42.942474 -0.000015 -32.034973
v 44.730145 -0.000015 -32.950336
v 46.594902 -0.000016 -33.801861
v 48.541149 -0.000016 -34.578754
v 50.570759 -0.000016 -35.271069
v 52.683243 -0.000016 -35.869743
v 54.875587 -0.000016 -36.366539
v 57.142384 -0.000016 -36.754101
v 59.475735 -0.000016 -37.025906
v 61.865326 -0.000016 -37.176304
v 64.298355 -0.000016 -37.200470
v 66.759621 -0.000016 -37.094467
v 69.231422 -0.000016 -36.855194
v 71.694046 -0.000016 -36.480385
v 74.128082 -0.000016 -35.968506
v 76.515480 -0.000016 -35.318657
v 78.839767 -0.000016 -34.530617
v 81.085976 -0.000016 -33.604809
v 83.240669 -0.000015 -32.542332
v 85.291901 -0.000015 -31.344904
v 87.229256 -0.000015 -30.014927
v 89.043839 -0.000015 -28.555464
v 90.728226 -0.000015 -26.970217
v 92.276604 -0.000015 -25.263544
v 93.684555 -0.000015 -23.440462
v 94.949295 -0.000015 -21.506660
v 96.069435 -0.000014 -19.468473
v 97.045258 -0.000014 -17.332876
v 97.878304 -0.000014 -15.107501
v 98.570801 -0.000014 -12.800536
v 99.124855 -0.000014 -10.420625
v 99.542488 -0.000014 -7.976834
v 99.825546 -0.000013 -5.478721
v 99.975769 -0.000013 -2.936292
v 99.994751 -0.000013 -0.360000
v 99.883980 -0.000013 2.239224
v 99.644791 -0.000013 4.850051
v 99.278404 -0.000012 7.460641
v 98.785942 -0.000012 10.058717
v 98.168297 -0.000012 12.631532
v 97.426353 -0.000012 15.165936
v 96.560768 -0.000012 17.648270
v 95.572182 -0.000011 20.064440
v 94.460999 -0.000011 22.399933
v 93.228058 -0.000011 24.640627
v 91.875084 -0.000011 26.773619
v 90.404747 -0.000011 28.787382
v 88.820702 -0.000011 30.671778
v 87.127548 -0.000011 32.418011
v 85.330841 -0.000010 34.018700
v 83.437096 -0.000010 35.467777
v 81.453796 -0.000010 36.760597
v 79.389412 -0.000010 37.893829
v 77.253311 -0.000010 38.865578
v 75.055878 -0.000010 39.675255
v 72.808426 -0.000010 40.323689
v 70.523270 -0.000010 40.813038
v 68.213608 -0.000010 41.146862
v 65.893661 -0.000010 41.330078
v 63.577682 -0.000010 41.368710
v 61.278584 -0.000010 41.269474
v 59.007553 -0.000010 41.039684
v 56.774120 -0.000010 40.687271
v 54.586159 -0.000010 40.220764
v 52.449837 -0.000010 39.649292
v 50.369652 -0.000010 38.982586
v 48.348404 -0.000010 38.230976
v 46.387241 -0.000010 37.405411
v 44.485622 -0.000010 36.517429
v 42.641342 -0.000010 35.579185
v 40.850468 -0.000010 34.603409
v 39.107445 -0.000010 33.603462
v 37.405010 -0.000011 32.593307
v 35.734238 -0.000011 31.587484
v 34.085178 -0.000011 30.600790
v 32.448582 -0.000011 29.647263
v 30.816370 -0.000011 28.739868
v 29.181715 -0.000011 27.890545
v 27.539011 -0.000011 27.110180
v 25.883863 -0.000011 26.408611
v 24.213076 -0.000011 25.794611
v 22.524694 -0.000011 25.275913
v 20.817963 -0.000011 24.859196
v 19.093357 -0.000011 24.550095
v 17.352581 -0.000011 24.353182
v 15.598487 -0.000011 24.271978
v 13.835218 -0.000011 24.308973
v 12.068107 -0.000011 24.465582
v 10.303704 -0.000011 24.742182
v 8.549120 -0.000011 25.137974
v 6.809297 -0.000011 25.650486
v 5.085789 -0.000011 26.275328
v 3.376749 -0.000011 27.006187
v 1.676830 -0.000011 27.834879
v -0.022665 -0.000011 28.751272
v -1.733876 -0.000011 29.743330
v -3.472378 -0.000011 30.797096
v -5.257164 -0.000011 31.896721
v -7.110648 -0.000011 33.024418
v -9.058674 -0.000010 34.160496
v -11.130509 -0.000010 35.283363
v -13.358811 -0.000010 36.369488
v -15.779761 -0.000010 37.393475
v -18.432865 -0.000010 38.327961
v -21.359068 -0.000010 39.143318
v -24.587368 -0.000010 39.805027
v -28.125826 -0.000010 40.271999
v -31.961092 -0.000010 40.496449
v -36.058407 -0.000010 40.423931
v -40.361553 -0.000010 39.993286
v -44.793091 -0.000010 39.136703
v -49.254005 -0.000010 37.779682
v -53.623913 -0.000010 35.841022
v -57.761047 -0.000010 33.232872
v -61.502239 -0.000011 29.860689
v -64.662880 -0.000011 25.623230
v -67.037010 -0.000011 20.412600
v -68.397232 -0.000012 14.114204
v -68.494743 -0.000013 6.606890
l 841 842
l 842 843
l 843 844
l 844 845
l 845 846
l 846 847
l 847 848
l 848 849
l 849 850
l 850 851
l 851 852
l 852 853
l 853 854
l 854 855
l 855 856
l 856 857
l 857 858
l 858 859
l 859 860
l 860 861
l 861 862
l 862 863
l 863 864
l 864 865
l 865 866
l 866 867
l 867 868
l 868 869
l 869 870
l 870 871
l 871 872
l 872 873
l 873 874
l 874 875
l 875 876
l 876 877
l 877 878
l 878 879
l 879 880
l 880 881
l 881 882
l 882 883
l 883 884
l 884 885
l 885 886
l 886 887
l 887 888
l 888 889
l 889 890
l 890 891
l 891 892
l 892 893
l 893 894
l 894 895
l 895 896
l 896 897
l 897 898
l 898 899
l 899 900
l 900 901
l 901 902
l 902 903
l 903 904
l 904 905
l 905 906
l 906 907
l 907 908
l 908 909
l 909 910
l 910 911
l 911 912
l 912 913
l 913 914
l 914 915
l 915 916
l 916 917
l 917 918
l 918 919
l 919 920
l 920 921
l 921 922
l 922 923
l 923 924
l 924 925
l 925 926
l 926 927
l 927 928
l 928 929
l 929 930
l 930 931
l 931 932
l 932 933
l 933 934
l 934 935
l 935 936
l 936 937
l 937 938
l 938 939
l 939 940
l 940 941
l 941 942
l 942 943
l 943 944
l 944 945
l 945 946
l 946 947
l 947 948
l 948 949
l 949 950
l 950 951
l 951 952
l 952 953
l 953 954
l 954 955
l 955 956
l 956 957
l 957 958
l 958 959
l 959 960
l 960 961
l 961 962
l 962 963
l 963 964
l 964 965
l 965 966
l 966 967
l 967 968
l 968 969
l 969 970
l 970 971
l 971 972
l 972 973
l 973 974
l 974 975
l 975 976
l 976 977
l 977 978
l 978 979
l 979 980
l 980 981
l 981 982
l 982 983
l 983 984
l 984 985
l 985 986
l 986 987
l 987 988
l 988 989
l 989 990
l 990 991
l 991 992
l 992 993
l 993 994
l 994 995
l 995 996
l 996 997
l 997 998
l 998 999
l 999 1000
l 1000 1001
l 1001 1002
l 1002 1003
l 1003 1004
l 1004 1005
l 1005 1006
l 1006 1007
l 1007 1008
o NurbsPath.006
v -68.581238 -0.000013 -4.696270
v -68.290085 -0.000014 -14.683870
v -66.686821 -0.000015 -22.710432
v -64.040718 -0.000015 -29.013220
v -60.597336 -0.000016 -33.814114
v -56.578541 -0.000016 -37.319561
v -52.182426 -0.000016 -39.720604
v -47.583378 -0.000016 -41.192867
v -42.932064 -0.000016 -41.896572
v -38.355412 -0.000016 -41.976532
v -33.956608 -0.000016 -41.562122
v -29.815130 -0.000016 -40.767338
v -25.986713 -0.000016 -39.690735
v -22.503380 -0.000016 -38.415474
v -19.373417 -0.000016 -37.009296
v -16.581369 -0.000016 -35.524532
v -14.088607 -0.000016 -33.998356
v -11.843549 -0.000015 -32.457634
v -9.796943 -0.000015 -30.926155
v -7.904171 -0.000015 -29.425726
v -6.125234 -0.000015 -27.976179
v -4.424769 -0.000015 -26.595345
v -2.772033 -0.000015 -25.299076
v -1.140919 -0.000015 -24.101242
v 0.490066 -0.000015 -23.013723
v 2.137769 -0.000015 -22.046415
v 3.814422 -0.000015 -21.207233
v 5.527627 -0.000015 -20.502100
v 7.280362 -0.000015 -19.934965
v 9.070965 -0.000014 -19.507769
v 10.893160 -0.000014 -19.220493
v 12.736077 -0.000014 -19.071133
v 14.586059 -0.000014 -19.056026
v 16.430538 -0.000014 -19.170605
v 18.259029 -0.000014 -19.409552
v 20.063131 -0.000014 -19.766802
v 21.836477 -0.000015 -20.235546
v 23.574804 -0.000015 -20.808245
v 25.275894 -0.000015 -21.476603
v 26.939604 -0.000015 -22.231575
v 28.567867 -0.000015 -23.063391
v 30.164679 -0.000015 -23.961521
v 31.736101 -0.000015 -24.914694
v 33.290279 -0.000015 -25.910902
v 34.837406 -0.000015 -26.937391
v 36.389763 -0.000015 -27.980658
v 37.961666 -0.000015 -29.026461
v 39.568733 -0.000015 -30.060108
v 41.225101 -0.000015 -31.067396
v 42.942474 -0.000015 -32.034973
v 44.730145 -0.000015 -32.950336
v 46.594902 -0.000016 -33.801861
v 48.541149 -0.000016 -34.578754
v 50.570759 -0.000016 -35.271069
v 52.683243 -0.000016 -35.869743
v 54.875587 -0.000016 -36.366539
v 57.142384 -0.000016 -36.754101
v 59.475735 -0.000016 -37.025906
v 61.865326 -0.000016 -37.176304
v 64.298355 -0.000016 -37.200470
v 66.759621 -0.000016 -37.094467
v 69.231422 -0.000016 -36.855194
v 71.694046 -0.000016 -36.480385
v 74.128082 -0.000016 -35.968506
v 76.515480 -0.000016 -35.318657
v 78.839767 -0.000016 -34.530617
v 81.085976 -0.000016 -33.604809
v 83.240669 -0.000015 -32.542332
v 85.291901 -0.000015 -31.344904
v 87.229256 -0.000015 -30.014927
v 89.043839 -0.000015 -28.555464
v 90.728226 -0.000015 -26.970217
v 92.276604 -0.000015 -25.263544
v 93.684555 -0.000015 -23.440462
v 94.949295 -0.000015 -21.506660
v 96.069435 -0.000014 -19.468473
v 97.045258 -0.000014 -17.332876
v 97.878304 -0.000014 -15.107501
v 98.570801 -0.000014 -12.800536
v 99.124855 -0.000014 -10.420625
v 99.542488 -0.000014 -7.976834
v 99.825546 -0.000013 -5.478721
v 99.975769 -0.000013 -2.936292
v 99.994751 -0.000013 -0.360000
v 99.883980 -0.000013 2.239224
v 99.644791 -0.000013 4.850051
v 99.278404 -0.000012 7.460641
v 98.785942 -0.000012 10.058717
v 98.168297 -0.000012 12.631532
v 97.426353 -0.000012 15.165936
v 96.560768 -0.000012 17.648270
v 95.572182 -0.000011 20.064440
v 94.460999 -0.000011 22.399933
v 93.228058 -0.000011 24.640627
v 91.875084 -0.000011 26.773619
v 90.404747 -0.000011 28.787382
v 88.820702 -0.000011 30.671778
v 87.127548 -0.000011 32.418011
v 85.330841 -0.000010 34.018700
v 83.437096 -0.000010 35.467777
v 81.453796 -0.000010 36.760597
v 79.389412 -0.000010 37.893829
v 77.253311 -0.000010 38.865578
v 75.055878 -0.000010 39.675255
v 72.808426 -0.000010 40.323689
v 70.523270 -0.000010 40.813038
v 68.213608 -0.000010 41.146862
v 65.893661 -0.000010 41.330078
v 63.577682 -0.000010 41.368710
v 61.278584 -0.000010 41.269474
v 59.007553 -0.000010 41.039684
v 56.774120 -0.000010 40.687271
v 54.586159 -0.000010 40.220764
v 52.449837 -0.000010 39.649292
v 50.369652 -0.000010 38.982586
v 48.348404 -0.000010 38.230976
v 46.387241 -0.000010 37.405411
v 44.485622 -0.000010 36.517429
v 42.641342 -0.000010 35.579185
v 40.850468 -0.000010 34.603409
v 39.107445 -0.000010 33.603462
v 37.405010 -0.000011 32.593307
v 35.734238 -0.000011 31.587484
v 34.085178 -0.000011 30.600790
v 32.448582 -0.000011 29.647263
v 30.816370 -0.000011 28.739868
v 29.181715 -0.000011 27.890545
v 27.539011 -0.000011 27.110180
v 25.883863 -0.000011 26.408611
v 24.213076 -0.000011 25.794611
v 22.524694 -0.000011 25.275913
v 20.817963 -0.000011 24.859196
v 19.093357 -0.000011 24.550095
v 17.352581 -0.000011 24.353182
v 15.598487 -0.000011 24.271978
v 13.835218 -0.000011 24.308973
v 12.068107 -0.000011 24.465582
v 10.303704 -0.000011 24.742182
v 8.549120 -0.000011 25.137974
v 6.809297 -0.000011 25.650486
v 5.085789 -0.000011 26.275328
v 3.376749 -0.000011 27.006187
v 1.676830 -0.000011 27.834879
v -0.022665 -0.000011 28.751272
v -1.733876 -0.000011 29.743330
v -3.472378 -0.000011 30.797096
v -5.257164 -0.000011 31.896721
v -7.110648 -0.000011 33.024418
v -9.058674 -0.000010 34.160496
v -11.130509 -0.000010 35.283363
v -13.358811 -0.000010 36.369488
v -15.779761 -0.000010 37.393475
v -18.432865 -0.000010 38.327961
v -21.359068 -0.000010 39.143318
v -24.587368 -0.000010 39.805027
v -28.125826 -0.000010 40.271999
v -31.961092 -0.000010 40.496449
v -36.058407 -0.000010 40.423931
v -40.361553 -0.000010 39.993286
v -44.793091 -0.000010 39.136703
v -49.254005 -0.000010 37.779682
v -53.623913 -0.000010 35.841022
v -57.761047 -0.000010 33.232872
v -61.502239 -0.000011 29.860689
v -64.662880 -0.000011 25.623230
v -67.037010 -0.000011 20.412600
v -68.397232 -0.000012 14.114204
v -68.494743 -0.000013 6.606890
l 1009 1010
l 1010 1011
l 1011 1012
l 1012 1013
l 1013 1014
l 1014 1015
l 1015 1016
l 1016 1017
l 1017 1018
l 1018 1019
l 1019 1020
l 1020 1021
l 1021 1022
l 1022 1023
l 1023 1024
l 1024 1025
l 1025 1026
l 1026 1027
l 1027 1028
l 1028 1029
l 1029 1030
l 1030 1031
l 1031 1032
l 1032 1033
l 1033 1034
l 1034 1035
l 1035 1036
l 1036 1037
l 1037 1038
l 1038 1039
l 1039 1040
l 1040 1041
l 1041 1042
l 1042 1043
l 1043 1044
l 1044 1045
l 1045 1046
l 1046 1047
l 1047 1048
l 1048 1049
l 1049 1050
l 1050 1051
l 1051 1052
l 1052 1053
l 1053 1054
l 1054 1055
l 1055 1056
l 1056 1057
l 1057 1058
l 1058 1059
l 1059 1060
l 1060 1061
l 1061 1062
l 1062 1063
l 1063 1064
l 1064 1065
l 1065 1066
l 1066 1067
l 1067 1068
l 1068 1069
l 1069 1070
l 1070 1071
l 1071 1072
l 1072 1073
l 1073 1074
l 1074 1075
l 1075 1076
l 1076 1077
l 1077 1078
l 1078 1079
l 1079 1080
l 1080 1081
l 1081 1082
l 1082 1083
l 1083 1084
l 1084 1085
l 1085 1086
l 1086 1087
l 1087 1088
l 1088 1089
l 1089 1090
l 1090 1091
l 1091 1092
l 1092 1093
l 1093 1094
l 1094 1095
l 1095 1096
l 1096 1097
l 1097 1098
l 1098 1099
l 1099 1100
l 1100 1101
l 1101 1102
l 1102 1103
l 1103 1104
l 1104 1105
l 1105 1106
l 1106 1107
l 1107 1108
l 1108 1109
l 1109 1110
l 1110 1111
l 1111 1112
l 1112 1113
l 1113 1114
l 1114 1115
l 1115 1116
l 1116 1117
l 1117 1118
l 1118 1119
l 1119 1120
l 1120 1121
l 1121 1122
l 1122 1123
l 1123 1124
l 1124 1125
l 1125 1126
l 1126 1127
l 1127 1128
l 1128 1129
l 1129 1130
l 1130 1131
l 1131 1132
l 1132 1133
l 1133 1134
l 1134 1135
l 1135 1136
l 1136 1137
l 1137 1138
l 1138 1139
l 1139 1140
l 1140 1141
l 1141 1142
l 1142 1143
l 1143 1144
l 1144 1145
l 1145 1146
l 1146 1147
l 1147 1148
l 1148 1149
l 1149 1150
l 1150 1151
l 1151 1152
l 1152 1153
l 1153 1154
l 1154 1155
l 1155 1156
l 1156 1157
l 1157 1158
l 1158 1159
l 1159 1160
l 1160 1161
l 1161 1162
l 1162 1163
l 1163 1164
l 1164 1165
l 1165 1166
l 1166 1167
l 1167 1168
l 1168 1169
l 1169 1170
l 1170 1171
l 1171 1172
l 1172 1173
l 1173 1174
l 1174 1175
l 1175 1176
o NurbsPath.007
v -68.581238 -0.000013 -4.696270
v -68.290085 -0.000014 -14.683870
v -66.686821 -0.000015 -22.710432
v -64.040718 -0.000015 -29.013220
v -60.597336 -0.000016 -33.814114
v -56.578541 -0.000016 -37.319561
v -52.182426 -0.000016 -39.720604
v -47.583378 -0.000016 -41.192867
v -42.932064 -0.000016 -41.896572
v -38.355412 -0.000016 -41.976532
v -33.956608 -0.000016 -41.562122
v -29.815130 -0.000016 -40.767338
v -25.986713 -0.000016 -39.690735
v -22.503380 -0.000016 -38.415474
v -19.373417 -0.000016 -37.009296
v -16.581369 -0.000016 -35.524532
v -14.088607 -0.000016 -33.998356
v -11.843549 -0.000015 -32.457634
v -9.796943 -0.000015 -30.926155
v -7.904171 -0.000015 -29.425726
v -6.125234 -0.000015 -27.976179
v -4.424769 -0.000015 -26.595345
v -2.772033 -0.000015 -25.299076
v -1.140919 -0.000015 -24.101242
v 0.490066 -0.000015 -23.013723
v 2.137769 -0.000015 -22.046415
v 3.814422 -0.000015 -21.207233
v 5.527627 -0.000015 -20.502100
v 7.280362 -0.000015 -19.934965
v 9.070965 -0.000014 -19.507769
v 10.893160 -0.000014 -19.220493
v 12.736077 -0.000014 -19.071133
v 14.586059 -0.000014 -19.056026
v 16.430538 -0.000014 -19.170605
v 18.259029 -0.000014 -19.409552
v 20.063131 -0.000014 -19.766802
v 21.836477 -0.000015 -20.235546
v 23.574804 -0.000015 -20.808245
v 25.275894 -0.000015 -21.476603
v 26.939604 -0.000015 -22.231575
v 28.567867 -0.000015 -23.063391
v 30.164679 -0.000015 -23.961521
v 31.736101 -0.000015 -24.914694
v 33.290279 -0.000015 -25.910902
v 34.837406 -0.000015 -26.937391
v 36.389763 -0.000015 -27.980658
v 37.961666 -0.000015 -29.026461
v 39.568733 -0.000015 -30.060108
v 41.225101 -0.000015 -31.067396
v 42.942474 -0.000015 -32.034973
v 44.730145 -0.000015 -32.950336
v 46.594902 -0.000016 -33.801861
v 48.541149 -0.000016 -34.578754
v 50.570759 -0.000016 -35.271069
v 52.683243 -0.000016 -35.869743
v 54.875587 -0.000016 -36.366539
v 57.142384 -0.000016 -36.754101
v 59.475735 -0.000016 -37.025906
v 61.865326 -0.000016 -37.176304
v 64.298355 -0.000016 -37.200470
v 66.759621 -0.000016 -37.094467
v 69.231422 -0.000016 -36.855194
v 71.694046 -0.000016 -36.480385
v 74.128082 -0.000016 -35.968506
v 76.515480 -0.000016 -35.318657
v 78.839767 -0.000016 -34.530617
v 81.085976 -0.000016 -33.604809
v 83.240669 -0.000015 -32.542332
v 85.291901 -0.000015 -31.344904
v 87.229256 -0.000015 -30.014927
v 89.043839 -0.000015 -28.555464
v 90.728226 -0.000015 -26.970217
v 92.276604 -0.000015 -25.263544
v 93.684555 -0.000015 -23.440462
v 94.949295 -0.000015 -21.506660
v 96.069435 -0.000014 -19.468473
v 97.045258 -0.000014 -17.332876
v 97.878304 -0.000014 -15.107501
v 98.570801 -0.000014 -12.800536
v 99.124855 -0.000014 -10.420625
v 99.542488 -0.000014 -7.976834
v 99.825546 -0.000013 -5.478721
v 99.975769 -0.000013 -2.936292
v 99.994751 -0.000013 -0.360000
v 99.883980 -0.000013 2.239224
v 99.644791 -0.000013 4.850051
v 99.278404 -0.000012 7.460641
v 98.785942 -0.000012 10.058717
v 98.168297 -0.000012 12.631532
v 97.426353 -0.000012 15.165936
v 96.560768 -0.000012 17.648270
v 95.572182 -0.000011 20.064440
v 94.460999 -0.000011 22.399933
v 93.228058 -0.000011 24.640627
v 91.875084 -0.000011 26.773619
v 90.404747 -0.000011 28.787382
v 88.820702 -0.000011 30.671778
v 87.127548 -0.000011 32.418011
v 85.330841 -0.000010 34.018700
v 83.437096 -0.000010 35.467777
v 81.453796 -0.000010 36.760597
v 79.389412 -0.000010 37.893829
v 77.253311 -0.000010 38.865578
v 75.055878 -0.000010 39.675255
v 72.808426 -0.000010 40.323689
v 70.523270 -0.000010 40.813038
v 68.213608 -0.000010 41.146862
v 65.893661 -0.000010 41.330078
v 63.577682 -0.000010 41.368710
v 61.278584 -0.000010 41.269474
v 59.007553 -0.000010 41.039684
v 56.774120 -0.000010 40.687271
v 54.586159 -0.000010 40.220764
v 52.449837 -0.000010 39.649292
v 50.369652 -0.000010 38.982586
v 48.348404 -0.000010 38.230976
v 46.387241 -0.000010 37.405411
v 44.485622 -0.000010 36.517429
v 42.641342 -0.000010 35.579185
v 40.850468 -0.000010 34.603409
v 39.107445 -0.000010 33.603462
v 37.405010 -0.000011 32.593307
v 35.734238 -0.000011 31.587484
v 34.085178 -0.000011 30.600790
v 32.448582 -0.000011 29.647263
v 30.816370 -0.000011 28.739868
v 29.181715 -0.000011 27.890545
v 27.539011 -0.000011 27.110180
v 25.883863 -0.000011 26.408611
v 24.213076 -0.000011 25.794611
v 22.524694 -0.000011 25.275913
v 20.817963 -0.000011 24.859196
v 19.093357 -0.000011 24.550095
v 17.352581 -0.000011 24.353182
v 15.598487 -0.000011 24.271978
v 13.835218 -0.000011 24.308973
v 12.068107 -0.000011 24.465582
v 10.303704 -0.000011 24.742182
v 8.549120 -0.000011 25.137974
v 6.809297 -0.000011 25.650486
v 5.085789 -0.000011 26.275328
v 3.376749 -0.000011 27.006187
v 1.676830 -0.000011 27.834879
v -0.022665 -0.000011 28.751272
v -1.733876 -0.000011 29.743330
v -3.472378 -0.000011 30.797096
v -5.257164 -0.000011 31.896721
v -7.110648 -0.000011 33.024418
v -9.058674 -0.000010 34.160496
v -11.130509 -0.000010 35.283363
v -13.358811 -0.000010 36.369488
v -15.779761 -0.000010 37.393475
v -18.432865 -0.000010 38.327961
v -21.359068 -0.000010 39.143318
v -24.587368 -0.000010 39.805027
v -28.125826 -0.000010 40.271999
v -31.961092 -0.000010 40.496449
v -36.058407 -0.000010 40.423931
v -40.361553 -0.000010 39.993286
v -44.793091 -0.000010 39.136703
v -49.254005 -0.000010 37.779682
v -53.623913 -0.000010 35.841022
v -57.761047 -0.000010 33.232872
v -61.502239 -0.000011 29.860689
v -64.662880 -0.000011 25.623230
v -67.037010 -0.000011 20.412600
v -68.397232 -0.000012 14.114204
v -68.494743 -0.000013 6.606890
l 1177 1178
l 1178 1179
l 1179 1180
l 1180 1181
l 1181 1182
l 1182 1183
l 1183 1184
l 1184 1185
l 1185 1186
l 1186 1187
l 1187 1188
l 1188 1189
l 1189 1190
l 1190 1191
l 1191 1192
l 1192 1193
l 1193 1194
l 1194 1195
l 1195 1196
l 1196 1197
l 1197 1198
l 1198 1199
l 1199 1200
l 1200 1201
l 1201 1202
l 1202 1203
l 1203 1204
l 1204 1205
l 1205 1206
l 1206 1207
l 1207 1208
l 1208 1209
l 1209 1210
l 1210 1211
l 1211 1212
l 1212 1213
l 1213 1214
l 1214 1215
l 1215 1216
l 1216 1217
l 1217 1218
l 1218 1219
l 1219 1220
l 1220 1221
l 1221 1222
l 1222 1223
l 1223 1224
l 1224 1225
l 1225 1226
l 1226 1227
l 1227 1228
l 1228 1229
l 1229 1230
l 1230 1231
l 1231 1232
l 1232 1233
l 1233 1234
l 1234 1235
l 1235 1236
l 1236 1237
l 1237 1238
l 1238 1239
l 1239 1240
l 1240 1241
l 1241 1242
l 1242 1243
l 1243 1244
l 1244 1245
l 1245 1246
l 1246 1247
l 1247 1248
l 1248 1249
l 1249 1250
l 1250 1251
l 1251 1252
l 1252 1253
l 1253 1254
l 1254 1255
l 1255 1256
l 1256 1257
l 1257 1258
l 1258 1259
l 1259 1260
l 1260 1261
l 1261 1262
l 1262 1263
l 1263 1264
l 1264 1265
l 1265 1266
l 1266 1267
l 1267 1268
l 1268 1269
l 1269 1270
l 1270 1271
l 1271 1272
l 1272 1273
l 1273 1274
l 1274 1275
l 1275 1276
l 1276 1277
l 1277 1278
l 1278 1279
l 1279 1280
l 1280 1281
l 1281 1282
l 1282 1283
l 1283 1284
l 1284 1285
l 1285 1286
l 1286 1287
l 1287 1288
l 1288 1289
l 1289 1290
l 1290 1291
l 1291 1292
l 1292 1293
l 1293 1294
l 1294 1295
l 1295 1296
l 1296 1297
l 1297 1298
l 1298 1299
l 1299 1300
l 1300 1301
l 1301 1302
l 1302 1303
l 1303 1304
l 1304 1305
l 1305 1306
l 1306 1307
l 1307 1308
l 1308 1309
l 1309 1310
l 1310 1311
l 1311 1312
l 1312 1313
l 1313 1314
l 1314 1315
l 1315 1316
l 1316 1317
l 1317 1318
l 1318 1319
l 1319 1320
l 1320 1321
l 1321 1322
l 1322 1323
l 1323 1324
l 1324 1325
l 1325 1326
l 1326 1327
l 1327 1328
l 1328 1329
l 1329 1330
l 1330 1331
l 1331 1332
l 1332 1333
l 1333 1334
l 1334 1335
l 1335 1336
l 1336 1337
l 1337 1338
l 1338 1339
l 1339 1340
l 1340 1341
l 1341 1342
l 1342 1343
l 1343 1344
o NurbsPath.008
v -68.581238 -0.000013 -4.696270
v -68.290085 -0.000014 -14.683870
v -66.686821 -0.000015 -22.710432
v -64.040718 -0.000015 -29.013220
v -60.597336 -0.000016 -33.814114
v -56.578541 -0.000016 -37.319561
v -52.182426 -0.000016 -39.720604
v -47.583378 -0.000016 -41.192867
v -42.932064 -0.000016 -41.896572
v -38.355412 -0.000016 -41.976532
v -33.956608 -0.000016 -41.562122
v -29.815130 -0.000016 -40.767338
v -25.986713 -0.000016 -39.690735
v -22.503380 -0.000016 -38.415474
v -19.373417 -0.000016 -37.009296
v -16.581369 -0.000016 -35.524532
v -14.088607 -0.000016 -33.998356
v -11.843549 -0.000015 -32.457634
v -9.796943 -0.000015 -30.926155
v -7.904171 -0.000015 -29.425726
v -6.125234 -0.000015 -27.976179
v -4.424769 -0.000015 -26.595345
v -2.772033 -0.000015 -25.299076
v -1.140919 -0.000015 -24.101242
v 0.490066 -0.000015 -23.013723
v 2.137769 -0.000015 -22.046415
v 3.814422 -0.000015 -21.207233
v 5.527627 -0.000015 -20.502100
v 7.280362 -0.000015 -19.934965
v 9.070965 -0.000014 -19.507769
v 10.893160 -0.000014 -19.220493
v 12.736077 -0.000014 -19.071133
v 14.586059 -0.000014 -19.056026
v 16.430538 -0.000014 -19.170605
v 18.259029 -0.000014 -19.409552
v 20.063131 -0.000014 -19.766802
v 21.836477 -0.000015 -20.235546
v 23.574804 -0.000015 -20.808245
v 25.275894 -0.000015 -21.476603
v 26.939604 -0.000015 -22.231575
v 28.567867 -0.000015 -23.063391
v 30.164679 -0.000015 -23.961521
v 31.736101 -0.000015 -24.914694
v 33.290279 -0.000015 -25.910902
v 34.837406 -0.000015 -26.937391
v 36.389763 -0.000015 -27.980658
v 37.961666 -0.000015 -29.026461
v 39.568733 -0.000015 -30.060108
v 41.225101 -0.000015 -31.067396
v 42.942474 -0.000015 -32.034973
v 44.730145 -0.000015 -32.950336
v 46.594902 -0.000016 -33.801861
v 48.541149 -0.000016 -34.578754
v 50.570759 -0.000016 -35.271069
v 52.683243 -0.000016 -35.869743
v 54.875587 -0.000016 -36.366539
v 57.142384 -0.000016 -36.754101
v 59.475735 -0.000016 -37.025906
v 61.865326 -0.000016 -37.176304
v 64.298355 -0.000016 -37.200470
v 66.759621 -0.000016 -37.094467
v 69.231422 -0.000016 -36.855194
v 71.694046 -0.000016 -36.480385
v 74.128082 -0.000016 -35.968506
v 76.515480 -0.000016 -35.318657
v 78.839767 -0.000016 -34.530617
v 81.085976 -0.000016 -33.604809
v 83.240669 -0.000015 -32.542332
v 85.291901 -0.000015 -31.344904
v 87.229256 -0.000015 -30.014927
v 89.043839 -0.000015 -28.555464
v 90.728226 -0.000015 -26.970217
v 92.276604 -0.000015 -25.263544
v 93.684555 -0.000015 -23.440462
v 94.949295 -0.000015 -21.506660
v 96.069435 -0.000014 -19.468473
v 97.045258 -0.000014 -17.332876
v 97.878304 -0.000014 -15.107501
v 98.570801 -0.000014 -12.800536
v 99.124855 -0.000014 -10.420625
v 99.542488 -0.000014 -7.976834
v 99.825546 -0.000013 -5.478721
v 99.975769 -0.000013 -2.936292
v 99.994751 -0.000013 -0.360000
v 99.883980 -0.000013 2.239224
v 99.644791 -0.000013 4.850051
v 99.278404 -0.000012 7.460641
v 98.785942 -0.000012 10.058717
v 98.168297 -0.000012 12.631532
v 97.426353 -0.000012 15.165936
v 96.560768 -0.000012 17.648270
v 95.572182 -0.000011 20.064440
v 94.460999 -0.000011 22.399933
v 93.228058 -0.000011 24.640627
v 91.875084 -0.000011 26.773619
v 90.404747 -0.000011 28.787382
v 88.820702 -0.000011 30.671778
v 87.127548 -0.000011 32.418011
v 85.330841 -0.000010 34.018700
v 83.437096 -0.000010 35.467777
v 81.453796 -0.000010 36.760597
v 79.389412 -0.000010 37.893829
v 77.253311 -0.000010 38.865578
v 75.055878 -0.000010 39.675255
v 72.808426 -0.000010 40.323689
v 70.523270 -0.000010 40.813038
v 68.213608 -0.000010 41.146862
v 65.893661 -0.000010 41.330078
v 63.577682 -0.000010 41.368710
v 61.278584 -0.000010 41.269474
v 59.007553 -0.000010 41.039684
v 56.774120 -0.000010 40.687271
v 54.586159 -0.000010 40.220764
v 52.449837 -0.000010 39.649292
v 50.369652 -0.000010 38.982586
v 48.348404 -0.000010 38.230976
v 46.387241 -0.000010 37.405411
v 44.485622 -0.000010 36.517429
v 42.641342 -0.000010 35.579185
v 40.850468 -0.000010 34.603409
v 39.107445 -0.000010 33.603462
v 37.405010 -0.000011 32.593307
v 35.734238 -0.000011 31.587484
v 34.085178 -0.000011 30.600790
v 32.448582 -0.000011 29.647263
v 30.816370 -0.000011 28.739868
v 29.181715 -0.000011 27.890545
v 27.539011 -0.000011 27.110180
v 25.883863 -0.000011 26.408611
v 24.213076 -0.000011 25.794611
v 22.524694 -0.000011 25.275913
v 20.817963 -0.000011 24.859196
v 19.093357 -0.000011 24.550095
v 17.352581 -0.000011 24.353182
v 15.598487 -0.000011 24.271978
v 13.835218 -0.000011 24.308973
v 12.068107 -0.000011 24.465582
v 10.303704 -0.000011 24.742182
v 8.549120 -0.000011 25.137974
v 6.809297 -0.000011 25.650486
v 5.085789 -0.000011 26.275328
v 3.376749 -0.000011 27.006187
v 1.676830 -0.000011 27.834879
v -0.022665 -0.000011 28.751272
v -1.733876 -0.000011 29.743330
v -3.472378 -0.000011 30.797096
v -5.257164 -0.000011 31.896721
v -7.110648 -0.000011 33.024418
v -9.058674 -0.000010 34.160496
v -11.130509 -0.000010 35.283363
v -13.358811 -0.000010 36.369488
v -15.779761 -0.000010 37.393475
v -18.432865 -0.000010 38.327961
v -21.359068 -0.000010 39.143318
v -24.587368 -0.000010 39.805027
v -28.125826 -0.000010 40.271999
v -31.961092 -0.000010 40.496449
v -36.058407 -0.000010 40.423931
v -40.361553 -0.000010 39.993286
v -44.793091 -0.000010 39.136703
v -49.254005 -0.000010 37.779682
v -53.623913 -0.000010 35.841022
v -57.761047 -0.000010 33.232872
v -61.502239 -0.000011 29.860689
v -64.662880 -0.000011 25.623230
v -67.037010 -0.000011 20.412600
v -68.397232 -0.000012 14.114204
v -68.494743 -0.000013 6.606890
l 1345 1346
l 1346 1347
l 1347 1348
l 1348 1349
l 1349 1350
l 1350 1351
l 1351 1352
l 1352 1353
l 1353 1354
l 1354 1355
l 1355 1356
l 1356 1357
l 1357 1358
l 1358 1359
l 1359 1360
l 1360 1361
l 1361 1362
l 1362 1363
l 1363 1364
l 1364 1365
l 1365 1366
l 1366 1367
l 1367 1368
l 1368 1369
l 1369 1370
l 1370 1371
l 1371 1372
l 1372 1373
l 1373 1374
l 1374 1375
l 1375 1376
l 1376 1377
l 1377 1378
l 1378 1379
l 1379 1380
l 1380 1381
l 1381 1382
l 1382 1383
l 1383 1384
l 1384 1385
l 1385 1386
l 1386 1387
l 1387 1388
l 1388 1389
l 1389 1390
l 1390 1391
l 1391 1392
l 1392 1393
l 1393 1394
l 1394 1395
l 1395 1396
l 1396 1397
l 1397 1398
l 1398 1399
l 1399 1400
l 1400 1401
l 1401 1402
l 1402 1403
l 1403 1404
l 1404 1405
l 1405 1406
l 1406 1407
l 1407 1408
l 1408 1409
l 1409 1410
l 1410 1411
l 1411 1412
l 1412 1413
l 1413 1414
l 1414 1415
l 1415 1416
l 1416 1417
l 1417 1418
l 1418 1419
l 1419 1420
l 1420 1421
l 1421 1422
l 1422 1423
l 1423 1424
l 1424 1425
l 1425 1426
l 1426 1427
l 1427 1428
l 1428 1429
l 1429 1430
l 1430 1431
l 1431 1432
l 1432 1433
l 1433 1434
l 1434 1435
l 1435 1436
l 1436 1437
l 1437 1438
l 1438 1439
l 1439 1440
l 1440 1441
l 1441 1442
l 1442 1443
l 1443 1444
l 1444 1445
l 1445 1446
l 1446 1447
l 1447 1448
l 1448 1449
l 1449 1450
l 1450 1451
l 1451 1452
l 1452 1453
l 1453 1454
l 1454 1455
l 1455 1456
l 1456 1457
l 1457 1458
l 1458 1459
l 1459 1460
l 1460 1461
l 1461 1462
l 1462 1463
l 1463 1464
l 1464 1465
l 1465 1466
l 1466 1467
l 1467 1468
l 1468 1469
l 1469 1470
l 1470 1471
l 1471 1472
l 1472 1473
l 1473 1474
l 1474 1475
l 1475 1476
l 1476 1477
l 1477 1478
l 1478 1479
l 1479 1480
l 1480 1481
l 1481 1482
l 1482 1483
l 1483 1484
l 1484 1485
l 1485 1486
l 1486 1487
l 1487 1488
l 1488 1489
l 1489 1490
l 1490 1491
l 1491 1492
l 1492 1493
l 1493 1494
l 1494 1495
l 1495 1496
l 1496 1497
l 1497 1498
l 1498 1499
l 1499 1500
l 1500 1501
l 1501 1502
l 1502 1503
l 1503 1504
l 1504 1505
l 1505 1506
l 1506 1507
l 1507 1508
l 1508 1509
l 1509 1510
l 1510 1511
l 1511 1512
o NurbsPath.009
v -68.581238 -0.000013 -4.696270
v -68.290085 -0.000014 -14.683870
v -66.686821 -0.000015 -22.710432
v -64.040718 -0.000015 -29.013220
v -60.597336 -0.000016 -33.814114
v -56.578541 -0.000016 -37.319561
v -52.182426 -0.000016 -39.720604
v -47.583378 -0.000016 -41.192867
v -42.932064 -0.000016 -41.896572
v -38.355412 -0.000016 -41.976532
v -33.956608 -0.000016 -41.562122
v -29.815130 -0.000016 -40.767338
v -25.986713 -0.000016 -39.690735
v -22.503380 -0.000016 -38.415474
v -19.373417 -0.000016 -37.009296
v -16.581369 -0.000016 -35.524532
v -14.088607 -0.000016 -33.998356
v -11.843549 -0.000015 -32.457634
v -9.796943 -0.000015 -30.926155
v -7.904171 -0.000015 -29.425726
v -6.125234 -0.000015 -27.976179
v -4.424769 -0.000015 -26.595345
v -2.772033 -0.000015 -25.299076
v -1.140919 -0.000015 -24.101242
v 0.490066 -0.000015 -23.013723
v 2.137769 -0.000015 -22.046415
v 3.814422 -0.000015 -21.207233
v 5.527627 -0.000015 -20.502100
v 7.280362 -0.000015 -19.934965
v 9.070965 -0.000014 -19.507769
v 10.893160 -0.000014 -19.220493
v 12.736077 -0.000014 -19.071133
v 14.586059 -0.000014 -19.056026
v 16.430538 -0.000014 -19.170605
v 18.259029 -0.000014 -19.409552
v 20.063131 -0.000014 -19.766802
v 21.836477 -0.000015 -20.235546
v 23.574804 -0.000015 -20.808245
v 25.275894 -0.000015 -21.476603
v 26.939604 -0.000015 -22.231575
v 28.567867 -0.000015 -23.063391
v 30.164679 -0.000015 -23.961521
v 31.736101 -0.000015 -24.914694
v 33.290279 -0.000015 -25.910902
v 34.837406 -0.000015 -26.937391
v 36.389763 -0.000015 -27.980658
v 37.961666 -0.000015 -29.026461
v 39.568733 -0.000015 -30.060108
v 41.225101 -0.000015 -31.067396
v 42.942474 -0.000015 -32.034973
v 44.730145 -0.000015 -32.950336
v 46.594902 -0.000016 -33.801861
v 48.541149 -0.000016 -34.578754
v 50.570759 -0.000016 -35.271069
v 52.683243 -0.000016 -35.869743
v 54.875587 -0.000016 -36.366539
v 57.142384 -0.000016 -36.754101
v 59.475735 -0.000016 -37.025906
v 61.865326 -0.000016 -37.176304
v 64.298355 -0.000016 -37.200470
v 66.759621 -0.000016 -37.094467
v 69.231422 -0.000016 -36.855194
v 71.694046 -0.000016 -36.480385
v 74.128082 -0.000016 -35.968506
v 76.515480 -0.000016 -35.318657
v 78.839767 -0.000016 -34.530617
v 81.085976 -0.000016 -33.604809
v 83.240669 -0.000015 -32.542332
v 85.291901 -0.000015 -31.344904
v 87.229256 -0.000015 -30.014927
v 89.043839 -0.000015 -28.555464
v 90.728226 -0.000015 -26.970217
v 92.276604 -0.000015 -25.263544
v 93.684555 -0.000015 -23.440462
v 94.949295 -0.000015 -21.506660
v 96.069435 -0.000014 -19.468473
v 97.045258 -0.000014 -17.332876
v 97.878304 -0.000014 -15.107501
v 98.570801 -0.000014 -12.800536
v 99.124855 -0.000014 -10.420625
v 99.542488 -0.000014 -7.976834
v 99.825546 -0.000013 -5.478721
v 99.975769 -0.000013 -2.936292
v 99.994751 -0.000013 -0.360000
v 99.883980 -0.000013 2.239224
v 99.644791 -0.000013 4.850051
v 99.278404 -0.000012 7.460641
v 98.785942 -0.000012 10.058717
v 98.168297 -0.000012 12.631532
v 97.426353 -0.000012 15.165936
v 96.560768 -0.000012 17.648270
v 95.572182 -0.000011 20.064440
v 94.460999 -0.000011 22.399933
v 93.228058 -0.000011 24.640627
v 91.875084 -0.000011 26.773619
v 90.404747 -0.000011 28.787382
v 88.820702 -0.000011 30.671778
v 87.127548 -0.000011 32.418011
v 85.330841 -0.000010 34.018700
v 83.437096 -0.000010 35.467777
v 81.453796 -0.000010 36.760597
v 79.389412 -0.000010 37.893829
v 77.253311 -0.000010 38.865578
v 75.055878 -0.000010 39.675255
v 72.808426 -0.000010 40.323689
v 70.523270 -0.000010 40.813038
v 68.213608 -0.000010 41.146862
v 65.893661 -0.000010 41.330078
v 63.577682 -0.000010 41.368710
v 61.278584 -0.000010 41.269474
v 59.007553 -0.000010 41.039684
v 56.774120 -0.000010 40.687271
v 54.586159 -0.000010 40.220764
v 52.449837 -0.000010 39.649292
v 50.369652 -0.000010 38.982586
v 48.348404 -0.000010 38.230976
v 46.387241 -0.000010 37.405411
v 44.485622 -0.000010 36.517429
v 42.641342 -0.000010 35.579185
v 40.850468 -0.000010 34.603409
v 39.107445 -0.000010 33.603462
v 37.405010 -0.000011 32.593307
v 35.734238 -0.000011 31.587484
v 34.085178 -0.000011 30.600790
v 32.448582 -0.000011 29.647263
v 30.816370 -0.000011 28.739868
v 29.181715 -0.000011 27.890545
v 27.539011 -0.000011 27.110180
v 25.883863 -0.000011 26.408611
v 24.213076 -0.000011 25.794611
v 22.524694 -0.000011 25.275913
v 20.817963 -0.000011 24.859196
v 19.093357 -0.000011 24.550095
v 17.352581 -0.000011 24.353182
v 15.598487 -0.000011 24.271978
v 13.835218 -0.000011 24.308973
v 12.068107 -0.000011 24.465582
v 10.303704 -0.000011 24.742182
v 8.549120 -0.000011 25.137974
v 6.809297 -0.000011 25.650486
v 5.085789 -0.000011 26.275328
v 3.376749 -0.000011 27.006187
v 1.676830 -0.000011 27.834879
v -0.022665 -0.000011 28.751272
v -1.733876 -0.000011 29.743330
v -3.472378 -0.000011 30.797096
v -5.257164 -0.000011 31.896721
v -7.110648 -0.000011 33.024418
v -9.058674 -0.000010 34.160496
v -11.130509 -0.000010 35.283363
v -13.358811 -0.000010 36.369488
v -15.779761 -0.000010 37.393475
v -18.432865 -0.000010 38.327961
v -21.359068 -0.000010 39.143318
v -24.587368 -0.000010 39.805027
v -28.125826 -0.000010 40.271999
v -31.961092 -0.000010 40.496449
v -36.058407 -0.000010 40.423931
v -40.361553 -0.000010 39.993286
v -44.793091 -0.000010 39.136703
v -49.254005 -0.000010 37.779682
v -53.623913 -0.000010 35.841022
v -57.761047 -0.000010 33.232872
v -61.502239 -0.000011 29.860689
v -64.662880 -0.000011 25.623230
v -67.037010 -0.000011 20.412600
v -68.397232 -0.000012 14.114204
v -68.494743 -0.000013 6.606890
l 1513 1514
l 1514 1515
l 1515 1516
l 1516 1517
l 1517 1518
l 1518 1519
l 1519 1520
l 1520 1521
l 1521 1522
l 1522 1523
l 1523 1524
l 1524 1525
l 1525 1526
l 1526 1527
l 1527 1528
l 1528 1529
l 1529 1530
l 1530 1531
l 1531 1532
l 1532 1533
l 1533 1534
l 1534 1535
l 1535 1536
l 1536 1537
l 1537 1538
l 1538 1539
l 1539 1540
l 1540 1541
l 1541 1542
l 1542 1543
l 1543 1544
l 1544 1545
l 1545 1546
l 1546 1547
l 1547 1548
l 1548 1549
l 1549 1550
l 1550 1551
l 1551 1552
l 1552 1553
l 1553 1554
l 1554 1555
l 1555 1556
l 1556 1557
l 1557 1558
l 1558 1559
l 1559 1560
l 1560 1561
l 1561 1562
l 1562 1563
l 1563 1564
l 1564 1565
l 1565 1566
l 1566 1567
l 1567 1568
l 1568 1569
l 1569 1570
l 1570 1571
l 1571 1572
l 1572 1573
l 1573 1574
l 1574 1575
l 1575 1576
l 1576 1577
l 1577 1578
l 1578 1579
l 1579 1580
l 1580 1581
l 1581 1582
l 1582 1583
l 1583 1584
l 1584 1585
l 1585 1586
l 1586 1587
l 1587 1588
l 1588 1589
l 1589 1590
l 1590 1591
l 1591 1592
l 1592 1593
l 1593 1594
l 1594 1595
l 1595 1596
l 1596 1597
l 1597 1598
l 1598 1599
l 1599 1600
l 1600 1601
l 1601 1602
l 1602 1603
l 1603 1604
l 1604 1605
l 1605 1606
l 1606 1607
l 1607 1608
l 1608 1609
l 1609 1610
l 1610 1611
l 1611 1612
l 1612 1613
l 1613 1614
l 1614 1615
l 1615 1616
l 1616 1617
l 1617 1618
l 1618 1619
l 1619 1620
l 1620 1621
l 1621 1622
l 1622 1623
l 1623 1624
l 1624 1625
l 1625 1626
l 1626 1627
l 1627 1628
l 1628 1629
l 1629 1630
l 1630 1631
l 1631 1632
l 1632 1633
l 1633 1634
l 1634 1635
l 1635 1636
l 1636 1637
l 1637 1638
l 1638 1639
l 1639 1640
l 1640 1641
l 1641 1642
l 1642 1643
l 1643 1644
l 1644 1645
l 1645 1646
l 1646 1647
l 1647 1648
l 1648 1649
l 1649 1650
l 1650 1651
l 1651 1652
l 1652 1653
l 1653 1654
l 1654 1655
l 1655 1656
l 1656 1657
l 1657 1658
l 1658 1659
l 1659 1660
l 1660 1661
l 1661 1662
l 1662 1663
l 1663 1664
l 1664 1665
l 1665 1666
l 1666 1667
l 1667 1668
l 1668 1669
l 1669 1670
l 1670 1671
l 1671 1672
l 1672 1673
l 1673 1674
l 1674 1675
l 1675 1676
l 1676 1677
l 1677 1678
l 1678 1679
l 1679 1680
o rua_Cubo
v -66.129852 -0.150650 -6.286626
v -66.129852 0.150651 -6.286626
v -72.637802 -0.150651 -6.171642
v -72.637802 0.150649 -6.171642
v -66.223892 -0.150650 -3.176658
v -66.223892 0.150651 -3.176658
v -72.727219 -0.150651 -2.905590
v -72.727219 0.150649 -2.905590
v -66.038330 -0.150649 -9.336158
v -66.038330 0.150651 -9.336158
v -72.544067 -0.150651 -9.540710
v -72.544067 0.150649 -9.540710
v -66.129852 -0.150650 -6.286626
v -66.129852 0.150651 -6.286626
v -72.637802 -0.150651 -6.171642
v -72.637802 0.150649 -6.171642
v -65.952591 -0.150650 -12.385875
v -65.952591 0.150651 -12.385875
v -72.440460 -0.150651 -12.909471
v -72.440460 0.150649 -12.909471
v -66.038330 -0.150649 -9.336158
v -66.038330 0.150651 -9.336158
v -72.544067 -0.150651 -9.540710
v -72.544067 0.150649 -9.540710
v -65.697678 -0.150650 -15.398120
v -65.697678 0.150650 -15.398120
v -72.145569 -0.150650 -16.287586
v -72.145569 0.150650 -16.287586
v -65.952591 -0.150650 -12.385875
v -65.952591 0.150651 -12.385875
v -72.440460 -0.150651 -12.909471
v -72.440460 0.150649 -12.909471
v -65.106430 -0.150650 -18.336742
v -65.106430 0.150650 -18.336742
v -71.474564 -0.150650 -19.683323
v -71.474564 0.150650 -19.683323
v -65.697678 -0.150650 -15.398120
v -65.697678 0.150650 -15.398120
v -72.145569 -0.150650 -16.287586
v -72.145569 0.150650 -16.287586
v -64.527145 -0.150649 -21.277893
v -64.527145 0.150651 -21.277893
v -70.783157 -0.150651 -23.074749
v -70.783157 0.150649 -23.074749
v -65.106430 -0.150650 -18.336742
v -65.106430 0.150650 -18.336742
v -71.474564 -0.150650 -19.683323
v -71.474564 0.150650 -19.683323
v -63.520840 -0.150650 -24.036507
v -63.520840 0.150651 -24.036507
v -69.585800 -0.150651 -26.399277
v -69.585800 0.150649 -26.399277
v -64.527145 -0.150649 -21.277893
v -64.527145 0.150651 -21.277893
v -70.783157 -0.150651 -23.074749
v -70.783157 0.150649 -23.074749
v -62.390930 -0.150650 -26.742119
v -62.390930 0.150651 -26.742119
v -68.194077 -0.150651 -29.690025
v -68.194077 0.150649 -29.690025
v -63.520840 -0.150650 -24.036507
v -63.520840 0.150651 -24.036507
v -69.585800 -0.150651 -26.399277
v -69.585800 0.150649 -26.399277
v -60.930847 -0.150650 -29.223080
v -60.930847 0.150651 -29.223080
v -66.365677 -0.150651 -32.804878
v -66.365677 0.150649 -32.804878
v -62.390930 -0.150650 -26.742119
v -62.390930 0.150651 -26.742119
v -68.194077 -0.150651 -29.690025
v -68.194077 0.150649 -29.690025
v -59.260452 -0.150649 -31.562950
v -59.260445 0.150651 -31.562950
v -64.217697 -0.150651 -35.781044
v -64.217697 0.150649 -35.781044
v -60.930847 -0.150650 -29.223080
v -60.930847 0.150651 -29.223080
v -66.365677 -0.150651 -32.804878
v -66.365677 0.150649 -32.804878
v -57.235901 -0.150650 -33.553173
v -57.235901 0.150651 -33.553173
v -61.602753 -0.150651 -38.379883
v -61.602753 0.150649 -38.379883
v -59.260452 -0.150649 -31.562950
v -59.260445 0.150651 -31.562950
v -64.217697 -0.150651 -35.781044
v -64.217697 0.150649 -35.781044
v -55.079731 -0.150650 -35.410347
v -55.079731 0.150650 -35.410347
v -58.767403 -0.150651 -40.773891
v -58.767403 0.150649 -40.773891
v -57.235901 -0.150650 -33.553173
v -57.235901 0.150651 -33.553173
v -61.602753 -0.150651 -38.379883
v -61.602753 0.150649 -38.379883
v -52.564705 -0.150650 -36.770569
v -52.564705 0.150651 -36.770569
v -55.532379 -0.150650 -42.563625
v -55.532379 0.150650 -42.563625
v -55.079731 -0.150650 -35.410347
v -55.079731 0.150650 -35.410347
v -58.767403 -0.150651 -40.773891
v -58.767403 0.150649 -40.773891
v -49.942047 -0.150649 -37.913010
v -49.942047 0.150651 -37.913010
v -52.180965 -0.150651 -44.024788
v -52.180965 0.150649 -44.024788
v -52.564705 -0.150650 -36.770569
v -52.564705 0.150651 -36.770569
v -55.532379 -0.150650 -42.563625
v -55.532379 0.150650 -42.563625
v -47.188114 -0.150650 -38.799263
v -47.188114 0.150651 -38.799263
v -48.712448 -0.150651 -45.127216
v -48.712448 0.150649 -45.127216
v -49.942047 -0.150649 -37.913010
v -49.942047 0.150651 -37.913010
v -52.180965 -0.150651 -44.024788
v -52.180965 0.150649 -44.024788
v -44.296097 -0.150650 -39.256386
v -44.296097 0.150650 -39.256386
v -45.185074 -0.150650 -45.704353
v -45.185074 0.150650 -45.704353
v -47.188114 -0.150650 -38.799263
v -47.188114 0.150651 -38.799263
v -48.712448 -0.150651 -45.127216
v -48.712448 0.150649 -45.127216
v -41.367077 -0.150650 -39.517815
v -41.367077 0.150650 -39.517815
v -41.659637 -0.150650 -46.020199
v -41.659637 0.150650 -46.020199
v -44.296097 -0.150650 -39.256386
v -44.296097 0.150650 -39.256386
v -45.185074 -0.150650 -45.704353
v -45.185074 0.150650 -45.704353
v -38.401642 -0.150650 -39.567184
v -38.401642 0.150650 -39.567184
v -38.145432 -0.150651 -46.071091
v -38.145432 0.150650 -46.071091
v -41.367077 -0.150650 -39.517815
v -41.367077 0.150650 -39.517815
v -41.659637 -0.150650 -46.020199
v -41.659637 0.150650 -46.020199
v -35.424744 -0.150650 -39.283607
v -35.424744 0.150650 -39.283607
v -34.686691 -0.150650 -45.750587
v -34.686691 0.150650 -45.750587
v -38.401642 -0.150650 -39.567184
v -38.401642 0.150650 -39.567184
v -38.145432 -0.150651 -46.071091
v -38.145432 0.150650 -46.071091
v -32.463322 -0.150650 -38.825031
v -32.463322 0.150650 -38.825031
v -31.273537 -0.150650 -45.224319
v -31.273537 0.150649 -45.224319
v -35.424744 -0.150650 -39.283607
v -35.424744 0.150650 -39.283607
v -34.686691 -0.150650 -45.750587
v -34.686691 0.150650 -45.750587
v -29.525728 -0.150649 -38.186657
v -29.525728 0.150651 -38.186657
v -27.911980 -0.150651 -44.492393
v -27.911980 0.150649 -44.492393
v -32.463322 -0.150650 -38.825031
v -32.463322 0.150650 -38.825031
v -31.273537 -0.150650 -45.224319
v -31.273537 0.150649 -45.224319
v -26.626154 -0.150650 -37.363659
v -26.626154 0.150651 -37.363659
v -24.610882 -0.150651 -43.552780
v -24.610882 0.150649 -43.552780
v -29.525728 -0.150649 -38.186657
v -29.525728 0.150651 -38.186657
v -27.911980 -0.150651 -44.492393
v -27.911980 0.150649 -44.492393
v -23.793470 -0.150650 -36.325867
v -23.793470 0.150650 -36.325867
v -21.390938 -0.150650 -42.375191
v -21.390938 0.150650 -42.375191
v -26.626154 -0.150650 -37.363659
v -26.626154 0.150651 -37.363659
v -24.610882 -0.150651 -43.552780
v -24.610882 0.150649 -43.552780
v -21.031601 -0.150650 -35.116394
v -21.031601 0.150651 -35.116394
v -18.249542 -0.150650 -41.000839
v -18.249542 0.150649 -41.000839
v -23.793470 -0.150650 -36.325867
v -23.793470 0.150650 -36.325867
v -21.390938 -0.150650 -42.375191
v -21.390938 0.150650 -42.375191
v -18.349802 -0.150650 -33.739555
v -18.349802 0.150651 -33.739555
v -15.198874 -0.150650 -39.435005
v -15.198874 0.150650 -39.435005
v -21.031601 -0.150650 -35.116394
v -21.031601 0.150651 -35.116394
v -18.249542 -0.150650 -41.000839
v -18.249542 0.150649 -41.000839
v -15.754098 -0.150650 -32.196602
v -15.754098 0.150651 -32.196606
v -12.258201 -0.150650 -37.687073
v -12.258201 0.150650 -37.687073
v -18.349802 -0.150650 -33.739555
v -18.349802 0.150651 -33.739555
v -15.198874 -0.150650 -39.435005
v -15.198874 0.150650 -39.435005
v -13.238799 -0.150650 -30.496475
v -13.238801 0.150651 -30.496475
v -9.445998 -0.150650 -35.786194
v -9.445998 0.150649 -35.786194
v -15.754098 -0.150650 -32.196602
v -15.754098 0.150651 -32.196606
v -12.258201 -0.150650 -37.687073
v -12.258201 0.150650 -37.687073
v -10.788433 -0.150650 -28.641159
v -10.788433 0.150650 -28.641159
v -6.789124 -0.150651 -33.776531
v -6.789124 0.150650 -33.776531
v -13.238799 -0.150650 -30.496475
v -13.238801 0.150651 -30.496475
v -9.445998 -0.150650 -35.786194
v -9.445998 0.150649 -35.786194
v -8.352169 -0.150650 -26.686348
v -8.352169 0.150650 -26.686348
v -4.256725 -0.150650 -31.745388
v -4.256725 0.150650 -31.745388
v -10.788433 -0.150650 -28.641159
v -10.788433 0.150650 -28.641159
v -6.789124 -0.150651 -33.776531
v -6.789124 0.150650 -33.776531
v -5.878107 -0.150650 -24.676750
v -5.878107 0.150651 -24.676750
v -1.821429 -0.150650 -29.766926
v -1.821429 0.150650 -29.766926
v -8.352169 -0.150650 -26.686348
v -8.352169 0.150650 -26.686348
v -4.256725 -0.150650 -31.745388
v -4.256725 0.150650 -31.745388
v -3.276602 -0.150650 -22.683784
v -3.276602 0.150650 -22.683784
v 0.546543 -0.150650 -27.951618
v 0.546543 0.150650 -27.951618
v -5.878107 -0.150650 -24.676750
v -5.878107 0.150651 -24.676750
v -1.821429 -0.150650 -29.766926
v -1.821429 0.150650 -29.766926
v -0.496688 -0.150650 -20.802776
v -0.496688 0.150651 -20.802776
v 2.901669 -0.150651 -26.354145
v 2.901669 0.150649 -26.354145
v -3.276602 -0.150650 -22.683784
v -3.276602 0.150650 -22.683784
v 0.546543 -0.150650 -27.951618
v 0.546543 0.150650 -27.951618
v 2.520699 -0.150650 -19.164368
v 2.520699 0.150650 -19.164368
v 5.285037 -0.150650 -25.057156
v 5.285037 0.150650 -25.057156
v -0.496688 -0.150650 -20.802776
v -0.496688 0.150651 -20.802776
v 2.901669 -0.150651 -26.354145
v 2.901669 0.150649 -26.354145
v 5.759757 -0.150650 -17.897522
v 5.759757 0.150650 -17.897522
v 7.737640 -0.150650 -24.098690
v 7.737640 0.150650 -24.098690
v 2.520684 -0.150649 -19.164379
v 2.520684 0.150651 -19.164379
v 5.285026 -0.150651 -25.057167
v 5.285026 0.150649 -25.057167
v 9.145482 -0.150650 -17.060059
v 9.145482 0.150650 -17.060059
v 10.275938 -0.150651 -23.470097
v 10.275938 0.150650 -23.470097
v 5.759749 -0.150650 -17.897522
v 5.759749 0.150650 -17.897522
v 7.737634 -0.150650 -24.098690
v 7.737634 0.150650 -24.098690
v 12.600477 -0.150650 -16.669094
v 12.600477 0.150650 -16.669094
v 12.896940 -0.150650 -23.171299
v 12.896940 0.150650 -23.171299
v 9.145467 -0.150650 -17.060062
v 9.145467 0.150650 -17.060062
v 10.275927 -0.150650 -23.470097
v 10.275927 0.150650 -23.470100
v 16.057404 -0.150650 -16.736359
v 16.057404 0.150650 -16.736359
v 15.568076 -0.150650 -23.226894
v 15.568076 0.150650 -23.226894
v 12.600477 -0.150650 -16.669094
v 12.600477 0.150650 -16.669094
v 12.896940 -0.150650 -23.171299
v 12.896940 0.150650 -23.171299
v 19.467802 -0.150650 -17.195583
v 19.467802 0.150650 -17.195583
v 18.241037 -0.150650 -23.587891
v 18.241037 0.150650 -23.587891
v 16.057386 -0.150650 -16.736355
v 16.057386 0.150650 -16.736355
v 15.568065 -0.150650 -23.226894
v 15.568065 0.150650 -23.226894
v 22.792372 -0.150650 -18.017170
v 22.792372 0.150651 -18.017170
v 20.889082 -0.150651 -24.241638
v 20.889082 0.150650 -24.241638
v 19.467783 -0.150650 -17.195580
v 19.467783 0.150651 -17.195580
v 18.241026 -0.150651 -23.587887
v 18.241026 0.150649 -23.587887
v 25.990942 -0.150650 -19.172291
v 25.990942 0.150650 -19.172291
v 23.494659 -0.150650 -25.183537
v 23.494659 0.150650 -25.183537
v 22.792356 -0.150650 -18.017166
v 22.792356 0.150651 -18.017166
v 20.889069 -0.150651 -24.241638
v 20.889069 0.150650 -24.241638
v 29.037615 -0.150650 -20.600887
v 29.037615 0.150650 -20.600887
v 26.057558 -0.150650 -26.387577
v 26.057558 0.150650 -26.387577
v 25.990932 -0.150650 -19.172291
v 25.990932 0.150650 -19.172291
v 23.494654 -0.150650 -25.183537
v 23.494654 0.150650 -25.183537
v 31.935410 -0.150650 -22.220882
v 31.935410 0.150650 -22.220882
v 28.596569 -0.150650 -27.808247
v 28.596569 0.150650 -27.808247
v 29.037603 -0.150650 -20.600880
v 29.037603 0.150651 -20.600880
v 26.057547 -0.150651 -26.387569
v 26.057547 0.150649 -26.387569
v 34.699783 -0.150650 -23.957985
v 34.699783 0.150651 -23.957985
v 31.140566 -0.150651 -29.407616
v 31.140566 0.150650 -29.407616
v 31.935394 -0.150650 -22.220875
v 31.935394 0.150650 -22.220875
v 28.596554 -0.150650 -27.808239
v 28.596554 0.150650 -27.808239
v 37.357182 -0.150650 -25.731190
v 37.357182 0.150650 -25.731190
v 33.739956 -0.150650 -31.142494
v 33.739956 0.150649 -31.142494
v 34.699772 -0.150650 -23.957977
v 34.699772 0.150651 -23.957977
v 31.140554 -0.150651 -29.407608
v 31.140554 0.150649 -29.407608
v 39.963669 -0.150650 -27.452660
v 39.963669 0.150650 -27.452660
v 36.448898 -0.150650 -32.931068
v 36.448898 0.150650 -32.931068
v 37.357182 -0.150650 -25.731190
v 37.357182 0.150650 -25.731190
v 33.739956 -0.150650 -31.142494
v 33.739956 0.150649 -31.142494
v 42.570091 -0.150650 -29.063114
v 42.570091 0.150650 -29.063114
v 39.297283 -0.150650 -34.689415
v 39.297283 0.150650 -34.689415
v 39.963654 -0.150650 -27.452652
v 39.963654 0.150650 -27.452648
v 36.448883 -0.150651 -32.931053
v 36.448883 0.150650 -32.931053
v 45.224869 -0.150650 -30.499969
v 45.224869 0.150650 -30.499969
v 42.308270 -0.150650 -36.318901
v 42.308270 0.150650 -36.318901
v 42.570080 -0.150650 -29.063107
v 42.570080 0.150651 -29.063107
v 39.297268 -0.150650 -34.689407
v 39.297268 0.150650 -34.689407
v 47.946983 -0.150650 -31.750511
v 47.946983 0.150651 -31.750511
v 45.453922 -0.150651 -37.763092
v 45.453922 0.150650 -37.763092
v 45.224857 -0.150649 -30.499962
v 45.224857 0.150651 -30.499962
v 42.308250 -0.150651 -36.318893
v 42.308250 0.150649 -36.318893
v 50.746075 -0.150649 -32.788239
v 50.746075 0.150651 -32.788239
v 48.716328 -0.150651 -38.972626
v 48.716328 0.150649 -38.972626
v 47.946972 -0.150650 -31.750507
v 47.946972 0.150651 -31.750507
v 45.453911 -0.150651 -37.763092
v 45.453911 0.150650 -37.763092
v 53.613808 -0.150650 -33.613350
v 53.613808 0.150650 -33.613350
v 52.061474 -0.150651 -39.934490
v 52.061474 0.150650 -39.934490
v 50.746075 -0.150649 -32.788239
v 50.746075 0.150651 -32.788239
v 48.716328 -0.150651 -38.972626
v 48.716328 0.150649 -38.972626
v 56.542030 -0.150650 -34.209908
v 56.542030 0.150650 -34.209908
v 55.465282 -0.150650 -40.629185
v 55.465282 0.150650 -40.629185
v 53.613781 -0.150650 -33.613350
v 53.613781 0.150651 -33.613350
v 52.061455 -0.150651 -39.934490
v 52.061455 0.150649 -39.934490
v 59.509331 -0.150650 -34.607498
v 59.509331 0.150650 -34.607498
v 58.899788 -0.150650 -41.087852
v 58.899788 0.150649 -41.087852
v 56.542015 -0.150649 -34.209904
v 56.542015 0.150651 -34.209904
v 55.465263 -0.150651 -40.629181
v 55.465263 0.150649 -40.629181
v 62.504040 -0.150650 -34.776115
v 62.504040 0.150650 -34.776115
v 62.349560 -0.150650 -41.283241
v 62.349560 0.150650 -41.283241
v 59.509319 -0.150650 -34.607498
v 59.509319 0.150650 -34.607498
v 58.899773 -0.150651 -41.087852
v 58.899773 0.150649 -41.087852
v 65.506317 -0.150650 -34.739578
v 65.506317 0.150650 -34.739578
v 65.799210 -0.150650 -41.241936
v 65.799210 0.150650 -41.241936
v 62.504028 -0.150650 -34.776115
v 62.504028 0.150651 -34.776115
v 62.349548 -0.150651 -41.283241
v 62.349548 0.150649 -41.283241
v 68.499969 -0.150650 -34.508461
v 68.499969 0.150650 -34.508461
v 69.238846 -0.150651 -40.975349
v 69.238846 0.150650 -40.975349
v 65.506317 -0.150650 -34.739578
v 65.506317 0.150650 -34.739578
v 65.799210 -0.150650 -41.241936
v 65.799210 0.150650 -41.241936
v 71.466278 -0.150649 -34.069656
v 71.466278 0.150651 -34.069656
v 72.658325 -0.150651 -40.468521
v 72.658325 0.150649 -40.468521
v 68.499954 -0.150650 -34.508461
v 68.499954 0.150650 -34.508461
v 69.238831 -0.150651 -40.975349
v 69.238831 0.150650 -40.975349
v 74.381256 -0.150650 -33.405457
v 74.381256 0.150650 -33.405457
v 76.043625 -0.150650 -39.698551
v 76.043625 0.150650 -39.698555
v 71.466263 -0.150650 -34.069660
v 71.466263 0.150650 -34.069660
v 72.658310 -0.150650 -40.468529
v 72.658310 0.150650 -40.468529
v 77.229477 -0.150650 -32.535500
v 77.229477 0.150650 -32.535500
v 79.381577 -0.150650 -38.678379
v 79.381577 0.150650 -38.678379
v 74.381241 -0.150650 -33.405457
v 74.381241 0.150650 -33.405457
v 76.043610 -0.150651 -39.698555
v 76.043610 0.150649 -39.698555
v 79.990341 -0.150650 -31.454544
v 79.990341 0.150650 -31.454544
v 82.651993 -0.150650 -37.394417
v 82.651993 0.150650 -37.394417
v 77.229477 -0.150650 -32.535500
v 77.229477 0.150650 -32.535500
v 79.381577 -0.150650 -38.678379
v 79.381577 0.150650 -38.678379
v 82.617905 -0.150650 -30.119522
v 82.617905 0.150650 -30.119522
v 85.811142 -0.150650 -35.791367
v 85.811142 0.150650 -35.791367
v 79.990326 -0.150650 -31.454552
v 79.990326 0.150650 -31.454552
v 82.651978 -0.150650 -37.394428
v 82.651978 0.150650 -37.394428
v 85.099045 -0.150650 -28.558270
v 85.099045 0.150650 -28.558270
v 88.831192 -0.150650 -33.890957
v 88.831192 0.150650 -33.890957
v 82.617889 -0.150650 -30.119530
v 82.617889 0.150650 -30.119530
v 85.811111 -0.150651 -35.791374
v 85.811111 0.150650 -35.791374
v 87.413620 -0.150650 -26.780220
v 87.413620 0.150650 -26.780220
v 91.675720 -0.150650 -31.699680
v 91.675720 0.150650 -31.699680
v 85.099030 -0.150649 -28.558281
v 85.099030 0.150651 -28.558281
v 88.831177 -0.150651 -33.890961
v 88.831177 0.150649 -33.890961
v 89.494431 -0.150650 -24.748714
v 89.494431 0.150651 -24.748714
v 94.260132 -0.150651 -29.182076
v 94.260132 0.150650 -29.182076
v 87.413620 -0.150649 -26.780228
v 87.413620 0.150651 -26.780228
v 91.675705 -0.150650 -31.699692
v 91.675705 0.150649 -31.699692
v 91.356369 -0.150650 -22.518307
v 91.356369 0.150650 -22.518307
v 96.574326 -0.150650 -26.409252
v 96.574326 0.150650 -26.409252
v 89.494431 -0.150650 -24.748714
v 89.494431 0.150651 -24.748714
v 94.260132 -0.150651 -29.182076
v 94.260132 0.150650 -29.182076
v 92.977066 -0.150650 -20.100990
v 92.977066 0.150650 -20.100990
v 98.579193 -0.150650 -23.415016
v 98.579193 0.150650 -23.415016
v 91.356354 -0.150650 -22.518318
v 91.356354 0.150650 -22.518318
v 96.574310 -0.150650 -26.409264
v 96.574310 0.150650 -26.409264
v 94.321228 -0.150650 -17.503784
v 94.321228 0.150651 -17.503784
v 100.228622 -0.150651 -20.236786
v 100.228622 0.150650 -20.236786
v 92.977051 -0.150649 -20.101002
v 92.977051 0.150650 -20.101002
v 98.579178 -0.150651 -23.415031
v 98.579178 0.150649 -23.415031
v 95.431610 -0.150650 -14.780019
v 95.431610 0.150651 -14.780019
v 101.569061 -0.150650 -16.947556
v 101.569061 0.150650 -16.947556
v 94.321228 -0.150650 -17.503784
v 94.321228 0.150651 -17.503784
v 100.228622 -0.150651 -20.236786
v 100.228622 0.150650 -20.236786
v 96.298920 -0.150650 -11.948576
v 96.298920 0.150650 -11.948577
v 102.599365 -0.150650 -13.582921
v 102.599365 0.150650 -13.582921
v 95.431610 -0.150650 -14.780019
v 95.431610 0.150651 -14.780019
v 101.569061 -0.150650 -16.947556
v 101.569061 0.150650 -16.947556
v 96.920486 -0.150650 -9.033267
v 96.920486 0.150650 -9.033267
v 103.328781 -0.150650 -10.173538
v 103.328781 0.150650 -10.173538
v 96.298920 -0.150650 -11.948576
v 96.298920 0.150650 -11.948577
v 102.599365 -0.150650 -13.582921
v 102.599365 0.150650 -13.582921
v 97.336945 -0.150650 -6.067002
v 97.336945 0.150651 -6.067002
v 103.810440 -0.150650 -6.745552
v 103.810440 0.150650 -6.745552
v 96.920486 -0.150650 -9.033267
v 96.920486 0.150650 -9.033267
v 103.328781 -0.150650 -10.173538
v 103.328781 0.150650 -10.173538
v 97.557724 -0.150650 -3.067350
v 97.557724 0.150650 -3.067350
v 104.062042 -0.150651 -3.313279
v 104.062042 0.150650 -3.313279
v 97.336945 -0.150650 -6.067002
v 97.336945 0.150651 -6.067002
v 103.810440 -0.150650 -6.745552
v 103.810440 0.150650 -6.745552
v 97.573059 -0.150650 -0.049349
v 97.573059 0.150650 -0.049350
v 104.080048 -0.150650 0.111010
v 104.080048 0.150650 0.111010
v 97.557724 -0.150650 -3.067350
v 97.557724 0.150650 -3.067350
v 104.062042 -0.150651 -3.313279
v 104.062042 0.150650 -3.313279
v 97.400345 -0.150650 2.970404
v 97.400345 0.150650 2.970404
v 103.886185 -0.150650 3.518405
v 103.886185 0.150650 3.518405
v 97.573059 -0.150650 -0.049349
v 97.573059 0.150650 -0.049350
v 104.080048 -0.150650 0.111010
v 104.080048 0.150650 0.111010
v 97.056137 -0.150650 5.978983
v 97.056137 0.150650 5.978983
v 103.499176 -0.150650 6.902902
v 103.499176 0.150650 6.902902
v 97.400345 -0.150650 2.970404
v 97.400345 0.150650 2.970404
v 103.886185 -0.150650 3.518405
v 103.886185 0.150650 3.518405
v 96.543976 -0.150650 8.964835
v 96.543976 0.150650 8.964835
v 102.923096 -0.150650 10.258445
v 102.923096 0.150650 10.258445
v 97.056137 -0.150650 5.978983
v 97.056137 0.150650 5.978983
v 103.499176 -0.150650 6.902902
v 103.499176 0.150650 6.902902
v 95.865646 -0.150650 11.916226
v 95.865646 0.150650 11.916226
v 102.158676 -0.150650 13.578809
v 102.158676 0.150650 13.578809
v 96.543976 -0.150650 8.964835
v 96.543976 0.150650 8.964835
v 102.923096 -0.150650 10.258445
v 102.923096 0.150650 10.258445
v 95.000900 -0.150650 14.813407
v 95.000900 0.150650 14.813407
v 101.182449 -0.150651 16.851765
v 101.182449 0.150650 16.851765
v 95.865646 -0.150650 11.916226
v 95.865646 0.150650 11.916226
v 102.158676 -0.150650 13.578809
v 102.158676 0.150650 13.578809
v 93.962234 -0.150650 17.644150
v 93.962234 0.150650 17.644150
v 100.001999 -0.150650 20.070606
v 100.001999 0.150650 20.070606
v 95.000900 -0.150650 14.813407
v 95.000900 0.150650 14.813407
v 101.182449 -0.150651 16.851765
v 101.182449 0.150650 16.851765
v 92.750641 -0.150650 20.393215
v 92.750641 0.150650 20.393215
v 98.611618 -0.150650 23.224380
v 98.611618 0.150650 23.224380
v 93.962234 -0.150650 17.644150
v 93.962234 0.150650 17.644150
v 100.001999 -0.150650 20.070606
v 100.001999 0.150650 20.070606
v 91.361313 -0.150650 23.042034
v 91.361328 0.150650 23.042034
v 96.998703 -0.150650 26.295712
v 96.998703 0.150650 26.295708
v 92.750641 -0.150650 20.393215
v 92.750641 0.150650 20.393215
v 98.611618 -0.150650 23.224380
v 98.611618 0.150650 23.224380
v 89.780045 -0.150650 25.563309
v 89.780045 0.150650 25.563309
v 95.140686 -0.150650 29.255207
v 95.140686 0.150650 29.255207
v 91.361313 -0.150650 23.042034
v 91.361328 0.150650 23.042034
v 96.998703 -0.150650 26.295712
v 96.998703 0.150650 26.295708
v 87.989685 -0.150650 27.920441
v 87.989685 0.150651 27.920441
v 93.012268 -0.150651 32.060513
v 93.012268 0.150650 32.060513
v 89.780045 -0.150650 25.563309
v 89.780045 0.150650 25.563309
v 95.140686 -0.150650 29.255207
v 95.140686 0.150650 29.255207
v 86.015640 -0.150650 30.107731
v 86.015640 0.150651 30.107731
v 90.637878 -0.150651 34.690464
v 90.637878 0.150649 34.690464
v 87.989685 -0.150650 27.920441
v 87.989685 0.150651 27.920441
v 93.012268 -0.150651 32.060513
v 93.012268 0.150650 32.060513
v 83.863678 -0.150650 32.104492
v 83.863678 0.150650 32.104492
v 88.023788 -0.150650 37.110489
v 88.023788 0.150650 37.110489
v 86.015640 -0.150650 30.107731
v 86.015640 0.150651 30.107731
v 90.637878 -0.150651 34.690464
v 90.637878 0.150649 34.690464
v 81.513824 -0.150650 33.849026
v 81.513824 0.150650 33.849026
v 85.153595 -0.150650 39.245190
v 85.153595 0.150650 39.245190
v 83.863678 -0.150650 32.104492
v 83.863678 0.150650 32.104492
v 88.023788 -0.150650 37.110489
v 88.023788 0.150650 37.110489
v 79.009674 -0.150650 35.357014
v 79.009674 0.150650 35.357014
v 82.085236 -0.150650 41.093517
v 82.085236 0.150651 41.093517
v 81.513824 -0.150650 33.849026
v 81.513824 0.150650 33.849026
v 85.153595 -0.150650 39.245190
v 85.153595 0.150650 39.245190
v 76.373459 -0.150650 36.623543
v 76.373459 0.150650 36.623543
v 78.855957 -0.150650 42.640495
v 78.855957 0.150650 42.640495
v 79.009674 -0.150650 35.357014
v 79.009674 0.150650 35.357014
v 82.085236 -0.150650 41.093517
v 82.085236 0.150651 41.093517
v 73.605911 -0.150650 37.588982
v 73.605911 0.150650 37.588982
v 75.486526 -0.150650 43.820335
v 75.486526 0.150650 43.820335
v 76.373459 -0.150650 36.623543
v 76.373459 0.150650 36.623543
v 78.855957 -0.150650 42.640495
v 78.855957 0.150650 42.640495
v 70.754456 -0.150650 38.302513
v 70.754456 0.150651 38.302513
v 72.037720 -0.150650 44.683716
v 72.037720 0.150650 44.683716
v 73.605911 -0.150650 37.588982
v 73.605911 0.150650 37.588982
v 75.486526 -0.150650 43.820335
v 75.486526 0.150650 43.820335
v 67.840683 -0.150650 38.763226
v 67.840683 0.150650 38.763226
v 68.542786 -0.150650 45.234207
v 68.542786 0.150650 45.234207
v 70.754456 -0.150650 38.302513
v 70.754456 0.150651 38.302513
v 72.037720 -0.150650 44.683716
v 72.037720 0.150650 44.683716
v 64.883896 -0.150650 38.939991
v 64.883896 0.150650 38.939991
v 65.030930 -0.150650 45.447292
v 65.030930 0.150650 45.447292
v 67.840683 -0.150650 38.763226
v 67.840683 0.150650 38.763226
v 68.542786 -0.150650 45.234207
v 68.542786 0.150650 45.234207
v 61.913982 -0.150650 38.888332
v 61.913982 0.150650 38.888332
v 61.527588 -0.150650 45.385811
v 61.527588 0.150650 45.385811
v 64.883896 -0.150650 38.939991
v 64.883896 0.150650 38.939991
v 65.030930 -0.150650 45.447292
v 65.030930 0.150650 45.447292
v 58.950417 -0.150650 38.594673
v 58.950417 0.150651 38.594673
v 58.053913 -0.150651 45.041599
v 58.053913 0.150649 45.041599
v 61.913982 -0.150650 38.888332
v 61.913982 0.150650 38.888332
v 61.527588 -0.150650 45.385811
v 61.527588 0.150650 45.385811
v 56.011974 -0.150650 38.064056
v 56.011974 0.150651 38.064056
v 54.630981 -0.150651 44.424824
v 54.630981 0.150649 44.424824
v 58.950417 -0.150650 38.594673
v 58.950417 0.150651 38.594673
v 58.053913 -0.150651 45.041599
v 58.053913 0.150649 45.041599
v 53.108593 -0.150650 37.333931
v 53.108593 0.150650 37.333931
v 51.270775 -0.150650 43.578041
v 51.270775 0.150650 43.578041
v 56.011974 -0.150650 38.064056
v 56.011974 0.150651 38.064056
v 54.630981 -0.150651 44.424824
v 54.630981 0.150649 44.424824
v 50.259888 -0.150650 36.374134
v 50.259888 0.150650 36.374134
v 48.005463 -0.150650 42.480202
v 48.005463 0.150650 42.480202
v 53.108593 -0.150650 37.333931
v 53.108593 0.150650 37.333931
v 51.270775 -0.150650 43.578041
v 51.270775 0.150650 43.578041
v 47.459213 -0.150650 35.245869
v 47.459213 0.150650 35.245869
v 44.831371 -0.150650 41.200779
v 44.831371 0.150650 41.200779
v 50.259888 -0.150650 36.374134
v 50.259888 0.150650 36.374134
v 48.005463 -0.150650 42.480202
v 48.005463 0.150650 42.480202
v 44.714668 -0.150650 33.933796
v 44.714668 0.150650 33.933796
v 41.777599 -0.150650 39.742424
v 41.777599 0.150649 39.742424
v 47.459213 -0.150650 35.245869
v 47.459213 0.150650 35.245869
v 44.831371 -0.150650 41.200779
v 44.831371 0.150650 41.200779
v 42.006607 -0.150650 32.492283
v 42.006607 0.150651 32.492283
v 38.828712 -0.150651 38.172733
v 38.828712 0.150650 38.172733
v 44.714668 -0.150650 33.933796
v 44.714668 0.150650 33.933796
v 41.777599 -0.150650 39.742424
v 41.777599 0.150649 39.742424
v 39.317463 -0.150650 30.929676
v 39.317463 0.150651 30.929676
v 36.001919 -0.150650 36.530899
v 36.001919 0.150650 36.530899
v 42.006607 -0.150650 32.492283
v 42.006607 0.150651 32.492283
v 38.828712 -0.150651 38.172733
v 38.828712 0.150650 38.172733
v 36.608601 -0.150650 29.306103
v 36.608601 0.150650 29.306103
v 33.267822 -0.150650 34.892315
v 33.267822 0.150650 34.892315
v 39.317463 -0.150650 30.929676
v 39.317463 0.150651 30.929676
v 36.001919 -0.150650 36.530899
v 36.001919 0.150650 36.530899
v 33.838600 -0.150650 27.671902
v 33.838600 0.150650 27.671906
v 30.608004 -0.150650 33.322548
v 30.608004 0.150650 33.322548
v 36.608601 -0.150650 29.306103
v 36.608601 0.150650 29.306103
v 33.267822 -0.150650 34.892315
v 33.267822 0.150650 34.892315
v 30.962099 -0.150650 26.103519
v 30.962099 0.150650 26.103519
v 27.987408 -0.150650 31.892967
v 27.987408 0.150650 31.892967
v 33.838600 -0.150650 27.671902
v 33.838600 0.150650 27.671906
v 30.608004 -0.150650 33.322548
v 30.608004 0.150650 33.322548
v 27.955334 -0.150650 24.672791
v 27.955334 0.150650 24.672791
v 25.376429 -0.150650 30.649059
v 25.376429 0.150650 30.649059
v 30.962099 -0.150650 26.103519
v 30.962099 0.150650 26.103519
v 27.987408 -0.150650 31.892967
v 27.987408 0.150650 31.892967
v 24.802040 -0.150650 23.458469
v 24.802040 0.150650 23.458469
v 22.757357 -0.150650 29.637936
v 22.757357 0.150650 29.637936
v 27.955334 -0.150650 24.672791
v 27.955334 0.150650 24.672791
v 25.376429 -0.150650 30.649059
v 25.376429 0.150650 30.649059
v 21.504642 -0.150650 22.550293
v 21.504642 0.150650 22.550293
v 20.118683 -0.150650 28.909985
v 20.118683 0.150649 28.909985
v 24.802040 -0.150650 23.458469
v 24.802040 0.150650 23.458469
v 22.757357 -0.150650 29.637936
v 22.757357 0.150650 29.637936
v 18.100740 -0.150650 22.016060
v 18.100740 0.150650 22.016060
v 17.459404 -0.150650 28.493351
v 17.459404 0.150650 28.493351
v 21.504642 -0.150650 22.550293
v 21.504642 0.150650 22.550293
v 20.118683 -0.150650 28.909985
v 20.118683 0.150649 28.909985
v 14.647773 -0.150650 21.884750
v 14.647773 0.150650 21.884750
v 14.788794 -0.150650 28.392185
v 14.788794 0.150650 28.392185
v 18.100740 -0.150650 22.016060
v 18.100740 0.150650 22.016060
v 17.459404 -0.150650 28.493351
v 17.459404 0.150650 28.493351
v 11.204428 -0.150650 22.165173
v 11.204428 0.150650 22.165173
v 12.124011 -0.150650 28.608845
v 12.124011 0.150650 28.608845
v 14.647773 -0.150650 21.884750
v 14.647773 0.150650 21.884750
v 14.788794 -0.150650 28.392185
v 14.788794 0.150650 28.392185
v 7.824959 -0.150650 22.843403
v 7.824959 0.150650 22.843403
v 9.486587 -0.150650 29.136696
v 9.486587 0.150650 29.136696
v 11.204428 -0.150650 22.165173
v 11.204428 0.150650 22.165173
v 12.124011 -0.150650 28.608845
v 12.124011 0.150650 28.608845
v 4.570111 -0.150650 23.902714
v 4.570111 0.150650 23.902714
v 6.889162 -0.150650 29.984539
v 6.889162 0.150650 29.984539
v 7.824959 -0.150650 22.843403
v 7.824959 0.150650 22.843403
v 9.486587 -0.150650 29.136696
v 9.486587 0.150650 29.136696
v 1.475773 -0.150650 25.255524
v 1.475773 0.150650 25.255524
v 4.315612 -0.150650 31.112301
v 4.315612 0.150650 31.112301
v 4.570111 -0.150650 23.902714
v 4.570111 0.150650 23.902714
v 6.889162 -0.150650 29.984539
v 6.889162 0.150650 29.984539
v -1.459435 -0.150650 26.802582
v -1.459435 0.150650 26.802582
v 1.739074 -0.150650 32.471455
v 1.739074 0.150650 32.471455
v 1.475773 -0.150650 25.255524
v 1.475773 0.150650 25.255524
v 4.315612 -0.150650 31.112301
v 4.315612 0.150650 31.112301
v -4.251122 -0.150650 28.454899
v -4.251122 0.150651 28.454899
v -0.877117 -0.150651 34.021099
v -0.877117 0.150650 34.021099
v -1.459435 -0.150650 26.802582
v -1.459435 0.150650 26.802582
v 1.739074 -0.150650 32.471455
v 1.739074 0.150650 32.471455
v -6.955892 -0.150650 30.113182
v -6.955892 0.150650 30.113182
v -3.573425 -0.150650 35.674248
v -3.573425 0.150650 35.674248
v -4.251122 -0.150650 28.454899
v -4.251122 0.150651 28.454899
v -0.877117 -0.150651 34.021099
v -0.877117 0.150650 34.021099
v -9.623736 -0.150650 31.704105
v -9.623736 0.150651 31.704105
v -6.387266 -0.150651 37.351387
v -6.387266 0.150650 37.351387
v -6.955892 -0.150650 30.113182
v -6.955892 0.150650 30.113182
v -3.573425 -0.150650 35.674248
v -3.573425 0.150650 35.674248
v -12.301046 -0.150650 33.177147
v -12.301046 0.150650 33.177147
v -9.332869 -0.150650 38.969940
v -9.332869 0.150650 38.969940
v -9.623736 -0.150650 31.704105
v -9.623736 0.150651 31.704105
v -6.387266 -0.150651 37.351387
v -6.387266 0.150650 37.351387
v -15.028540 -0.150650 34.462799
v -15.028540 0.150650 34.462799
v -12.434098 -0.150650 40.432335
v -12.434098 0.150650 40.432335
v -12.301046 -0.150650 33.177147
v -12.301046 0.150650 33.177147
v -9.332869 -0.150650 38.969940
v -9.332869 0.150650 38.969940
v -17.818443 -0.150650 35.559990
v -17.818443 0.150650 35.559990
v -15.651107 -0.150650 41.697514
v -15.651106 0.150650 41.697514
v -15.028540 -0.150650 34.462799
v -15.028540 0.150650 34.462799
v -12.434098 -0.150650 40.432335
v -12.434098 0.150650 40.432335
v -20.676294 -0.150650 36.454765
v -20.676294 0.150650 36.454765
v -18.954407 -0.150650 42.731838
v -18.954407 0.150650 42.731838
v -17.818443 -0.150650 35.559990
v -17.818443 0.150650 35.559990
v -15.651107 -0.150650 41.697514
v -15.651106 0.150650 41.697514
v -23.596573 -0.150650 37.145279
v -23.596573 0.150651 37.145279
v -22.312431 -0.150651 43.526306
v -22.312431 0.150650 43.526306
v -20.676294 -0.150650 36.454765
v -20.676294 0.150650 36.454765
v -18.954407 -0.150650 42.731838
v -18.954407 0.150650 42.731838
v -26.565098 -0.150650 37.638531
v -26.565098 0.150651 37.638531
v -25.701895 -0.150650 44.089996
v -25.701895 0.150650 44.089996
v -23.596573 -0.150650 37.145279
v -23.596573 0.150651 37.145279
v -22.312431 -0.150651 43.526306
v -22.312431 0.150650 43.526306
v -29.565189 -0.150650 37.945648
v -29.565189 0.150650 37.945648
v -29.108860 -0.150650 44.438591
v -29.108860 0.150650 44.438591
v -26.565098 -0.150650 37.638531
v -26.565098 0.150651 37.638531
v -25.701895 -0.150650 44.089996
v -25.701895 0.150650 44.089996
v -32.582188 -0.150650 38.079311
v -32.582188 0.150650 38.079311
v -32.524937 -0.150651 44.588017
v -32.524937 0.150650 44.588017
v -29.565189 -0.150650 37.945648
v -29.565189 0.150650 37.945648
v -29.108860 -0.150650 44.438591
v -29.108860 0.150650 44.438591
v -35.603558 -0.150650 38.026375
v -35.603558 0.150650 38.026375
v -35.944298 -0.150650 44.526409
v -35.944298 0.150650 44.526409
v -32.582188 -0.150650 38.079311
v -32.582188 0.150650 38.079311
v -32.524937 -0.150651 44.588017
v -32.524937 0.150650 44.588017
v -38.606812 -0.150650 37.750523
v -38.606812 0.150650 37.750523
v -39.357620 -0.150650 44.216026
v -39.357620 0.150650 44.216026
v -35.603558 -0.150650 38.026375
v -35.603558 0.150650 38.026375
v -35.944298 -0.150650 44.526409
v -35.944298 0.150650 44.526409
v -41.580235 -0.150650 37.306652
v -41.580235 0.150650 37.306652
v -42.757275 -0.150650 43.708298
v -42.757275 0.150650 43.708298
v -38.606812 -0.150650 37.750523
v -38.606812 0.150650 37.750523
v -39.357620 -0.150650 44.216026
v -39.357620 0.150650 44.216026
v -44.519684 -0.150650 36.706825
v -44.519684 0.150650 36.706825
v -46.138748 -0.150650 43.011204
v -46.138748 0.150650 43.011204
v -41.580235 -0.150650 37.306652
v -41.580235 0.150650 37.306652
v -42.757275 -0.150650 43.708298
v -42.757275 0.150650 43.708298
v -47.373955 -0.150650 35.837414
v -47.373955 0.150650 35.837414
v -49.473251 -0.150650 41.998543
v -49.473251 0.150650 41.998543
v -44.519684 -0.150650 36.706825
v -44.519684 0.150650 36.706825
v -46.138748 -0.150650 43.011204
v -46.138748 0.150650 43.011204
v -50.130722 -0.150650 34.757938
v -50.130722 0.150650 34.757938
v -52.741623 -0.150650 40.720299
v -52.741623 0.150650 40.720299
v -47.373955 -0.150650 35.837414
v -47.373955 0.150650 35.837414
v -49.473251 -0.150650 41.998543
v -49.473251 0.150650 41.998543
v -52.805115 -0.150650 33.517357
v -52.805115 0.150650 33.517357
v -55.943130 -0.150650 39.219936
v -55.943130 0.150650 39.219936
v -50.130722 -0.150650 34.757938
v -50.130722 0.150650 34.757938
v -52.741623 -0.150650 40.720299
v -52.741623 0.150650 40.720299
v -55.276436 -0.150650 31.956852
v -55.276436 0.150650 31.956852
v -58.980896 -0.150650 37.308815
v -58.980896 0.150650 37.308815
v -52.805115 -0.150650 33.517357
v -52.805115 0.150650 33.517357
v -55.943130 -0.150650 39.219936
v -55.943130 0.150650 39.219936
v -57.557190 -0.150650 30.177181
v -57.557190 0.150650 30.177181
v -61.827290 -0.150650 35.089695
v -61.827290 0.150650 35.089695
v -55.276436 -0.150650 31.956852
v -55.276436 0.150650 31.956852
v -58.980896 -0.150650 37.308815
v -58.980896 0.150650 37.308815
v -59.712063 -0.150650 28.249561
v -59.712063 0.150650 28.249561
v -64.520279 -0.150650 32.636757
v -64.520279 0.150650 32.636757
v -57.557190 -0.150650 30.177181
v -57.557190 0.150650 30.177181
v -61.827290 -0.150650 35.089695
v -61.827290 0.150650 35.089695
v -61.423977 -0.150650 25.941471
v -61.423977 0.150650 25.941471
v -66.733246 -0.150650 29.706871
v -66.733246 0.150650 29.706871
v -59.712063 -0.150650 28.249561
v -59.712063 0.150650 28.249561
v -64.520279 -0.150650 32.636757
v -64.520279 0.150650 32.636757
v -62.974941 -0.150650 23.537014
v -62.974941 0.150651 23.537014
v -68.701096 -0.150651 26.631786
v -68.701096 0.150649 26.631786
v -61.423977 -0.150650 25.941471
v -61.423977 0.150650 25.941471
v -66.733246 -0.150650 29.706871
v -66.733246 0.150650 29.706871
v -64.168350 -0.150650 20.911411
v -64.168350 0.150650 20.911411
v -70.220200 -0.150650 23.307625
v -70.220200 0.150650 23.307625
v -62.974941 -0.150650 23.537014
v -62.974941 0.150651 23.537014
v -68.701096 -0.150651 26.631786
v -68.701096 0.150649 26.631786
v -65.063522 -0.150650 18.167236
v -65.063522 0.150650 18.167236
v -71.341629 -0.150650 19.885338
v -71.341629 0.150650 19.885338
v -64.168350 -0.150650 20.911411
v -64.168350 0.150650 20.911411
v -70.220200 -0.150650 23.307625
v -70.220200 0.150650 23.307625
v -65.679764 -0.150650 15.309072
v -65.679764 0.150650 15.309072
v -72.100113 -0.150650 16.379448
v -72.100098 0.150650 16.379448
v -65.063522 -0.150650 18.167236
v -65.063522 0.150650 18.167236
v -71.341629 -0.150650 19.885338
v -71.341629 0.150650 19.885338
v -66.017319 -0.150650 12.394595
v -66.017319 0.150650 12.394595
v -72.508453 -0.150650 12.876059
v -72.508453 0.150650 12.876060
v -65.679764 -0.150650 15.309072
v -65.679764 0.150650 15.309072
v -72.100113 -0.150650 16.379448
v -72.100098 0.150650 16.379448
v -66.051865 -0.150650 9.417644
v -66.051865 0.150650 9.417644
v -72.560715 -0.150650 9.380310
v -72.560715 0.150650 9.380310
v -66.017319 -0.150650 12.394595
v -66.017319 0.150650 12.394595
v -72.508453 -0.150650 12.876059
v -72.508453 0.150650 12.876060
v -66.099899 -0.150650 6.418148
v -66.099899 0.150650 6.418148
v -72.589996 -0.150650 5.922982
v -72.589996 0.150650 5.922982
v -66.051865 -0.150650 9.417644
v -66.051865 0.150650 9.417644
v -72.560715 -0.150650 9.380310
v -72.560715 0.150650 9.380310
v -66.141006 -0.150650 3.249342
v -66.141006 0.150650 3.249342
v -72.631088 -0.150650 2.754177
v -72.631088 0.150650 2.754177
v -66.099899 -0.150650 6.418148
v -66.099899 0.150650 6.418148
v -72.589996 -0.150650 5.922982
v -72.589996 0.150650 5.922982
v -66.182083 -0.150650 0.080536
v -66.182083 0.150650 0.080536
v -72.672195 -0.150650 -0.414629
v -72.672195 0.150650 -0.414629
v -66.141006 -0.150650 3.249342
v -66.141006 0.150650 3.249342
v -72.631088 -0.150650 2.754177
v -72.631088 0.150650 2.754177
v -66.223190 -0.150650 -3.088178
v -66.223190 0.150650 -3.088178
v -72.713287 -0.150650 -3.583344
v -72.713287 0.150650 -3.583344
v -66.182083 -0.150650 0.080536
v -66.182083 0.150650 0.080536
v -72.672195 -0.150650 -0.414629
v -72.672195 0.150650 -0.414629
vn -0.0177 -0.0000 -0.9998
vn -0.9996 -0.0000 -0.0274
vn 0.0416 -0.0000 0.9991
vn 0.9995 -0.0000 0.0302
vn -0.0000 -1.0000 -0.0000
vn -0.0000 1.0000 -0.0000
vn 0.0314 -0.0000 -0.9995
vn -0.9996 -0.0000 -0.0278
vn 0.0177 -0.0000 0.9998
vn 0.9995 -0.0000 0.0300
vn 0.0804 -0.0000 -0.9968
vn -0.9995 -0.0000 -0.0307
vn -0.0314 -0.0000 0.9995
vn 0.9996 -0.0000 0.0281
vn 0.1367 -0.0000 -0.9906
vn -0.9962 -0.0000 -0.0870
vn -0.0804 -0.0000 0.9968
vn 0.9964 -0.0000 0.0843
vn 0.2069 -0.0000 -0.9784
vn -0.9810 -0.0000 -0.1939
vn -0.1367 -0.0000 0.9906
vn 0.9804 -0.0000 0.1972
vn 0.2761 -0.0000 -0.9611
vn -0.9798 -0.0000 -0.1998
vn -0.2069 -0.0000 0.9784
vn 0.9812 -0.0000 0.1932
vn 0.3630 -0.0000 -0.9318
vn -0.9408 -0.0000 -0.3388
vn -0.2761 -0.0000 0.9611
vn 0.9394 -0.0000 0.3427
vn 0.4529 -0.0000 -0.8916
vn -0.9210 -0.0000 -0.3895
vn -0.3630 -0.0000 0.9318
vn 0.9228 -0.0000 0.3854
vn 0.5503 -0.0000 -0.8350
vn -0.8624 -0.0000 -0.5062
vn -0.4529 -0.0000 0.8916
vn 0.8618 -0.0000 0.5072
vn 0.6480 -0.0000 -0.7616
vn -0.8109 -0.0000 -0.5852
vn -0.5503 -0.0000 0.8350
vn 0.8139 -0.0000 0.5810
vn 0.7415 -0.0000 -0.6709
vn -0.7049 -0.0000 -0.7093
vn -0.6480 -0.0000 0.7616
vn 0.7010 -0.0000 0.7131
vn 0.8240 -0.0000 -0.5666
vn -0.6451 -0.0000 -0.7641
vn -0.7415 -0.0000 0.6709
vn 0.6526 -0.0000 0.7577
vn 0.8900 -0.0000 -0.4559
vn -0.4841 -0.0000 -0.8750
vn -0.8240 -0.0000 0.5666
vn 0.4757 -0.0000 0.8796
vn 0.9390 -0.0000 -0.3440
vn -0.3997 -0.0000 -0.9167
vn -0.8900 -0.0000 0.4559
vn 0.3994 -0.0000 0.9168
vn 0.9722 -0.0000 -0.2342
vn -0.3029 -0.0000 -0.9530
vn -0.9390 -0.0000 0.3440
vn 0.3063 -0.0000 0.9519
vn 0.9906 -0.0000 -0.1366
vn -0.1615 -0.0000 -0.9869
vn -0.9722 -0.0000 0.2342
vn 0.1561 -0.0000 0.9877
vn 0.9990 -0.0000 -0.0449
vn -0.0892 -0.0000 -0.9960
vn -0.9906 -0.0000 0.1366
vn 0.0889 -0.0000 0.9960
vn 0.9992 -0.0000 0.0394
vn -0.0145 -0.0000 -0.9999
vn -0.9990 -0.0000 0.0449
vn 0.0166 -0.0000 0.9999
vn 0.9936 -0.0000 0.1134
vn 0.0923 -0.0000 -0.9957
vn -0.9992 -0.0000 -0.0394
vn -0.0948 -0.0000 0.9955
vn 0.9832 -0.0000 0.1828
vn 0.1524 -0.0000 -0.9883
vn -0.9936 -0.0000 -0.1134
vn -0.1530 -0.0000 0.9882
vn 0.9688 -0.0000 0.2479
vn 0.2128 -0.0000 -0.9771
vn -0.9832 -0.0000 -0.1828
vn -0.2124 -0.0000 0.9772
vn 0.9509 -0.0000 0.3096
vn 0.2738 -0.0000 -0.9618
vn -0.9688 -0.0000 -0.2479
vn -0.2730 -0.0000 0.9620
vn 0.9294 -0.0000 0.3691
vn 0.3435 -0.0000 -0.9392
vn -0.9509 -0.0000 -0.3096
vn -0.3440 -0.0000 0.9390
vn 0.9041 -0.0000 0.4274
vn 0.4008 -0.0000 -0.9162
vn -0.9294 -0.0000 -0.3691
vn -0.4011 -0.0000 0.9160
vn 0.8750 -0.0000 0.4841
vn 0.4566 -0.0000 -0.8897
vn -0.9041 -0.0000 -0.4274
vn -0.4567 -0.0000 0.8896
vn 0.8435 -0.0000 0.5371
vn 0.5110 -0.0000 -0.8596
vn -0.8750 -0.0000 -0.4841
vn -0.5110 -0.0000 0.8596
vn 0.8127 -0.0000 0.5827
vn 0.5600 -0.0000 -0.8285
vn -0.8435 -0.0000 -0.5371
vn -0.5600 -0.0000 0.8285
vn 0.7890 -0.0000 0.6144
vn 0.6033 -0.0000 -0.7975
vn -0.8127 -0.0000 -0.5827
vn -0.6036 -0.0000 0.7973
vn 0.7772 -0.0000 0.6292
vn 0.6257 -0.0000 -0.7801
vn -0.7890 -0.0000 -0.6144
vn -0.6258 -0.0000 0.7800
vn 0.7820 -0.0000 0.6232
vn 0.6306 -0.0000 -0.7761
vn -0.7772 -0.0000 -0.6292
vn -0.6305 -0.0000 0.7762
vn 0.8093 -0.0000 0.5874
vn 0.6084 -0.0000 -0.7936
vn -0.7820 -0.0000 -0.6232
vn -0.6081 -0.0000 0.7938
vn 0.8529 -0.0000 0.5221
vn 0.5613 -0.0000 -0.8276
vn -0.8093 -0.0000 -0.5874
vn -0.5604 -0.0000 0.8282
vn 0.9053 -0.0000 0.4247
vn 0.4780 -0.0000 -0.8784
vn -0.8529 -0.0000 -0.5221
vn -0.4772 -0.0000 0.8788
vn 0.9527 -0.0000 0.3039
vn 0.3640 -0.0000 -0.9314
vn -0.9053 -0.0000 -0.4247
vn -0.3642 -0.0000 0.9313
vn 0.9848 -0.0000 0.1737
vn 0.2404 -0.0000 -0.9707
vn -0.9527 -0.0000 -0.3039
vn -0.2401 -0.0000 0.9707
vn 0.9990 -0.0000 0.0455
vn 0.1133 -0.0000 -0.9936
vn -0.9848 -0.0000 -0.1737
vn -0.1124 -0.0000 0.9937
vn 0.9972 -0.0000 -0.0752
vn -0.0208 -0.0000 -0.9998
vn -0.9990 -0.0000 -0.0455
vn 0.0195 -0.0000 0.9998
vn 0.9821 -0.0000 -0.1885
vn -0.1338 -0.0000 -0.9910
vn -0.9972 -0.0000 0.0752
vn 0.1335 -0.0000 0.9911
vn 0.9563 -0.0000 -0.2924
vn -0.2397 -0.0000 -0.9709
vn -0.9821 -0.0000 0.1885
vn 0.2399 -0.0000 0.9708
vn 0.9235 -0.0000 -0.3835
vn -0.3400 -0.0000 -0.9404
vn -0.9563 -0.0000 0.2924
vn 0.3397 -0.0000 0.9405
vn 0.8890 -0.0000 -0.4578
vn -0.4252 -0.0000 -0.9051
vn -0.9235 -0.0000 0.3835
vn 0.4245 -0.0000 0.9054
vn 0.8584 -0.0000 -0.5130
vn -0.4883 -0.0000 -0.8727
vn -0.8890 -0.0000 0.4578
vn 0.4880 -0.0000 0.8729
vn 0.8373 -0.0000 -0.5468
vn -0.5322 -0.0000 -0.8466
vn -0.8584 -0.0000 0.5130
vn 0.5321 -0.0000 0.8467
vn 0.8314 -0.0000 -0.5557
vn -0.5551 -0.0000 -0.8318
vn -0.8373 -0.0000 0.5468
vn 0.5550 -0.0000 0.8318
vn 0.8417 -0.0000 -0.5400
vn -0.5510 -0.0000 -0.8345
vn -0.8314 -0.0000 0.5557
vn 0.5511 -0.0000 0.8344
vn 0.8644 -0.0000 -0.5028
vn -0.5253 -0.0000 -0.8509
vn -0.8417 -0.0000 0.5400
vn 0.5256 -0.0000 0.8507
vn 0.8940 -0.0000 -0.4481
vn -0.4760 -0.0000 -0.8795
vn -0.8644 -0.0000 0.5028
vn 0.4760 -0.0000 0.8795
vn 0.9237 -0.0000 -0.3830
vn -0.4172 -0.0000 -0.9088
vn -0.8940 -0.0000 0.4481
vn 0.4175 -0.0000 0.9087
vn 0.9501 -0.0000 -0.3118
vn -0.3476 -0.0000 -0.9376
vn -0.9237 -0.0000 0.3830
vn 0.3476 -0.0000 0.9376
vn 0.9711 -0.0000 -0.2385
vn -0.2763 -0.0000 -0.9611
vn -0.9501 -0.0000 0.3118
vn 0.2765 -0.0000 0.9610
vn 0.9862 -0.0000 -0.1654
vn -0.2000 -0.0000 -0.9798
vn -0.9711 -0.0000 0.2385
vn 0.1996 -0.0000 0.9799
vn 0.9956 -0.0000 -0.0936
vn -0.1324 -0.0000 -0.9912
vn -0.9862 -0.0000 0.1654
vn 0.1328 -0.0000 0.9911
vn 0.9997 -0.0000 -0.0237
vn -0.0565 -0.0000 -0.9984
vn -0.9956 -0.0000 0.0936
vn 0.0562 -0.0000 0.9984
vn 0.9990 -0.0000 0.0450
vn 0.0120 -0.0000 -0.9999
vn -0.9997 -0.0000 0.0237
vn -0.0122 -0.0000 0.9999
vn 0.9935 -0.0000 0.1135
vn 0.0773 -0.0000 -0.9970
vn -0.9990 -0.0000 -0.0450
vn -0.0770 -0.0000 0.9970
vn 0.9831 -0.0000 0.1831
vn 0.1466 -0.0000 -0.9892
vn -0.9935 -0.0000 -0.1135
vn -0.1463 -0.0000 0.9892
vn 0.9668 -0.0000 0.2554
vn 0.2218 -0.0000 -0.9751
vn -0.9831 -0.0000 -0.1831
vn -0.2222 -0.0000 0.9750
vn 0.9438 -0.0000 0.3306
vn 0.2923 -0.0000 -0.9563
vn -0.9668 -0.0000 -0.2554
vn -0.2921 -0.0000 0.9564
vn 0.9126 -0.0000 0.4089
vn 0.3654 -0.0000 -0.9308
vn -0.9438 -0.0000 -0.3306
vn -0.3646 -0.0000 0.9312
vn 0.8714 -0.0000 0.4906
vn 0.4525 -0.0000 -0.8918
vn -0.9126 -0.0000 -0.4089
vn -0.4530 -0.0000 0.8915
vn 0.8193 -0.0000 0.5734
vn 0.5326 -0.0000 -0.8464
vn -0.8714 -0.0000 -0.4906
vn -0.5326 -0.0000 0.8464
vn 0.7558 -0.0000 0.6548
vn 0.6103 -0.0000 -0.7922
vn -0.8193 -0.0000 -0.5734
vn -0.6092 -0.0000 0.7930
vn 0.6811 -0.0000 0.7322
vn 0.6978 -0.0000 -0.7163
vn -0.7558 -0.0000 -0.6548
vn -0.6986 -0.0000 0.7155
vn 0.5978 -0.0000 0.8017
vn 0.7677 -0.0000 -0.6408
vn -0.6811 -0.0000 -0.7322
vn -0.7677 -0.0000 0.6408
vn 0.5091 -0.0000 0.8607
vn 0.8309 -0.0000 -0.5564
vn -0.5978 -0.0000 -0.8017
vn -0.8306 -0.0000 0.5569
vn 0.4199 -0.0000 0.9076
vn 0.8876 -0.0000 -0.4606
vn -0.5091 -0.0000 -0.8607
vn -0.8881 -0.0000 0.4596
vn 0.3330 -0.0000 0.9429
vn 0.9261 -0.0000 -0.3774
vn -0.4199 -0.0000 -0.9076
vn -0.9260 -0.0000 0.3775
vn 0.2511 -0.0000 0.9680
vn 0.9562 -0.0000 -0.2928
vn -0.3330 -0.0000 -0.9429
vn -0.9561 -0.0000 0.2929
vn 0.1752 -0.0000 0.9845
vn 0.9779 -0.0000 -0.2092
vn -0.2511 -0.0000 -0.9680
vn -0.9780 -0.0000 0.2085
vn 0.1042 -0.0000 0.9946
vn 0.9903 -0.0000 -0.1391
vn -0.1752 -0.0000 -0.9845
vn -0.9903 -0.0000 0.1390
vn 0.0378 -0.0000 0.9993
vn 0.9973 -0.0000 -0.0731
vn -0.1042 -0.0000 -0.9946
vn -0.9973 -0.0000 0.0734
vn -0.0246 -0.0000 0.9997
vn 1.0000 -0.0000 -0.0053
vn -0.0378 -0.0000 -0.9993
vn -1.0000 -0.0000 0.0051
vn -0.0842 -0.0000 0.9964
vn 0.9984 -0.0000 0.0568
vn 0.0246 -0.0000 -0.9997
vn -0.9984 -0.0000 -0.0571
vn -0.1419 -0.0000 0.9899
vn 0.9935 -0.0000 0.1136
vn 0.0842 -0.0000 -0.9964
vn -0.9935 -0.0000 -0.1137
vn -0.1987 -0.0000 0.9801
vn 0.9856 -0.0000 0.1692
vn 0.1419 -0.0000 -0.9899
vn -0.9856 -0.0000 -0.1691
vn -0.2554 -0.0000 0.9668
vn 0.9745 -0.0000 0.2244
vn 0.1987 -0.0000 -0.9801
vn -0.9746 -0.0000 -0.2240
vn -0.3132 -0.0000 0.9497
vn 0.9583 -0.0000 0.2858
vn 0.2554 -0.0000 -0.9668
vn -0.9582 -0.0000 -0.2860
vn -0.3728 -0.0000 0.9279
vn 0.9389 -0.0000 0.3443
vn 0.3132 -0.0000 -0.9497
vn -0.9388 -0.0000 -0.3445
vn -0.4350 -0.0000 0.9004
vn 0.9150 -0.0000 0.4034
vn 0.3728 -0.0000 -0.9279
vn -0.9151 -0.0000 -0.4033
vn -0.4999 -0.0000 0.8661
vn 0.8853 -0.0000 0.4649
vn 0.4350 -0.0000 -0.9004
vn -0.8856 -0.0000 -0.4645
vn -0.5672 -0.0000 0.8236
vn 0.8469 -0.0000 0.5317
vn 0.4999 -0.0000 -0.8661
vn -0.8472 -0.0000 -0.5313
vn -0.6361 -0.0000 0.7716
vn 0.7967 -0.0000 0.6044
vn 0.5672 -0.0000 -0.8236
vn -0.7963 -0.0000 -0.6049
vn -0.7041 -0.0000 0.7101
vn 0.7423 -0.0000 0.6701
vn 0.6361 -0.0000 -0.7716
vn -0.7424 -0.0000 -0.6700
vn -0.7691 -0.0000 0.6391
vn 0.6793 -0.0000 0.7338
vn 0.7041 -0.0000 -0.7101
vn -0.6802 -0.0000 -0.7330
vn -0.8290 -0.0000 0.5592
vn 0.5968 -0.0000 0.8024
vn 0.7691 -0.0000 -0.6391
vn -0.5961 -0.0000 -0.8029
vn -0.8813 -0.0000 0.4725
vn 0.5160 -0.0000 0.8566
vn 0.8290 -0.0000 -0.5592
vn -0.5159 -0.0000 -0.8567
vn -0.9244 -0.0000 0.3814
vn 0.4320 -0.0000 0.9019
vn 0.8813 -0.0000 -0.4725
vn -0.4330 -0.0000 -0.9014
vn -0.9574 -0.0000 0.2889
vn 0.3305 -0.0000 0.9438
vn 0.9244 -0.0000 -0.3814
vn -0.3294 -0.0000 -0.9442
vn -0.9804 -0.0000 0.1972
vn 0.2428 -0.0000 0.9701
vn 0.9574 -0.0000 -0.2889
vn -0.2427 -0.0000 -0.9701
vn -0.9942 -0.0000 0.1079
vn 0.1556 -0.0000 0.9878
vn 0.9804 -0.0000 -0.1972
vn -0.1562 -0.0000 -0.9877
vn -0.9997 -0.0000 0.0226
vn 0.0606 -0.0000 0.9982
vn 0.9942 -0.0000 -0.1079
vn -0.0597 -0.0000 -0.9982
vn -0.9982 -0.0000 -0.0594
vn -0.0175 -0.0000 0.9998
vn 0.9997 -0.0000 -0.0226
vn 0.0174 -0.0000 -0.9998
vn -0.9905 -0.0000 -0.1377
vn -0.0986 -0.0000 0.9951
vn 0.9982 -0.0000 0.0594
vn 0.0986 -0.0000 -0.9951
vn -0.9772 -0.0000 -0.2122
vn -0.1773 -0.0000 0.9842
vn 0.9905 -0.0000 0.1377
vn 0.1777 -0.0000 -0.9841
vn -0.9593 -0.0000 -0.2824
vn -0.2444 -0.0000 0.9697
vn 0.9772 -0.0000 0.2122
vn 0.2439 -0.0000 -0.9698
vn -0.9381 -0.0000 -0.3464
vn -0.3187 -0.0000 0.9479
vn 0.9593 -0.0000 0.2824
vn 0.3193 -0.0000 -0.9477
vn -0.9149 -0.0000 -0.4037
vn -0.3739 -0.0000 0.9275
vn 0.9381 -0.0000 0.3464
vn 0.3737 -0.0000 -0.9276
vn -0.8924 -0.0000 -0.4512
vn -0.4309 -0.0000 0.9024
vn 0.9149 -0.0000 0.4037
vn 0.4313 -0.0000 -0.9022
vn -0.8727 -0.0000 -0.4882
vn -0.4699 -0.0000 0.8827
vn 0.8924 -0.0000 0.4512
vn 0.4699 -0.0000 -0.8827
vn -0.8605 -0.0000 -0.5094
vn -0.5022 -0.0000 0.8647
vn 0.8727 -0.0000 0.4882
vn 0.5024 -0.0000 -0.8646
vn -0.8582 -0.0000 -0.5133
vn -0.5141 -0.0000 0.8578
vn 0.8605 -0.0000 0.5094
vn 0.5141 -0.0000 -0.8577
vn -0.8681 -0.0000 -0.4963
vn -0.5083 -0.0000 0.8612
vn 0.8582 -0.0000 0.5133
vn 0.5081 -0.0000 -0.8613
vn -0.8895 -0.0000 -0.4570
vn -0.4789 -0.0000 0.8779
vn 0.8681 -0.0000 0.4963
vn 0.4787 -0.0000 -0.8780
vn -0.9182 -0.0000 -0.3962
vn -0.4301 -0.0000 0.9028
vn 0.8895 -0.0000 0.4570
vn 0.4297 -0.0000 -0.9030
vn -0.9494 -0.0000 -0.3141
vn -0.3602 -0.0000 0.9329
vn 0.9182 -0.0000 0.3962
vn 0.3594 -0.0000 -0.9332
vn -0.9771 -0.0000 -0.2129
vn -0.2659 -0.0000 0.9640
vn 0.9494 -0.0000 0.3141
vn 0.2655 -0.0000 -0.9641
vn -0.9951 -0.0000 -0.0985
vn -0.1548 -0.0000 0.9879
vn 0.9771 -0.0000 0.2129
vn 0.1550 -0.0000 -0.9879
vn -0.9998 -0.0000 0.0217
vn -0.0379 -0.0000 0.9993
vn 0.9951 -0.0000 0.0985
vn 0.0380 -0.0000 -0.9993
vn -0.9900 -0.0000 0.1413
vn 0.0810 -0.0000 0.9967
vn 0.9998 -0.0000 -0.0217
vn -0.0812 -0.0000 -0.9967
vn -0.9669 -0.0000 0.2553
vn 0.1962 -0.0000 0.9806
vn 0.9900 -0.0000 -0.1413
vn -0.1968 -0.0000 -0.9805
vn -0.9344 -0.0000 0.3563
vn 0.3103 -0.0000 0.9506
vn 0.9669 -0.0000 -0.2553
vn -0.3095 -0.0000 -0.9509
vn -0.8998 -0.0000 0.4363
vn 0.4014 -0.0000 0.9159
vn 0.9344 -0.0000 -0.3563
vn -0.4006 -0.0000 -0.9163
vn -0.8709 -0.0000 0.4914
vn 0.4666 -0.0000 0.8845
vn 0.8998 -0.0000 -0.4363
vn -0.4663 -0.0000 -0.8846
vn -0.8552 -0.0000 0.5184
vn 0.5096 -0.0000 0.8604
vn 0.8709 -0.0000 -0.4914
vn -0.5093 -0.0000 -0.8606
vn -0.8544 -0.0000 0.5197
vn 0.5227 -0.0000 0.8525
vn 0.8552 -0.0000 -0.5184
vn -0.5227 -0.0000 -0.8525
vn -0.8676 -0.0000 0.4972
vn 0.5120 -0.0000 0.8590
vn 0.8544 -0.0000 -0.5197
vn -0.5122 -0.0000 -0.8589
vn -0.8900 -0.0000 0.4560
vn 0.4816 -0.0000 0.8764
vn 0.8676 -0.0000 -0.4972
vn -0.4820 -0.0000 -0.8761
vn -0.9171 -0.0000 0.3986
vn 0.4265 -0.0000 0.9045
vn 0.8900 -0.0000 -0.4560
vn -0.4264 -0.0000 -0.9045
vn -0.9429 -0.0000 0.3330
vn 0.3660 -0.0000 0.9306
vn 0.9171 -0.0000 -0.3986
vn -0.3660 -0.0000 -0.9306
vn -0.9644 -0.0000 0.2645
vn 0.2988 -0.0000 0.9543
vn 0.9429 -0.0000 -0.3330
vn -0.2988 -0.0000 -0.9543
vn -0.9803 -0.0000 0.1973
vn 0.2302 -0.0000 0.9731
vn 0.9644 -0.0000 -0.2645
vn -0.2301 -0.0000 -0.9732
vn -0.9912 -0.0000 0.1326
vn 0.1641 -0.0000 0.9865
vn 0.9803 -0.0000 -0.1973
vn -0.1639 -0.0000 -0.9865
vn -0.9975 -0.0000 0.0701
vn 0.1018 -0.0000 0.9948
vn 0.9912 -0.0000 -0.1326
vn -0.1018 -0.0000 -0.9948
vn -1.0000 -0.0000 0.0088
vn 0.0437 -0.0000 0.9990
vn 0.9975 -0.0000 -0.0701
vn -0.0443 -0.0000 -0.9990
vn -0.9986 -0.0000 -0.0523
vn -0.0180 -0.0000 0.9998
vn 1.0000 -0.0000 -0.0088
vn 0.0175 -0.0000 -0.9998
vn -0.9933 -0.0000 -0.1154
vn -0.0906 -0.0000 0.9959
vn 0.9986 -0.0000 0.0523
vn 0.0915 -0.0000 -0.9958
vn -0.9835 -0.0000 -0.1808
vn -0.1477 -0.0000 0.9890
vn 0.9933 -0.0000 0.1154
vn 0.1476 -0.0000 -0.9890
vn -0.9686 -0.0000 -0.2487
vn -0.2019 -0.0000 0.9794
vn 0.9835 -0.0000 0.1808
vn 0.1999 -0.0000 -0.9798
vn -0.9466 -0.0000 -0.3225
vn -0.2906 -0.0000 0.9568
vn 0.9686 -0.0000 0.2487
vn 0.2914 -0.0000 -0.9566
vn -0.9160 -0.0000 -0.4011
vn 0.9466 -0.0000 0.3225
vn 0.3646 -0.0000 -0.9312
vn -0.8761 -0.0000 -0.4821
vn -0.4244 -0.0000 0.9055
vn 0.9160 -0.0000 0.4011
vn 0.4208 -0.0000 -0.9072
vn -0.8222 -0.0000 -0.5691
vn -0.5325 -0.0000 0.8464
vn 0.8761 -0.0000 0.4821
vn 0.5339 -0.0000 -0.8455
vn -0.7547 -0.0000 -0.6560
vn -0.6148 -0.0000 0.7886
vn 0.8222 -0.0000 0.5691
vn 0.6152 -0.0000 -0.7884
vn -0.6740 -0.0000 -0.7387
vn -0.6734 -0.0000 0.7393
vn 0.7547 -0.0000 0.6560
vn 0.6667 -0.0000 -0.7453
vn -0.5785 -0.0000 -0.8157
vn -0.7980 -0.0000 0.6027
vn 0.6740 -0.0000 0.7387
vn 0.8032 -0.0000 -0.5957
vn -0.4755 -0.0000 -0.8797
vn -0.8423 -0.0000 0.5390
vn 0.5785 -0.0000 0.8157
vn 0.8403 -0.0000 -0.5421
vn -0.3681 -0.0000 -0.9298
vn -0.9095 -0.0000 0.4156
vn 0.4755 -0.0000 0.8797
vn 0.9104 -0.0000 -0.4138
vn -0.2640 -0.0000 -0.9645
vn -0.9503 -0.0000 0.3114
vn 0.3681 -0.0000 0.9298
vn 0.9507 -0.0000 -0.3101
vn -0.1644 -0.0000 -0.9864
vn -0.9774 -0.0000 0.2114
vn 0.2640 -0.0000 0.9645
vn 0.9775 -0.0000 -0.2108
vn -0.0740 -0.0000 -0.9973
vn -0.9933 -0.0000 0.1158
vn 0.1644 -0.0000 0.9864
vn 0.9934 -0.0000 -0.1151
vn 0.0057 -0.0000 -1.0000
vn -0.9999 -0.0000 0.0149
vn 0.0740 -0.0000 0.9973
vn 0.9999 -0.0000 -0.0116
vn 0.0761 -0.0000 -0.9971
vn -1.0000 -0.0000 0.0085
vn -0.0057 -0.0000 1.0000
vn 0.9999 -0.0000 -0.0160
vn -0.9999 -0.0000 0.0130
vn -0.0761 -0.0000 0.9971
vn 0.9999 -0.0000 -0.0130
vt 2.338983 0.030904
vt 2.338983 0.969096
vt -1.338983 0.969096
vt -1.338983 0.030904
s 0
usemtl Materiais.003
f 1681/1/1 1683/2/1 1684/3/1 1682/4/1
f 1683/1/2 1687/2/2 1688/3/2 1684/4/2
f 1687/1/3 1685/2/3 1686/3/3 1688/4/3
f 1685/1/4 1681/2/4 1682/3/4 1686/4/4
f 1683/1/5 1681/2/5 1685/3/5 1687/4/5
f 1688/1/6 1686/2/6 1682/3/6 1684/4/6
f 1689/1/7 1691/2/7 1692/3/7 1690/4/7
f 1691/1/8 1695/2/8 1696/3/8 1692/4/8
f 1695/1/9 1693/2/9 1694/3/9 1696/4/9
f 1693/1/10 1689/2/10 1690/3/10 1694/4/10
f 1691/1/5 1689/2/5 1693/3/5 1695/4/5
f 1696/1/6 1694/2/6 1690/3/6 1692/4/6
f 1697/1/11 1699/2/11 1700/3/11 1698/4/11
f 1699/1/12 1703/2/12 1704/3/12 1700/4/12
f 1703/1/13 1701/2/13 1702/3/13 1704/4/13
f 1701/1/14 1697/2/14 1698/3/14 1702/4/14
f 1699/1/5 1697/2/5 1701/3/5 1703/4/5
f 1704/1/6 1702/2/6 1698/3/6 1700/4/6
f 1705/1/15 1707/2/15 1708/3/15 1706/4/15
f 1707/1/16 1711/2/16 1712/3/16 1708/4/16
f 1711/1/17 1709/2/17 1710/3/17 1712/4/17
f 1709/1/18 1705/2/18 1706/3/18 1710/4/18
f 1707/1/5 1705/2/5 1709/3/5 1711/4/5
f 1712/1/6 1710/2/6 1706/3/6 1708/4/6
f 1713/1/19 1715/2/19 1716/3/19 1714/4/19
f 1715/1/20 1719/2/20 1720/3/20 1716/4/20
f 1719/1/21 1717/2/21 1718/3/21 1720/4/21
f 1717/1/22 1713/2/22 1714/3/22 1718/4/22
f 1715/1/5 1713/2/5 1717/3/5 1719/4/5
f 1720/1/6 1718/2/6 1714/3/6 1716/4/6
f 1721/1/23 1723/2/23 1724/3/23 1722/4/23
f 1723/1/24 1727/2/24 1728/3/24 1724/4/24
f 1727/1/25 1725/2/25 1726/3/25 1728/4/25
f 1725/1/26 1721/2/26 1722/3/26 1726/4/26
f 1723/1/5 1721/2/5 1725/3/5 1727/4/5
f 1728/1/6 1726/2/6 1722/3/6 1724/4/6
f 1729/1/27 1731/2/27 1732/3/27 1730/4/27
f 1731/1/28 1735/2/28 1736/3/28 1732/4/28
f 1735/1/29 1733/2/29 1734/3/29 1736/4/29
f 1733/1/30 1729/2/30 1730/3/30 1734/4/30
f 1731/1/5 1729/2/5 1733/3/5 1735/4/5
f 1736/1/6 1734/2/6 1730/3/6 1732/4/6
f 1737/1/31 1739/2/31 1740/3/31 1738/4/31
f 1739/1/32 1743/2/32 1744/3/32 1740/4/32
f 1743/1/33 1741/2/33 1742/3/33 1744/4/33
f 1741/1/34 1737/2/34 1738/3/34 1742/4/34
f 1739/1/5 1737/2/5 1741/3/5 1743/4/5
f 1744/1/6 1742/2/6 1738/3/6 1740/4/6
f 1745/1/35 1747/2/35 1748/3/35 1746/4/35
f 1747/1/36 1751/2/36 1752/3/36 1748/4/36
f 1751/1/37 1749/2/37 1750/3/37 1752/4/37
f 1749/1/38 1745/2/38 1746/3/38 1750/4/38
f 1747/1/5 1745/2/5 1749/3/5 1751/4/5
f 1752/1/6 1750/2/6 1746/3/6 1748/4/6
f 1753/1/39 1755/2/39 1756/3/39 1754/4/39
f 1755/1/40 1759/2/40 1760/3/40 1756/4/40
f 1759/1/41 1757/2/41 1758/3/41 1760/4/41
f 1757/1/42 1753/2/42 1754/3/42 1758/4/42
f 1755/1/5 1753/2/5 1757/3/5 1759/4/5
f 1760/1/6 1758/2/6 1754/3/6 1756/4/6
f 1761/1/43 1763/2/43 1764/3/43 1762/4/43
f 1763/1/44 1767/2/44 1768/3/44 1764/4/44
f 1767/1/45 1765/2/45 1766/3/45 1768/4/45
f 1765/1/46 1761/2/46 1762/3/46 1766/4/46
f 1763/1/5 1761/2/5 1765/3/5 1767/4/5
f 1768/1/6 1766/2/6 1762/3/6 1764/4/6
f 1769/1/47 1771/2/47 1772/3/47 1770/4/47
f 1771/1/48 1775/2/48 1776/3/48 1772/4/48
f 1775/1/49 1773/2/49 1774/3/49 1776/4/49
f 1773/1/50 1769/2/50 1770/3/50 1774/4/50
f 1771/1/5 1769/2/5 1773/3/5 1775/4/5
f 1776/1/6 1774/2/6 1770/3/6 1772/4/6
f 1777/1/51 1779/2/51 1780/3/51 1778/4/51
f 1779/1/52 1783/2/52 1784/3/52 1780/4/52
f 1783/1/53 1781/2/53 1782/3/53 1784/4/53
f 1781/1/54 1777/2/54 1778/3/54 1782/4/54
f 1779/1/5 1777/2/5 1781/3/5 1783/4/5
f 1784/1/6 1782/2/6 1778/3/6 1780/4/6
f 1785/1/55 1787/2/55 1788/3/55 1786/4/55
f 1787/1/56 1791/2/56 1792/3/56 1788/4/56
f 1791/1/57 1789/2/57 1790/3/57 1792/4/57
f 1789/1/58 1785/2/58 1786/3/58 1790/4/58
f 1787/1/5 1785/2/5 1789/3/5 1791/4/5
f 1792/1/6 1790/2/6 1786/3/6 1788/4/6
f 1793/1/59 1795/2/59 1796/3/59 1794/4/59
f 1795/1/60 1799/2/60 1800/3/60 1796/4/60
f 1799/1/61 1797/2/61 1798/3/61 1800/4/61
f 1797/1/62 1793/2/62 1794/3/62 1798/4/62
f 1795/1/5 1793/2/5 1797/3/5 1799/4/5
f 1800/1/6 1798/2/6 1794/3/6 1796/4/6
f 1801/1/63 1803/2/63 1804/3/63 1802/4/63
f 1803/1/64 1807/2/64 1808/3/64 1804/4/64
f 1807/1/65 1805/2/65 1806/3/65 1808/4/65
f 1805/1/66 1801/2/66 1802/3/66 1806/4/66
f 1803/1/5 1801/2/5 1805/3/5 1807/4/5
f 1808/1/6 1806/2/6 1802/3/6 1804/4/6
f 1809/1/67 1811/2/67 1812/3/67 1810/4/67
f 1811/1/68 1815/2/68 1816/3/68 1812/4/68
f 1815/1/69 1813/2/69 1814/3/69 1816/4/69
f 1813/1/70 1809/2/70 1810/3/70 1814/4/70
f 1811/1/5 1809/2/5 1813/3/5 1815/4/5
f 1816/1/6 1814/2/6 1810/3/6 1812/4/6
f 1817/1/71 1819/2/71 1820/3/71 1818/4/71
f 1819/1/72 1823/2/72 1824/3/72 1820/4/72
f 1823/1/73 1821/2/73 1822/3/73 1824/4/73
f 1821/1/74 1817/2/74 1818/3/74 1822/4/74
f 1819/1/5 1817/2/5 1821/3/5 1823/4/5
f 1824/1/6 1822/2/6 1818/3/6 1820/4/6
f 1825/1/75 1827/2/75 1828/3/75 1826/4/75
f 1827/1/76 1831/2/76 1832/3/76 1828/4/76
f 1831/1/77 1829/2/77 1830/3/77 1832/4/77
f 1829/1/78 1825/2/78 1826/3/78 1830/4/78
f 1827/1/5 1825/2/5 1829/3/5 1831/4/5
f 1832/1/6 1830/2/6 1826/3/6 1828/4/6
f 1833/1/79 1835/2/79 1836/3/79 1834/4/79
f 1835/1/80 1839/2/80 1840/3/80 1836/4/80
f 1839/1/81 1837/2/81 1838/3/81 1840/4/81
f 1837/1/82 1833/2/82 1834/3/82 1838/4/82
f 1835/1/5 1833/2/5 1837/3/5 1839/4/5
f 1840/1/6 1838/2/6 1834/3/6 1836/4/6
f 1841/1/83 1843/2/83 1844/3/83 1842/4/83
f 1843/1/84 1847/2/84 1848/3/84 1844/4/84
f 1847/1/85 1845/2/85 1846/3/85 1848/4/85
f 1845/1/86 1841/2/86 1842/3/86 1846/4/86
f 1843/1/5 1841/2/5 1845/3/5 1847/4/5
f 1848/1/6 1846/2/6 1842/3/6 1844/4/6
f 1849/1/87 1851/2/87 1852/3/87 1850/4/87
f 1851/1/88 1855/2/88 1856/3/88 1852/4/88
f 1855/1/89 1853/2/89 1854/3/89 1856/4/89
f 1853/1/90 1849/2/90 1850/3/90 1854/4/90
f 1851/1/5 1849/2/5 1853/3/5 1855/4/5
f 1856/1/6 1854/2/6 1850/3/6 1852/4/6
f 1857/1/91 1859/2/91 1860/3/91 1858/4/91
f 1859/1/92 1863/2/92 1864/3/92 1860/4/92
f 1863/1/93 1861/2/93 1862/3/93 1864/4/93
f 1861/1/94 1857/2/94 1858/3/94 1862/4/94
f 1859/1/5 1857/2/5 1861/3/5 1863/4/5
f 1864/1/6 1862/2/6 1858/3/6 1860/4/6
f 1865/1/95 1867/2/95 1868/3/95 1866/4/95
f 1867/1/96 1871/2/96 1872/3/96 1868/4/96
f 1871/1/97 1869/2/97 1870/3/97 1872/4/97
f 1869/1/98 1865/2/98 1866/3/98 1870/4/98
f 1867/1/5 1865/2/5 1869/3/5 1871/4/5
f 1872/1/6 1870/2/6 1866/3/6 1868/4/6
f 1873/1/99 1875/2/99 1876/3/99 1874/4/99
f 1875/1/100 1879/2/100 1880/3/100 1876/4/100
f 1879/1/101 1877/2/101 1878/3/101 1880/4/101
f 1877/1/102 1873/2/102 1874/3/102 1878/4/102
f 1875/1/5 1873/2/5 1877/3/5 1879/4/5
f 1880/1/6 1878/2/6 1874/3/6 1876/4/6
f 1881/1/103 1883/2/103 1884/3/103 1882/4/103
f 1883/1/104 1887/2/104 1888/3/104 1884/4/104
f 1887/1/105 1885/2/105 1886/3/105 1888/4/105
f 1885/1/106 1881/2/106 1882/3/106 1886/4/106
f 1883/1/5 1881/2/5 1885/3/5 1887/4/5
f 1888/1/6 1886/2/6 1882/3/6 1884/4/6
f 1889/1/107 1891/2/107 1892/3/107 1890/4/107
f 1891/1/108 1895/2/108 1896/3/108 1892/4/108
f 1895/1/109 1893/2/109 1894/3/109 1896/4/109
f 1893/1/110 1889/2/110 1890/3/110 1894/4/110
f 1891/1/5 1889/2/5 1893/3/5 1895/4/5
f 1896/1/6 1894/2/6 1890/3/6 1892/4/6
f 1897/1/111 1899/2/111 1900/3/111 1898/4/111
f 1899/1/112 1903/2/112 1904/3/112 1900/4/112
f 1903/1/113 1901/2/113 1902/3/113 1904/4/113
f 1901/1/114 1897/2/114 1898/3/114 1902/4/114
f 1899/1/5 1897/2/5 1901/3/5 1903/4/5
f 1904/1/6 1902/2/6 1898/3/6 1900/4/6
f 1905/1/115 1907/2/115 1908/3/115 1906/4/115
f 1907/1/116 1911/2/116 1912/3/116 1908/4/116
f 1911/1/117 1909/2/117 1910/3/117 1912/4/117
f 1909/1/118 1905/2/118 1906/3/118 1910/4/118
f 1907/1/5 1905/2/5 1909/3/5 1911/4/5
f 1912/1/6 1910/2/6 1906/3/6 1908/4/6
f 1913/1/119 1915/2/119 1916/3/119 1914/4/119
f 1915/1/120 1919/2/120 1920/3/120 1916/4/120
f 1919/1/121 1917/2/121 1918/3/121 1920/4/121
f 1917/1/122 1913/2/122 1914/3/122 1918/4/122
f 1915/1/5 1913/2/5 1917/3/5 1919/4/5
f 1920/1/6 1918/2/6 1914/3/6 1916/4/6
f 1921/1/123 1923/2/123 1924/3/123 1922/4/123
f 1923/1/124 1927/2/124 1928/3/124 1924/4/124
f 1927/1/125 1925/2/125 1926/3/125 1928/4/125
f 1925/1/126 1921/2/126 1922/3/126 1926/4/126
f 1923/1/5 1921/2/5 1925/3/5 1927/4/5
f 1928/1/6 1926/2/6 1922/3/6 1924/4/6
f 1929/1/127 1931/2/127 1932/3/127 1930/4/127
f 1931/1/128 1935/2/128 1936/3/128 1932/4/128
f 1935/1/129 1933/2/129 1934/3/129 1936/4/129
f 1933/1/130 1929/2/130 1930/3/130 1934/4/130
f 1931/1/5 1929/2/5 1933/3/5 1935/4/5
f 1936/1/6 1934/2/6 1930/3/6 1932/4/6
f 1937/1/131 1939/2/131 1940/3/131 1938/4/131
f 1939/1/132 1943/2/132 1944/3/132 1940/4/132
f 1943/1/133 1941/2/133 1942/3/133 1944/4/133
f 1941/1/134 1937/2/134 1938/3/134 1942/4/134
f 1939/1/5 1937/2/5 1941/3/5 1943/4/5
f 1944/1/6 1942/2/6 1938/3/6 1940/4/6
f 1945/1/135 1947/2/135 1948/3/135 1946/4/135
f 1947/1/136 1951/2/136 1952/3/136 1948/4/136
f 1951/1/137 1949/2/137 1950/3/137 1952/4/137
f 1949/1/138 1945/2/138 1946/3/138 1950/4/138
f 1947/1/5 1945/2/5 1949/3/5 1951/4/5
f 1952/1/6 1950/2/6 1946/3/6 1948/4/6
f 1953/1/139 1955/2/139 1956/3/139 1954/4/139
f 1955/1/140 1959/2/140 1960/3/140 1956/4/140
f 1959/1/141 1957/2/141 1958/3/141 1960/4/141
f 1957/1/142 1953/2/142 1954/3/142 1958/4/142
f 1955/1/5 1953/2/5 1957/3/5 1959/4/5
f 1960/1/6 1958/2/6 1954/3/6 1956/4/6
f 1961/1/143 1963/2/143 1964/3/143 1962/4/143
f 1963/1/144 1967/2/144 1968/3/144 1964/4/144
f 1967/1/145 1965/2/145 1966/3/145 1968/4/145
f 1965/1/146 1961/2/146 1962/3/146 1966/4/146
f 1963/1/5 1961/2/5 1965/3/5 1967/4/5
f 1968/1/6 1966/2/6 1962/3/6 1964/4/6
f 1969/1/147 1971/2/147 1972/3/147 1970/4/147
f 1971/1/148 1975/2/148 1976/3/148 1972/4/148
f 1975/1/149 1973/2/149 1974/3/149 1976/4/149
f 1973/1/150 1969/2/150 1970/3/150 1974/4/150
f 1971/1/5 1969/2/5 1973/3/5 1975/4/5
f 1976/1/6 1974/2/6 1970/3/6 1972/4/6
f 1977/1/151 1979/2/151 1980/3/151 1978/4/151
f 1979/1/152 1983/2/152 1984/3/152 1980/4/152
f 1983/1/153 1981/2/153 1982/3/153 1984/4/153
f 1981/1/154 1977/2/154 1978/3/154 1982/4/154
f 1979/1/5 1977/2/5 1981/3/5 1983/4/5
f 1984/1/6 1982/2/6 1978/3/6 1980/4/6
f 1985/1/155 1987/2/155 1988/3/155 1986/4/155
f 1987/1/156 1991/2/156 1992/3/156 1988/4/156
f 1991/1/157 1989/2/157 1990/3/157 1992/4/157
f 1989/1/158 1985/2/158 1986/3/158 1990/4/158
f 1987/1/5 1985/2/5 1989/3/5 1991/4/5
f 1992/1/6 1990/2/6 1986/3/6 1988/4/6
f 1993/1/159 1995/2/159 1996/3/159 1994/4/159
f 1995/1/160 1999/2/160 2000/3/160 1996/4/160
f 1999/1/161 1997/2/161 1998/3/161 2000/4/161
f 1997/1/162 1993/2/162 1994/3/162 1998/4/162
f 1995/1/5 1993/2/5 1997/3/5 1999/4/5
f 2000/1/6 1998/2/6 1994/3/6 1996/4/6
f 2001/1/163 2003/2/163 2004/3/163 2002/4/163
f 2003/1/164 2007/2/164 2008/3/164 2004/4/164
f 2007/1/165 2005/2/165 2006/3/165 2008/4/165
f 2005/1/166 2001/2/166 2002/3/166 2006/4/166
f 2003/1/5 2001/2/5 2005/3/5 2007/4/5
f 2008/1/6 2006/2/6 2002/3/6 2004/4/6
f 2009/1/167 2011/2/167 2012/3/167 2010/4/167
f 2011/1/168 2015/2/168 2016/3/168 2012/4/168
f 2015/1/169 2013/2/169 2014/3/169 2016/4/169
f 2013/1/170 2009/2/170 2010/3/170 2014/4/170
f 2011/1/5 2009/2/5 2013/3/5 2015/4/5
f 2016/1/6 2014/2/6 2010/3/6 2012/4/6
f 2017/1/171 2019/2/171 2020/3/171 2018/4/171
f 2019/1/172 2023/2/172 2024/3/172 2020/4/172
f 2023/1/173 2021/2/173 2022/3/173 2024/4/173
f 2021/1/174 2017/2/174 2018/3/174 2022/4/174
f 2019/1/5 2017/2/5 2021/3/5 2023/4/5
f 2024/1/6 2022/2/6 2018/3/6 2020/4/6
f 2025/1/175 2027/2/175 2028/3/175 2026/4/175
f 2027/1/176 2031/2/176 2032/3/176 2028/4/176
f 2031/1/177 2029/2/177 2030/3/177 2032/4/177
f 2029/1/178 2025/2/178 2026/3/178 2030/4/178
f 2027/1/5 2025/2/5 2029/3/5 2031/4/5
f 2032/1/6 2030/2/6 2026/3/6 2028/4/6
f 2033/1/179 2035/2/179 2036/3/179 2034/4/179
f 2035/1/180 2039/2/180 2040/3/180 2036/4/180
f 2039/1/181 2037/2/181 2038/3/181 2040/4/181
f 2037/1/182 2033/2/182 2034/3/182 2038/4/182
f 2035/1/5 2033/2/5 2037/3/5 2039/4/5
f 2040/1/6 2038/2/6 2034/3/6 2036/4/6
f 2041/1/183 2043/2/183 2044/3/183 2042/4/183
f 2043/1/184 2047/2/184 2048/3/184 2044/4/184
f 2047/1/185 2045/2/185 2046/3/185 2048/4/185
f 2045/1/186 2041/2/186 2042/3/186 2046/4/186
f 2043/1/5 2041/2/5 2045/3/5 2047/4/5
f 2048/1/6 2046/2/6 2042/3/6 2044/4/6
f 2049/1/187 2051/2/187 2052/3/187 2050/4/187
f 2051/1/188 2055/2/188 2056/3/188 2052/4/188
f 2055/1/189 2053/2/189 2054/3/189 2056/4/189
f 2053/1/190 2049/2/190 2050/3/190 2054/4/190
f 2051/1/5 2049/2/5 2053/3/5 2055/4/5
f 2056/1/6 2054/2/6 2050/3/6 2052/4/6
f 2057/1/191 2059/2/191 2060/3/191 2058/4/191
f 2059/1/192 2063/2/192 2064/3/192 2060/4/192
f 2063/1/193 2061/2/193 2062/3/193 2064/4/193
f 2061/1/194 2057/2/194 2058/3/194 2062/4/194
f 2059/1/5 2057/2/5 2061/3/5 2063/4/5
f 2064/1/6 2062/2/6 2058/3/6 2060/4/6
f 2065/1/195 2067/2/195 2068/3/195 2066/4/195
f 2067/1/196 2071/2/196 2072/3/196 2068/4/196
f 2071/1/197 2069/2/197 2070/3/197 2072/4/197
f 2069/1/198 2065/2/198 2066/3/198 2070/4/198
f 2067/1/5 2065/2/5 2069/3/5 2071/4/5
f 2072/1/6 2070/2/6 2066/3/6 2068/4/6
f 2073/1/199 2075/2/199 2076/3/199 2074/4/199
f 2075/1/200 2079/2/200 2080/3/200 2076/4/200
f 2079/1/201 2077/2/201 2078/3/201 2080/4/201
f 2077/1/202 2073/2/202 2074/3/202 2078/4/202
f 2075/1/5 2073/2/5 2077/3/5 2079/4/5
f 2080/1/6 2078/2/6 2074/3/6 2076/4/6
f 2081/1/203 2083/2/203 2084/3/203 2082/4/203
f 2083/1/204 2087/2/204 2088/3/204 2084/4/204
f 2087/1/205 2085/2/205 2086/3/205 2088/4/205
f 2085/1/206 2081/2/206 2082/3/206 2086/4/206
f 2083/1/5 2081/2/5 2085/3/5 2087/4/5
f 2088/1/6 2086/2/6 2082/3/6 2084/4/6
f 2089/1/207 2091/2/207 2092/3/207 2090/4/207
f 2091/1/208 2095/2/208 2096/3/208 2092/4/208
f 2095/1/209 2093/2/209 2094/3/209 2096/4/209
f 2093/1/210 2089/2/210 2090/3/210 2094/4/210
f 2091/1/5 2089/2/5 2093/3/5 2095/4/5
f 2096/1/6 2094/2/6 2090/3/6 2092/4/6
f 2097/1/211 2099/2/211 2100/3/211 2098/4/211
f 2099/1/212 2103/2/212 2104/3/212 2100/4/212
f 2103/1/213 2101/2/213 2102/3/213 2104/4/213
f 2101/1/214 2097/2/214 2098/3/214 2102/4/214
f 2099/1/5 2097/2/5 2101/3/5 2103/4/5
f 2104/1/6 2102/2/6 2098/3/6 2100/4/6
f 2105/1/215 2107/2/215 2108/3/215 2106/4/215
f 2107/1/216 2111/2/216 2112/3/216 2108/4/216
f 2111/1/217 2109/2/217 2110/3/217 2112/4/217
f 2109/1/218 2105/2/218 2106/3/218 2110/4/218
f 2107/1/5 2105/2/5 2109/3/5 2111/4/5
f 2112/1/6 2110/2/6 2106/3/6 2108/4/6
f 2113/1/219 2115/2/219 2116/3/219 2114/4/219
f 2115/1/220 2119/2/220 2120/3/220 2116/4/220
f 2119/1/221 2117/2/221 2118/3/221 2120/4/221
f 2117/1/222 2113/2/222 2114/3/222 2118/4/222
f 2115/1/5 2113/2/5 2117/3/5 2119/4/5
f 2120/1/6 2118/2/6 2114/3/6 2116/4/6
f 2121/1/223 2123/2/223 2124/3/223 2122/4/223
f 2123/1/224 2127/2/224 2128/3/224 2124/4/224
f 2127/1/225 2125/2/225 2126/3/225 2128/4/225
f 2125/1/226 2121/2/226 2122/3/226 2126/4/226
f 2123/1/5 2121/2/5 2125/3/5 2127/4/5
f 2128/1/6 2126/2/6 2122/3/6 2124/4/6
f 2129/1/227 2131/2/227 2132/3/227 2130/4/227
f 2131/1/228 2135/2/228 2136/3/228 2132/4/228
f 2135/1/229 2133/2/229 2134/3/229 2136/4/229
f 2133/1/230 2129/2/230 2130/3/230 2134/4/230
f 2131/1/5 2129/2/5 2133/3/5 2135/4/5
f 2136/1/6 2134/2/6 2130/3/6 2132/4/6
f 2137/1/231 2139/2/231 2140/3/231 2138/4/231
f 2139/1/232 2143/2/232 2144/3/232 2140/4/232
f 2143/1/233 2141/2/233 2142/3/233 2144/4/233
f 2141/1/234 2137/2/234 2138/3/234 2142/4/234
f 2139/1/5 2137/2/5 2141/3/5 2143/4/5
f 2144/1/6 2142/2/6 2138/3/6 2140/4/6
f 2145/1/235 2147/2/235 2148/3/235 2146/4/235
f 2147/1/236 2151/2/236 2152/3/236 2148/4/236
f 2151/1/237 2149/2/237 2150/3/237 2152/4/237
f 2149/1/238 2145/2/238 2146/3/238 2150/4/238
f 2147/1/5 2145/2/5 2149/3/5 2151/4/5
f 2152/1/6 2150/2/6 2146/3/6 2148/4/6
f 2153/1/239 2155/2/239 2156/3/239 2154/4/239
f 2155/1/240 2159/2/240 2160/3/240 2156/4/240
f 2159/1/241 2157/2/241 2158/3/241 2160/4/241
f 2157/1/242 2153/2/242 2154/3/242 2158/4/242
f 2155/1/5 2153/2/5 2157/3/5 2159/4/5
f 2160/1/6 2158/2/6 2154/3/6 2156/4/6
f 2161/1/243 2163/2/243 2164/3/243 2162/4/243
f 2163/1/244 2167/2/244 2168/3/244 2164/4/244
f 2167/1/245 2165/2/245 2166/3/245 2168/4/245
f 2165/1/246 2161/2/246 2162/3/246 2166/4/246
f 2163/1/5 2161/2/5 2165/3/5 2167/4/5
f 2168/1/6 2166/2/6 2162/3/6 2164/4/6
f 2169/1/247 2171/2/247 2172/3/247 2170/4/247
f 2171/1/248 2175/2/248 2176/3/248 2172/4/248
f 2175/1/249 2173/2/249 2174/3/249 2176/4/249
f 2173/1/250 2169/2/250 2170/3/250 2174/4/250
f 2171/1/5 2169/2/5 2173/3/5 2175/4/5
f 2176/1/6 2174/2/6 2170/3/6 2172/4/6
f 2177/1/251 2179/2/251 2180/3/251 2178/4/251
f 2179/1/252 2183/2/252 2184/3/252 2180/4/252
f 2183/1/253 2181/2/253 2182/3/253 2184/4/253
f 2181/1/254 2177/2/254 2178/3/254 2182/4/254
f 2179/1/5 2177/2/5 2181/3/5 2183/4/5
f 2184/1/6 2182/2/6 2178/3/6 2180/4/6
f 2185/1/255 2187/2/255 2188/3/255 2186/4/255
f 2187/1/256 2191/2/256 2192/3/256 2188/4/256
f 2191/1/257 2189/2/257 2190/3/257 2192/4/257
f 2189/1/258 2185/2/258 2186/3/258 2190/4/258
f 2187/1/5 2185/2/5 2189/3/5 2191/4/5
f 2192/1/6 2190/2/6 2186/3/6 2188/4/6
f 2193/1/259 2195/2/259 2196/3/259 2194/4/259
f 2195/1/260 2199/2/260 2200/3/260 2196/4/260
f 2199/1/261 2197/2/261 2198/3/261 2200/4/261
f 2197/1/262 2193/2/262 2194/3/262 2198/4/262
f 2195/1/5 2193/2/5 2197/3/5 2199/4/5
f 2200/1/6 2198/2/6 2194/3/6 2196/4/6
f 2201/1/263 2203/2/263 2204/3/263 2202/4/263
f 2203/1/264 2207/2/264 2208/3/264 2204/4/264
f 2207/1/265 2205/2/265 2206/3/265 2208/4/265
f 2205/1/266 2201/2/266 2202/3/266 2206/4/266
f 2203/1/5 2201/2/5 2205/3/5 2207/4/5
f 2208/1/6 2206/2/6 2202/3/6 2204/4/6
f 2209/1/267 2211/2/267 2212/3/267 2210/4/267
f 2211/1/268 2215/2/268 2216/3/268 2212/4/268
f 2215/1/269 2213/2/269 2214/3/269 2216/4/269
f 2213/1/270 2209/2/270 2210/3/270 2214/4/270
f 2211/1/5 2209/2/5 2213/3/5 2215/4/5
f 2216/1/6 2214/2/6 2210/3/6 2212/4/6
f 2217/1/271 2219/2/271 2220/3/271 2218/4/271
f 2219/1/272 2223/2/272 2224/3/272 2220/4/272
f 2223/1/273 2221/2/273 2222/3/273 2224/4/273
f 2221/1/274 2217/2/274 2218/3/274 2222/4/274
f 2219/1/5 2217/2/5 2221/3/5 2223/4/5
f 2224/1/6 2222/2/6 2218/3/6 2220/4/6
f 2225/1/275 2227/2/275 2228/3/275 2226/4/275
f 2227/1/276 2231/2/276 2232/3/276 2228/4/276
f 2231/1/277 2229/2/277 2230/3/277 2232/4/277
f 2229/1/278 2225/2/278 2226/3/278 2230/4/278
f 2227/1/5 2225/2/5 2229/3/5 2231/4/5
f 2232/1/6 2230/2/6 2226/3/6 2228/4/6
f 2233/1/279 2235/2/279 2236/3/279 2234/4/279
f 2235/1/280 2239/2/280 2240/3/280 2236/4/280
f 2239/1/281 2237/2/281 2238/3/281 2240/4/281
f 2237/1/282 2233/2/282 2234/3/282 2238/4/282
f 2235/1/5 2233/2/5 2237/3/5 2239/4/5
f 2240/1/6 2238/2/6 2234/3/6 2236/4/6
f 2241/1/283 2243/2/283 2244/3/283 2242/4/283
f 2243/1/284 2247/2/284 2248/3/284 2244/4/284
f 2247/1/285 2245/2/285 2246/3/285 2248/4/285
f 2245/1/286 2241/2/286 2242/3/286 2246/4/286
f 2243/1/5 2241/2/5 2245/3/5 2247/4/5
f 2248/1/6 2246/2/6 2242/3/6 2244/4/6
f 2249/1/287 2251/2/287 2252/3/287 2250/4/287
f 2251/1/288 2255/2/288 2256/3/288 2252/4/288
f 2255/1/289 2253/2/289 2254/3/289 2256/4/289
f 2253/1/290 2249/2/290 2250/3/290 2254/4/290
f 2251/1/5 2249/2/5 2253/3/5 2255/4/5
f 2256/1/6 2254/2/6 2250/3/6 2252/4/6
f 2257/1/291 2259/2/291 2260/3/291 2258/4/291
f 2259/1/292 2263/2/292 2264/3/292 2260/4/292
f 2263/1/293 2261/2/293 2262/3/293 2264/4/293
f 2261/1/294 2257/2/294 2258/3/294 2262/4/294
f 2259/1/5 2257/2/5 2261/3/5 2263/4/5
f 2264/1/6 2262/2/6 2258/3/6 2260/4/6
f 2265/1/295 2267/2/295 2268/3/295 2266/4/295
f 2267/1/296 2271/2/296 2272/3/296 2268/4/296
f 2271/1/297 2269/2/297 2270/3/297 2272/4/297
f 2269/1/298 2265/2/298 2266/3/298 2270/4/298
f 2267/1/5 2265/2/5 2269/3/5 2271/4/5
f 2272/1/6 2270/2/6 2266/3/6 2268/4/6
f 2273/1/299 2275/2/299 2276/3/299 2274/4/299
f 2275/1/300 2279/2/300 2280/3/300 2276/4/300
f 2279/1/301 2277/2/301 2278/3/301 2280/4/301
f 2277/1/302 2273/2/302 2274/3/302 2278/4/302
f 2275/1/5 2273/2/5 2277/3/5 2279/4/5
f 2280/1/6 2278/2/6 2274/3/6 2276/4/6
f 2281/1/303 2283/2/303 2284/3/303 2282/4/303
f 2283/1/304 2287/2/304 2288/3/304 2284/4/304
f 2287/1/305 2285/2/305 2286/3/305 2288/4/305
f 2285/1/306 2281/2/306 2282/3/306 2286/4/306
f 2283/1/5 2281/2/5 2285/3/5 2287/4/5
f 2288/1/6 2286/2/6 2282/3/6 2284/4/6
f 2289/1/307 2291/2/307 2292/3/307 2290/4/307
f 2291/1/308 2295/2/308 2296/3/308 2292/4/308
f 2295/1/309 2293/2/309 2294/3/309 2296/4/309
f 2293/1/310 2289/2/310 2290/3/310 2294/4/310
f 2291/1/5 2289/2/5 2293/3/5 2295/4/5
f 2296/1/6 2294/2/6 2290/3/6 2292/4/6
f 2297/1/311 2299/2/311 2300/3/311 2298/4/311
f 2299/1/312 2303/2/312 2304/3/312 2300/4/312
f 2303/1/313 2301/2/313 2302/3/313 2304/4/313
f 2301/1/314 2297/2/314 2298/3/314 2302/4/314
f 2299/1/5 2297/2/5 2301/3/5 2303/4/5
f 2304/1/6 2302/2/6 2298/3/6 2300/4/6
f 2305/1/315 2307/2/315 2308/3/315 2306/4/315
f 2307/1/316 2311/2/316 2312/3/316 2308/4/316
f 2311/1/317 2309/2/317 2310/3/317 2312/4/317
f 2309/1/318 2305/2/318 2306/3/318 2310/4/318
f 2307/1/5 2305/2/5 2309/3/5 2311/4/5
f 2312/1/6 2310/2/6 2306/3/6 2308/4/6
f 2313/1/319 2315/2/319 2316/3/319 2314/4/319
f 2315/1/320 2319/2/320 2320/3/320 2316/4/320
f 2319/1/321 2317/2/321 2318/3/321 2320/4/321
f 2317/1/322 2313/2/322 2314/3/322 2318/4/322
f 2315/1/5 2313/2/5 2317/3/5 2319/4/5
f 2320/1/6 2318/2/6 2314/3/6 2316/4/6
f 2321/1/323 2323/2/323 2324/3/323 2322/4/323
f 2323/1/324 2327/2/324 2328/3/324 2324/4/324
f 2327/1/325 2325/2/325 2326/3/325 2328/4/325
f 2325/1/326 2321/2/326 2322/3/326 2326/4/326
f 2323/1/5 2321/2/5 2325/3/5 2327/4/5
f 2328/1/6 2326/2/6 2322/3/6 2324/4/6
f 2329/1/327 2331/2/327 2332/3/327 2330/4/327
f 2331/1/328 2335/2/328 2336/3/328 2332/4/328
f 2335/1/329 2333/2/329 2334/3/329 2336/4/329
f 2333/1/330 2329/2/330 2330/3/330 2334/4/330
f 2331/1/5 2329/2/5 2333/3/5 2335/4/5
f 2336/1/6 2334/2/6 2330/3/6 2332/4/6
f 2337/1/331 2339/2/331 2340/3/331 2338/4/331
f 2339/1/332 2343/2/332 2344/3/332 2340/4/332
f 2343/1/333 2341/2/333 2342/3/333 2344/4/333
f 2341/1/334 2337/2/334 2338/3/334 2342/4/334
f 2339/1/5 2337/2/5 2341/3/5 2343/4/5
f 2344/1/6 2342/2/6 2338/3/6 2340/4/6
f 2345/1/335 2347/2/335 2348/3/335 2346/4/335
f 2347/1/336 2351/2/336 2352/3/336 2348/4/336
f 2351/1/337 2349/2/337 2350/3/337 2352/4/337
f 2349/1/338 2345/2/338 2346/3/338 2350/4/338
f 2347/1/5 2345/2/5 2349/3/5 2351/4/5
f 2352/1/6 2350/2/6 2346/3/6 2348/4/6
f 2353/1/339 2355/2/339 2356/3/339 2354/4/339
f 2355/1/340 2359/2/340 2360/3/340 2356/4/340
f 2359/1/341 2357/2/341 2358/3/341 2360/4/341
f 2357/1/342 2353/2/342 2354/3/342 2358/4/342
f 2355/1/5 2353/2/5 2357/3/5 2359/4/5
f 2360/1/6 2358/2/6 2354/3/6 2356/4/6
f 2361/1/343 2363/2/343 2364/3/343 2362/4/343
f 2363/1/344 2367/2/344 2368/3/344 2364/4/344
f 2367/1/345 2365/2/345 2366/3/345 2368/4/345
f 2365/1/346 2361/2/346 2362/3/346 2366/4/346
f 2363/1/5 2361/2/5 2365/3/5 2367/4/5
f 2368/1/6 2366/2/6 2362/3/6 2364/4/6
f 2369/1/347 2371/2/347 2372/3/347 2370/4/347
f 2371/1/348 2375/2/348 2376/3/348 2372/4/348
f 2375/1/349 2373/2/349 2374/3/349 2376/4/349
f 2373/1/350 2369/2/350 2370/3/350 2374/4/350
f 2371/1/5 2369/2/5 2373/3/5 2375/4/5
f 2376/1/6 2374/2/6 2370/3/6 2372/4/6
f 2377/1/351 2379/2/351 2380/3/351 2378/4/351
f 2379/1/352 2383/2/352 2384/3/352 2380/4/352
f 2383/1/353 2381/2/353 2382/3/353 2384/4/353
f 2381/1/354 2377/2/354 2378/3/354 2382/4/354
f 2379/1/5 2377/2/5 2381/3/5 2383/4/5
f 2384/1/6 2382/2/6 2378/3/6 2380/4/6
f 2385/1/355 2387/2/355 2388/3/355 2386/4/355
f 2387/1/356 2391/2/356 2392/3/356 2388/4/356
f 2391/1/357 2389/2/357 2390/3/357 2392/4/357
f 2389/1/358 2385/2/358 2386/3/358 2390/4/358
f 2387/1/5 2385/2/5 2389/3/5 2391/4/5
f 2392/1/6 2390/2/6 2386/3/6 2388/4/6
f 2393/1/359 2395/2/359 2396/3/359 2394/4/359
f 2395/1/360 2399/2/360 2400/3/360 2396/4/360
f 2399/1/361 2397/2/361 2398/3/361 2400/4/361
f 2397/1/362 2393/2/362 2394/3/362 2398/4/362
f 2395/1/5 2393/2/5 2397/3/5 2399/4/5
f 2400/1/6 2398/2/6 2394/3/6 2396/4/6
f 2401/1/363 2403/2/363 2404/3/363 2402/4/363
f 2403/1/364 2407/2/364 2408/3/364 2404/4/364
f 2407/1/365 2405/2/365 2406/3/365 2408/4/365
f 2405/1/366 2401/2/366 2402/3/366 2406/4/366
f 2403/1/5 2401/2/5 2405/3/5 2407/4/5
f 2408/1/6 2406/2/6 2402/3/6 2404/4/6
f 2409/1/367 2411/2/367 2412/3/367 2410/4/367
f 2411/1/368 2415/2/368 2416/3/368 2412/4/368
f 2415/1/369 2413/2/369 2414/3/369 2416/4/369
f 2413/1/370 2409/2/370 2410/3/370 2414/4/370
f 2411/1/5 2409/2/5 2413/3/5 2415/4/5
f 2416/1/6 2414/2/6 2410/3/6 2412/4/6
f 2417/1/371 2419/2/371 2420/3/371 2418/4/371
f 2419/1/372 2423/2/372 2424/3/372 2420/4/372
f 2423/1/373 2421/2/373 2422/3/373 2424/4/373
f 2421/1/374 2417/2/374 2418/3/374 2422/4/374
f 2419/1/5 2417/2/5 2421/3/5 2423/4/5
f 2424/1/6 2422/2/6 2418/3/6 2420/4/6
f 2425/1/375 2427/2/375 2428/3/375 2426/4/375
f 2427/1/376 2431/2/376 2432/3/376 2428/4/376
f 2431/1/377 2429/2/377 2430/3/377 2432/4/377
f 2429/1/378 2425/2/378 2426/3/378 2430/4/378
f 2427/1/5 2425/2/5 2429/3/5 2431/4/5
f 2432/1/6 2430/2/6 2426/3/6 2428/4/6
f 2433/1/379 2435/2/379 2436/3/379 2434/4/379
f 2435/1/380 2439/2/380 2440/3/380 2436/4/380
f 2439/1/381 2437/2/381 2438/3/381 2440/4/381
f 2437/1/382 2433/2/382 2434/3/382 2438/4/382
f 2435/1/5 2433/2/5 2437/3/5 2439/4/5
f 2440/1/6 2438/2/6 2434/3/6 2436/4/6
f 2441/1/383 2443/2/383 2444/3/383 2442/4/383
f 2443/1/384 2447/2/384 2448/3/384 2444/4/384
f 2447/1/385 2445/2/385 2446/3/385 2448/4/385
f 2445/1/386 2441/2/386 2442/3/386 2446/4/386
f 2443/1/5 2441/2/5 2445/3/5 2447/4/5
f 2448/1/6 2446/2/6 2442/3/6 2444/4/6
f 2449/1/387 2451/2/387 2452/3/387 2450/4/387
f 2451/1/388 2455/2/388 2456/3/388 2452/4/388
f 2455/1/389 2453/2/389 2454/3/389 2456/4/389
f 2453/1/390 2449/2/390 2450/3/390 2454/4/390
f 2451/1/5 2449/2/5 2453/3/5 2455/4/5
f 2456/1/6 2454/2/6 2450/3/6 2452/4/6
f 2457/1/391 2459/2/391 2460/3/391 2458/4/391
f 2459/1/392 2463/2/392 2464/3/392 2460/4/392
f 2463/1/393 2461/2/393 2462/3/393 2464/4/393
f 2461/1/394 2457/2/394 2458/3/394 2462/4/394
f 2459/1/5 2457/2/5 2461/3/5 2463/4/5
f 2464/1/6 2462/2/6 2458/3/6 2460/4/6
f 2465/1/395 2467/2/395 2468/3/395 2466/4/395
f 2467/1/396 2471/2/396 2472/3/396 2468/4/396
f 2471/1/397 2469/2/397 2470/3/397 2472/4/397
f 2469/1/398 2465/2/398 2466/3/398 2470/4/398
f 2467/1/5 2465/2/5 2469/3/5 2471/4/5
f 2472/1/6 2470/2/6 2466/3/6 2468/4/6
f 2473/1/399 2475/2/399 2476/3/399 2474/4/399
f 2475/1/400 2479/2/400 2480/3/400 2476/4/400
f 2479/1/401 2477/2/401 2478/3/401 2480/4/401
f 2477/1/402 2473/2/402 2474/3/402 2478/4/402
f 2475/1/5 2473/2/5 2477/3/5 2479/4/5
f 2480/1/6 2478/2/6 2474/3/6 2476/4/6
f 2481/1/403 2483/2/403 2484/3/403 2482/4/403
f 2483/1/404 2487/2/404 2488/3/404 2484/4/404
f 2487/1/405 2485/2/405 2486/3/405 2488/4/405
f 2485/1/406 2481/2/406 2482/3/406 2486/4/406
f 2483/1/5 2481/2/5 2485/3/5 2487/4/5
f 2488/1/6 2486/2/6 2482/3/6 2484/4/6
f 2489/1/407 2491/2/407 2492/3/407 2490/4/407
f 2491/1/408 2495/2/408 2496/3/408 2492/4/408
f 2495/1/409 2493/2/409 2494/3/409 2496/4/409
f 2493/1/410 2489/2/410 2490/3/410 2494/4/410
f 2491/1/5 2489/2/5 2493/3/5 2495/4/5
f 2496/1/6 2494/2/6 2490/3/6 2492/4/6
f 2497/1/411 2499/2/411 2500/3/411 2498/4/411
f 2499/1/412 2503/2/412 2504/3/412 2500/4/412
f 2503/1/413 2501/2/413 2502/3/413 2504/4/413
f 2501/1/414 2497/2/414 2498/3/414 2502/4/414
f 2499/1/5 2497/2/5 2501/3/5 2503/4/5
f 2504/1/6 2502/2/6 2498/3/6 2500/4/6
f 2505/1/415 2507/2/415 2508/3/415 2506/4/415
f 2507/1/416 2511/2/416 2512/3/416 2508/4/416
f 2511/1/417 2509/2/417 2510/3/417 2512/4/417
f 2509/1/418 2505/2/418 2506/3/418 2510/4/418
f 2507/1/5 2505/2/5 2509/3/5 2511/4/5
f 2512/1/6 2510/2/6 2506/3/6 2508/4/6
f 2513/1/419 2515/2/419 2516/3/419 2514/4/419
f 2515/1/420 2519/2/420 2520/3/420 2516/4/420
f 2519/1/421 2517/2/421 2518/3/421 2520/4/421
f 2517/1/422 2513/2/422 2514/3/422 2518/4/422
f 2515/1/5 2513/2/5 2517/3/5 2519/4/5
f 2520/1/6 2518/2/6 2514/3/6 2516/4/6
f 2521/1/423 2523/2/423 2524/3/423 2522/4/423
f 2523/1/424 2527/2/424 2528/3/424 2524/4/424
f 2527/1/425 2525/2/425 2526/3/425 2528/4/425
f 2525/1/426 2521/2/426 2522/3/426 2526/4/426
f 2523/1/5 2521/2/5 2525/3/5 2527/4/5
f 2528/1/6 2526/2/6 2522/3/6 2524/4/6
f 2529/1/427 2531/2/427 2532/3/427 2530/4/427
f 2531/1/428 2535/2/428 2536/3/428 2532/4/428
f 2535/1/429 2533/2/429 2534/3/429 2536/4/429
f 2533/1/430 2529/2/430 2530/3/430 2534/4/430
f 2531/1/5 2529/2/5 2533/3/5 2535/4/5
f 2536/1/6 2534/2/6 2530/3/6 2532/4/6
f 2537/1/431 2539/2/431 2540/3/431 2538/4/431
f 2539/1/432 2543/2/432 2544/3/432 2540/4/432
f 2543/1/433 2541/2/433 2542/3/433 2544/4/433
f 2541/1/434 2537/2/434 2538/3/434 2542/4/434
f 2539/1/5 2537/2/5 2541/3/5 2543/4/5
f 2544/1/6 2542/2/6 2538/3/6 2540/4/6
f 2545/1/435 2547/2/435 2548/3/435 2546/4/435
f 2547/1/436 2551/2/436 2552/3/436 2548/4/436
f 2551/1/437 2549/2/437 2550/3/437 2552/4/437
f 2549/1/438 2545/2/438 2546/3/438 2550/4/438
f 2547/1/5 2545/2/5 2549/3/5 2551/4/5
f 2552/1/6 2550/2/6 2546/3/6 2548/4/6
f 2553/1/439 2555/2/439 2556/3/439 2554/4/439
f 2555/1/440 2559/2/440 2560/3/440 2556/4/440
f 2559/1/441 2557/2/441 2558/3/441 2560/4/441
f 2557/1/442 2553/2/442 2554/3/442 2558/4/442
f 2555/1/5 2553/2/5 2557/3/5 2559/4/5
f 2560/1/6 2558/2/6 2554/3/6 2556/4/6
f 2561/1/443 2563/2/443 2564/3/443 2562/4/443
f 2563/1/444 2567/2/444 2568/3/444 2564/4/444
f 2567/1/445 2565/2/445 2566/3/445 2568/4/445
f 2565/1/446 2561/2/446 2562/3/446 2566/4/446
f 2563/1/5 2561/2/5 2565/3/5 2567/4/5
f 2568/1/6 2566/2/6 2562/3/6 2564/4/6
f 2569/1/447 2571/2/447 2572/3/447 2570/4/447
f 2571/1/448 2575/2/448 2576/3/448 2572/4/448
f 2575/1/449 2573/2/449 2574/3/449 2576/4/449
f 2573/1/450 2569/2/450 2570/3/450 2574/4/450
f 2571/1/5 2569/2/5 2573/3/5 2575/4/5
f 2576/1/6 2574/2/6 2570/3/6 2572/4/6
f 2577/1/451 2579/2/451 2580/3/451 2578/4/451
f 2579/1/452 2583/2/452 2584/3/452 2580/4/452
f 2583/1/453 2581/2/453 2582/3/453 2584/4/453
f 2581/1/454 2577/2/454 2578/3/454 2582/4/454
f 2579/1/5 2577/2/5 2581/3/5 2583/4/5
f 2584/1/6 2582/2/6 2578/3/6 2580/4/6
f 2585/1/455 2587/2/455 2588/3/455 2586/4/455
f 2587/1/456 2591/2/456 2592/3/456 2588/4/456
f 2591/1/457 2589/2/457 2590/3/457 2592/4/457
f 2589/1/458 2585/2/458 2586/3/458 2590/4/458
f 2587/1/5 2585/2/5 2589/3/5 2591/4/5
f 2592/1/6 2590/2/6 2586/3/6 2588/4/6
f 2593/1/459 2595/2/459 2596/3/459 2594/4/459
f 2595/1/460 2599/2/460 2600/3/460 2596/4/460
f 2599/1/461 2597/2/461 2598/3/461 2600/4/461
f 2597/1/462 2593/2/462 2594/3/462 2598/4/462
f 2595/1/5 2593/2/5 2597/3/5 2599/4/5
f 2600/1/6 2598/2/6 2594/3/6 2596/4/6
f 2601/1/463 2603/2/463 2604/3/463 2602/4/463
f 2603/1/464 2607/2/464 2608/3/464 2604/4/464
f 2607/1/465 2605/2/465 2606/3/465 2608/4/465
f 2605/1/466 2601/2/466 2602/3/466 2606/4/466
f 2603/1/5 2601/2/5 2605/3/5 2607/4/5
f 2608/1/6 2606/2/6 2602/3/6 2604/4/6
f 2609/1/467 2611/2/467 2612/3/467 2610/4/467
f 2611/1/468 2615/2/468 2616/3/468 2612/4/468
f 2615/1/469 2613/2/469 2614/3/469 2616/4/469
f 2613/1/470 2609/2/470 2610/3/470 2614/4/470
f 2611/1/5 2609/2/5 2613/3/5 2615/4/5
f 2616/1/6 2614/2/6 2610/3/6 2612/4/6
f 2617/1/471 2619/2/471 2620/3/471 2618/4/471
f 2619/1/472 2623/2/472 2624/3/472 2620/4/472
f 2623/1/473 2621/2/473 2622/3/473 2624/4/473
f 2621/1/474 2617/2/474 2618/3/474 2622/4/474
f 2619/1/5 2617/2/5 2621/3/5 2623/4/5
f 2624/1/6 2622/2/6 2618/3/6 2620/4/6
f 2625/1/475 2627/2/475 2628/3/475 2626/4/475
f 2627/1/476 2631/2/476 2632/3/476 2628/4/476
f 2631/1/477 2629/2/477 2630/3/477 2632/4/477
f 2629/1/478 2625/2/478 2626/3/478 2630/4/478
f 2627/1/5 2625/2/5 2629/3/5 2631/4/5
f 2632/1/6 2630/2/6 2626/3/6 2628/4/6
f 2633/1/479 2635/2/479 2636/3/479 2634/4/479
f 2635/1/480 2639/2/480 2640/3/480 2636/4/480
f 2639/1/481 2637/2/481 2638/3/481 2640/4/481
f 2637/1/482 2633/2/482 2634/3/482 2638/4/482
f 2635/1/5 2633/2/5 2637/3/5 2639/4/5
f 2640/1/6 2638/2/6 2634/3/6 2636/4/6
f 2641/1/483 2643/2/483 2644/3/483 2642/4/483
f 2643/1/484 2647/2/484 2648/3/484 2644/4/484
f 2647/1/485 2645/2/485 2646/3/485 2648/4/485
f 2645/1/486 2641/2/486 2642/3/486 2646/4/486
f 2643/1/5 2641/2/5 2645/3/5 2647/4/5
f 2648/1/6 2646/2/6 2642/3/6 2644/4/6
f 2649/1/487 2651/2/487 2652/3/487 2650/4/487
f 2651/1/488 2655/2/488 2656/3/488 2652/4/488
f 2655/1/489 2653/2/489 2654/3/489 2656/4/489
f 2653/1/490 2649/2/490 2650/3/490 2654/4/490
f 2651/1/5 2649/2/5 2653/3/5 2655/4/5
f 2656/1/6 2654/2/6 2650/3/6 2652/4/6
f 2657/1/491 2659/2/491 2660/3/491 2658/4/491
f 2659/1/492 2663/2/492 2664/3/492 2660/4/492
f 2663/1/493 2661/2/493 2662/3/493 2664/4/493
f 2661/1/494 2657/2/494 2658/3/494 2662/4/494
f 2659/1/5 2657/2/5 2661/3/5 2663/4/5
f 2664/1/6 2662/2/6 2658/3/6 2660/4/6
f 2665/1/495 2667/2/495 2668/3/495 2666/4/495
f 2667/1/496 2671/2/496 2672/3/496 2668/4/496
f 2671/1/497 2669/2/497 2670/3/497 2672/4/497
f 2669/1/498 2665/2/498 2666/3/498 2670/4/498
f 2667/1/5 2665/2/5 2669/3/5 2671/4/5
f 2672/1/6 2670/2/6 2666/3/6 2668/4/6
f 2673/1/499 2675/2/499 2676/3/499 2674/4/499
f 2675/1/500 2679/2/500 2680/3/500 2676/4/500
f 2679/1/501 2677/2/501 2678/3/501 2680/4/501
f 2677/1/502 2673/2/502 2674/3/502 2678/4/502
f 2675/1/5 2673/2/5 2677/3/5 2679/4/5
f 2680/1/6 2678/2/6 2674/3/6 2676/4/6
f 2681/1/503 2683/2/503 2684/3/503 2682/4/503
f 2683/1/504 2687/2/504 2688/3/504 2684/4/504
f 2687/1/505 2685/2/505 2686/3/505 2688/4/505
f 2685/1/506 2681/2/506 2682/3/506 2686/4/506
f 2683/1/5 2681/2/5 2685/3/5 2687/4/5
f 2688/1/6 2686/2/6 2682/3/6 2684/4/6
f 2689/1/507 2691/2/507 2692/3/507 2690/4/507
f 2691/1/508 2695/2/508 2696/3/508 2692/4/508
f 2695/1/509 2693/2/509 2694/3/509 2696/4/509
f 2693/1/510 2689/2/510 2690/3/510 2694/4/510
f 2691/1/5 2689/2/5 2693/3/5 2695/4/5
f 2696/1/6 2694/2/6 2690/3/6 2692/4/6
f 2697/1/511 2699/2/511 2700/3/511 2698/4/511
f 2699/1/512 2703/2/512 2704/3/512 2700/4/512
f 2703/1/513 2701/2/513 2702/3/513 2704/4/513
f 2701/1/514 2697/2/514 2698/3/514 2702/4/514
f 2699/1/5 2697/2/5 2701/3/5 2703/4/5
f 2704/1/6 2702/2/6 2698/3/6 2700/4/6
f 2705/1/515 2707/2/515 2708/3/515 2706/4/515
f 2707/1/516 2711/2/516 2712/3/516 2708/4/516
f 2711/1/517 2709/2/517 2710/3/517 2712/4/517
f 2709/1/518 2705/2/518 2706/3/518 2710/4/518
f 2707/1/5 2705/2/5 2709/3/5 2711/4/5
f 2712/1/6 2710/2/6 2706/3/6 2708/4/6
f 2713/1/519 2715/2/519 2716/3/519 2714/4/519
f 2715/1/138 2719/2/138 2720/3/138 2716/4/138
f 2719/1/520 2717/2/520 2718/3/520 2720/4/520
f 2717/1/521 2713/2/521 2714/3/521 2718/4/521
f 2715/1/5 2713/2/5 2717/3/5 2719/4/5
f 2720/1/6 2718/2/6 2714/3/6 2716/4/6
f 2721/1/522 2723/2/522 2724/3/522 2722/4/522
f 2723/1/523 2727/2/523 2728/3/523 2724/4/523
f 2727/1/524 2725/2/524 2726/3/524 2728/4/524
f 2725/1/525 2721/2/525 2722/3/525 2726/4/525
f 2723/1/5 2721/2/5 2725/3/5 2727/4/5
f 2728/1/6 2726/2/6 2722/3/6 2724/4/6
f 2729/1/526 2731/2/526 2732/3/526 2730/4/526
f 2731/1/527 2735/2/527 2736/3/527 2732/4/527
f 2735/1/528 2733/2/528 2734/3/528 2736/4/528
f 2733/1/529 2729/2/529 2730/3/529 2734/4/529
f 2731/1/5 2729/2/5 2733/3/5 2735/4/5
f 2736/1/6 2734/2/6 2730/3/6 2732/4/6
f 2737/1/530 2739/2/530 2740/3/530 2738/4/530
f 2739/1/531 2743/2/531 2744/3/531 2740/4/531
f 2743/1/532 2741/2/532 2742/3/532 2744/4/532
f 2741/1/533 2737/2/533 2738/3/533 2742/4/533
f 2739/1/5 2737/2/5 2741/3/5 2743/4/5
f 2744/1/6 2742/2/6 2738/3/6 2740/4/6
f 2745/1/534 2747/2/534 2748/3/534 2746/4/534
f 2747/1/535 2751/2/535 2752/3/535 2748/4/535
f 2751/1/536 2749/2/536 2750/3/536 2752/4/536
f 2749/1/537 2745/2/537 2746/3/537 2750/4/537
f 2747/1/5 2745/2/5 2749/3/5 2751/4/5
f 2752/1/6 2750/2/6 2746/3/6 2748/4/6
f 2753/1/538 2755/2/538 2756/3/538 2754/4/538
f 2755/1/539 2759/2/539 2760/3/539 2756/4/539
f 2759/1/540 2757/2/540 2758/3/540 2760/4/540
f 2757/1/541 2753/2/541 2754/3/541 2758/4/541
f 2755/1/5 2753/2/5 2757/3/5 2759/4/5
f 2760/1/6 2758/2/6 2754/3/6 2756/4/6
f 2761/1/542 2763/2/542 2764/3/542 2762/4/542
f 2763/1/543 2767/2/543 2768/3/543 2764/4/543
f 2767/1/544 2765/2/544 2766/3/544 2768/4/544
f 2765/1/545 2761/2/545 2762/3/545 2766/4/545
f 2763/1/5 2761/2/5 2765/3/5 2767/4/5
f 2768/1/6 2766/2/6 2762/3/6 2764/4/6
f 2769/1/546 2771/2/546 2772/3/546 2770/4/546
f 2771/1/547 2775/2/547 2776/3/547 2772/4/547
f 2775/1/548 2773/2/548 2774/3/548 2776/4/548
f 2773/1/549 2769/2/549 2770/3/549 2774/4/549
f 2771/1/5 2769/2/5 2773/3/5 2775/4/5
f 2776/1/6 2774/2/6 2770/3/6 2772/4/6
f 2777/1/550 2779/2/550 2780/3/550 2778/4/550
f 2779/1/551 2783/2/551 2784/3/551 2780/4/551
f 2783/1/552 2781/2/552 2782/3/552 2784/4/552
f 2781/1/553 2777/2/553 2778/3/553 2782/4/553
f 2779/1/5 2777/2/5 2781/3/5 2783/4/5
f 2784/1/6 2782/2/6 2778/3/6 2780/4/6
f 2785/1/554 2787/2/554 2788/3/554 2786/4/554
f 2787/1/555 2791/2/555 2792/3/555 2788/4/555
f 2791/1/556 2789/2/556 2790/3/556 2792/4/556
f 2789/1/557 2785/2/557 2786/3/557 2790/4/557
f 2787/1/5 2785/2/5 2789/3/5 2791/4/5
f 2792/1/6 2790/2/6 2786/3/6 2788/4/6
f 2793/1/558 2795/2/558 2796/3/558 2794/4/558
f 2795/1/559 2799/2/559 2800/3/559 2796/4/559
f 2799/1/560 2797/2/560 2798/3/560 2800/4/560
f 2797/1/561 2793/2/561 2794/3/561 2798/4/561
f 2795/1/5 2793/2/5 2797/3/5 2799/4/5
f 2800/1/6 2798/2/6 2794/3/6 2796/4/6
f 2801/1/562 2803/2/562 2804/3/562 2802/4/562
f 2803/1/563 2807/2/563 2808/3/563 2804/4/563
f 2807/1/564 2805/2/564 2806/3/564 2808/4/564
f 2805/1/565 2801/2/565 2802/3/565 2806/4/565
f 2803/1/5 2801/2/5 2805/3/5 2807/4/5
f 2808/1/6 2806/2/6 2802/3/6 2804/4/6
f 2809/1/566 2811/2/566 2812/3/566 2810/4/566
f 2811/1/567 2815/2/567 2816/3/567 2812/4/567
f 2815/1/568 2813/2/568 2814/3/568 2816/4/568
f 2813/1/569 2809/2/569 2810/3/569 2814/4/569
f 2811/1/5 2809/2/5 2813/3/5 2815/4/5
f 2816/1/6 2814/2/6 2810/3/6 2812/4/6
f 2817/1/566 2819/2/566 2820/3/566 2818/4/566
f 2819/1/570 2823/2/570 2824/3/570 2820/4/570
f 2823/1/571 2821/2/571 2822/3/571 2824/4/571
f 2821/1/572 2817/2/572 2818/3/572 2822/4/572
f 2819/1/5 2817/2/5 2821/3/5 2823/4/5
f 2824/1/6 2822/2/6 2818/3/6 2820/4/6
f 2825/1/566 2827/2/566 2828/3/566 2826/4/566
f 2827/1/570 2831/2/570 2832/3/570 2828/4/570
f 2831/1/571 2829/2/571 2830/3/571 2832/4/571
f 2829/1/572 2825/2/572 2826/3/572 2830/4/572
f 2827/1/5 2825/2/5 2829/3/5 2831/4/5
f 2832/1/6 2830/2/6 2826/3/6 2828/4/6
f 2833/1/566 2835/2/566 2836/3/566 2834/4/566
f 2835/1/570 2839/2/570 2840/3/570 2836/4/570
f 2839/1/571 2837/2/571 2838/3/571 2840/4/571
f 2837/1/572 2833/2/572 2834/3/572 2838/4/572
f 2835/1/5 2833/2/5 2837/3/5 2839/4/5
f 2840/1/6 2838/2/6 2834/3/6 2836/4/6
o NurbsPath.010
v -68.581238 -0.000013 -4.696270
v -68.290085 -0.000013 -14.683870
v -66.686821 -0.000013 -22.710432
v -64.040718 -0.000013 -29.013220
v -60.597336 -0.000013 -33.814114
v -56.578541 -0.000013 -37.319561
v -52.182426 -0.000013 -39.720604
v -47.583378 -0.000013 -41.192867
v -42.932064 -0.000013 -41.896572
v -38.355412 -0.000013 -41.976532
v -33.956608 -0.000013 -41.562122
v -29.815130 -0.000013 -40.767338
v -25.986713 -0.000013 -39.690735
v -22.503380 -0.000013 -38.415474
v -19.373417 -0.000013 -37.009296
v -16.581369 -0.000013 -35.524532
v -14.088607 -0.000013 -33.998356
v -11.843549 -0.000013 -32.457634
v -9.796943 -0.000013 -30.926155
v -7.904171 -0.000013 -29.425726
v -6.125234 -0.000013 -27.976179
v -4.424769 -0.000013 -26.595345
v -2.772033 -0.000013 -25.299076
v -1.140919 -0.000013 -24.101242
v 0.490066 -0.000013 -23.013723
v 2.137769 -0.000013 -22.046415
v 3.814422 -0.000013 -21.207233
v 5.527627 -0.000013 -20.502100
v 7.280362 -0.000013 -19.934965
v 9.070965 -0.000013 -19.507769
v 10.893160 -0.000013 -19.220493
v 12.736077 -0.000013 -19.071133
v 14.586059 -0.000013 -19.056026
v 16.430538 -0.000013 -19.170605
v 18.259029 -0.000013 -19.409552
v 20.063131 -0.000013 -19.766802
v 21.836477 -0.000013 -20.235546
v 23.574804 -0.000013 -20.808245
v 25.275894 -0.000013 -21.476603
v 26.939604 -0.000013 -22.231575
v 28.567867 -0.000013 -23.063391
v 30.164679 -0.000013 -23.961521
v 31.736101 -0.000013 -24.914694
v 33.290279 -0.000013 -25.910902
v 34.837406 -0.000013 -26.937391
v 36.389763 -0.000013 -27.980658
v 37.961666 -0.000013 -29.026461
v 39.568733 -0.000013 -30.060108
v 41.225101 -0.000013 -31.067396
v 42.942474 -0.000013 -32.034973
v 44.730145 -0.000013 -32.950336
v 46.594902 -0.000013 -33.801861
v 48.541149 -0.000013 -34.578754
v 50.570759 -0.000013 -35.271069
v 52.683243 -0.000013 -35.869743
v 54.875587 -0.000013 -36.366539
v 57.142384 -0.000013 -36.754101
v 59.475735 -0.000013 -37.025906
v 61.865326 -0.000013 -37.176304
v 64.298355 -0.000013 -37.200470
v 66.759621 -0.000013 -37.094467
v 69.231422 -0.000013 -36.855194
v 71.694046 -0.000013 -36.480385
v 74.128082 -0.000013 -35.968506
v 76.515480 -0.000013 -35.318657
v 78.839767 -0.000013 -34.530617
v 81.085976 -0.000013 -33.604809
v 83.240669 -0.000013 -32.542332
v 85.291901 -0.000013 -31.344904
v 87.229256 -0.000013 -30.014927
v 89.043839 -0.000013 -28.555464
v 90.728226 -0.000013 -26.970217
v 92.276604 -0.000013 -25.263544
v 93.684555 -0.000013 -23.440462
v 94.949295 -0.000013 -21.506660
v 96.069435 -0.000013 -19.468473
v 97.045258 -0.000013 -17.332876
v 97.878304 -0.000013 -15.107501
v 98.570801 -0.000013 -12.800536
v 99.124855 -0.000013 -10.420625
v 99.542488 -0.000013 -7.976834
v 99.825546 -0.000013 -5.478721
v 99.975769 -0.000013 -2.936292
v 99.994751 -0.000013 -0.360000
v 99.883980 -0.000013 2.239224
v 99.644791 -0.000013 4.850051
v 99.278404 -0.000013 7.460641
v 98.785942 -0.000013 10.058717
v 98.168297 -0.000013 12.631532
v 97.426353 -0.000013 15.165936
v 96.560768 -0.000013 17.648270
v 95.572182 -0.000013 20.064440
v 94.460999 -0.000013 22.399933
v 93.228058 -0.000013 24.640627
v 91.875084 -0.000013 26.773619
v 90.404747 -0.000013 28.787382
v 88.820702 -0.000013 30.671778
v 87.127548 -0.000013 32.418011
v 85.330841 -0.000013 34.018700
v 83.437096 -0.000013 35.467777
v 81.453796 -0.000013 36.760597
v 79.389412 -0.000013 37.893829
v 77.253311 -0.000013 38.865578
v 75.055878 -0.000013 39.675255
v 72.808426 -0.000013 40.323689
v 70.523270 -0.000013 40.813038
v 68.213608 -0.000013 41.146862
v 65.893661 -0.000013 41.330078
v 63.577682 -0.000013 41.368710
v 61.278584 -0.000013 41.269474
v 59.007553 -0.000013 41.039684
v 56.774120 -0.000013 40.687271
v 54.586159 -0.000013 40.220764
v 52.449837 -0.000013 39.649292
v 50.369652 -0.000013 38.982586
v 48.348404 -0.000013 38.230976
v 46.387241 -0.000013 37.405411
v 44.485622 -0.000013 36.517429
v 42.641342 -0.000013 35.579185
v 40.850468 -0.000013 34.603409
v 39.107445 -0.000013 33.603462
v 37.405010 -0.000013 32.593307
v 35.734238 -0.000013 31.587484
v 34.085178 -0.000013 30.600790
v 32.448582 -0.000013 29.647263
v 30.816370 -0.000013 28.739868
v 29.181715 -0.000013 27.890545
v 27.539011 -0.000013 27.110180
v 25.883863 -0.000013 26.408611
v 24.213076 -0.000013 25.794611
v 22.524694 -0.000013 25.275913
v 20.817963 -0.000013 24.859196
v 19.093357 -0.000013 24.550095
v 17.352581 -0.000013 24.353182
v 15.598487 -0.000013 24.271978
v 13.835218 -0.000013 24.308973
v 12.068107 -0.000013 24.465582
v 10.303704 -0.000013 24.742182
v 8.549120 -0.000013 25.137974
v 6.809297 -0.000013 25.650486
v 5.085789 -0.000013 26.275328
v 3.376749 -0.000013 27.006187
v 1.676830 -0.000013 27.834879
v -0.022665 -0.000013 28.751272
v -1.733876 -0.000013 29.743330
v -3.472378 -0.000013 30.797096
v -5.257164 -0.000013 31.896721
v -7.110648 -0.000013 33.024418
v -9.058674 -0.000013 34.160496
v -11.130509 -0.000013 35.283363
v -13.358811 -0.000013 36.369488
v -15.779761 -0.000013 37.393475
v -18.432865 -0.000013 38.327961
v -21.359068 -0.000013 39.143318
v -24.587368 -0.000013 39.805027
v -28.125826 -0.000013 40.271999
v -31.961092 -0.000013 40.496449
v -36.058407 -0.000013 40.423931
v -40.361553 -0.000013 39.993286
v -44.793091 -0.000013 39.136703
v -49.254005 -0.000013 37.779682
v -53.623913 -0.000013 35.841022
v -57.761047 -0.000013 33.232872
v -61.502239 -0.000013 29.860689
v -64.662880 -0.000013 25.623230
v -67.037010 -0.000013 20.412600
v -68.397232 -0.000013 14.114204
v -68.494743 -0.000013 6.606890
l 2841 2842
l 2842 2843
l 2843 2844
l 2844 2845
l 2845 2846
l 2846 2847
l 2847 2848
l 2848 2849
l 2849 2850
l 2850 2851
l 2851 2852
l 2852 2853
l 2853 2854
l 2854 2855
l 2855 2856
l 2856 2857
l 2857 2858
l 2858 2859
l 2859 2860
l 2860 2861
l 2861 2862
l 2862 2863
l 2863 2864
l 2864 2865
l 2865 2866
l 2866 2867
l 2867 2868
l 2868 2869
l 2869 2870
l 2870 2871
l 2871 2872
l 2872 2873
l 2873 2874
l 2874 2875
l 2875 2876
l 2876 2877
l 2877 2878
l 2878 2879
l 2879 2880
l 2880 2881
l 2881 2882
l 2882 2883
l 2883 2884
l 2884 2885
l 2885 2886
l 2886 2887
l 2887 2888
l 2888 2889
l 2889 2890
l 2890 2891
l 2891 2892
l 2892 2893
l 2893 2894
l 2894 2895
l 2895 2896
l 2896 2897
l 2897 2898
l 2898 2899
l 2899 2900
l 2900 2901
l 2901 2902
l 2902 2903
l 2903 2904
l 2904 2905
l 2905 2906
l 2906 2907
l 2907 2908
l 2908 2909
l 2909 2910
l 2910 2911
l 2911 2912
l 2912 2913
l 2913 2914
l 2914 2915
l 2915 2916
l 2916 2917
l 2917 2918
l 2918 2919
l 2919 2920
l 2920 2921
l 2921 2922
l 2922 2923
l 2923 2924
l 2924 2925
l 2925 2926
l 2926 2927
l 2927 2928
l 2928 2929
l 2929 2930
l 2930 2931
l 2931 2932
l 2932 2933
l 2933 2934
l 2934 2935
l 2935 2936
l 2936 2937
l 2937 2938
l 2938 2939
l 2939 2940
l 2940 2941
l 2941 2942
l 2942 2943
l 2943 2944
l 2944 2945
l 2945 2946
l 2946 2947
l 2947 2948
l 2948 2949
l 2949 2950
l 2950 2951
l 2951 2952
l 2952 2953
l 2953 2954
l 2954 2955
l 2955 2956
l 2956 2957
l 2957 2958
l 2958 2959
l 2959 2960
l 2960 2961
l 2961 2962
l 2962 2963
l 2963 2964
l 2964 2965
l 2965 2966
l 2966 2967
l 2967 2968
l 2968 2969
l 2969 2970
l 2970 2971
l 2971 2972
l 2972 2973
l 2973 2974
l 2974 2975
l 2975 2976
l 2976 2977
l 2977 2978
l 2978 2979
l 2979 2980
l 2980 2981
l 2981 2982
l 2982 2983
l 2983 2984
l 2984 2985
l 2985 2986
l 2986 2987
l 2987 2988
l 2988 2989
l 2989 2990
l 2990 2991
l 2991 2992
l 2992 2993
l 2993 2994
l 2994 2995
l 2995 2996
l 2996 2997
l 2997 2998
l 2998 2999
l 2999 3000
l 3000 3001
l 3001 3002
l 3002 3003
l 3003 3004
l 3004 3005
l 3005 3006
l 3006 3007
l 3007 3008
